ISO-10303-21;
HEADER;
/* Generated by software containing ST-Developer
 * from STEP Tools, Inc. (www.steptools.com) 
 */
/* OPTION: strings as raw bytes, not using required /X/ escapes */

FILE_DESCRIPTION(
/* description */ ('Charge module TP4056 Type-C'),
/* implementation_level */ '2;1');

FILE_NAME(
/* name */ 'PCB TP_4056',
/* time_stamp */ '2024-12-30T13:33:34+03:00',
/* author */ ('Carapovich'),
/* organization */ (''),
/* preprocessor_version */ 'ST-DEVELOPER v19.4',
/* originating_system */ 'Solid Edge',
/* authorisation */ 'Unknown');

FILE_SCHEMA (('AUTOMOTIVE_DESIGN {1 0 10303 214 3 1 1}'));
ENDSEC;

DATA;
#10=PROPERTY_DEFINITION_REPRESENTATION(#14,#12);
#11=PROPERTY_DEFINITION_REPRESENTATION(#15,#13);
#12=REPRESENTATION('',(#16),#17012);
#13=REPRESENTATION('',(#17),#17012);
#14=PROPERTY_DEFINITION('pmi validation property','',#17017);
#15=PROPERTY_DEFINITION('pmi validation property','',#17017);
#16=VALUE_REPRESENTATION_ITEM('number of annotations',COUNT_MEASURE(0.));
#17=VALUE_REPRESENTATION_ITEM('number of views',COUNT_MEASURE(0.));
#18=SHAPE_REPRESENTATION_RELATIONSHIP('','',#10734,#19);
#19=ADVANCED_BREP_SHAPE_REPRESENTATION('',(#10732),#17012);
#20=SURFACE_STYLE_RENDERING_WITH_PROPERTIES(.CONSTANT_SHADING.,#10315,(#30));
#21=SURFACE_STYLE_RENDERING_WITH_PROPERTIES(.CONSTANT_SHADING.,#10315,(#31));
#22=SURFACE_STYLE_RENDERING_WITH_PROPERTIES(.CONSTANT_SHADING.,#10315,(#32));
#23=SURFACE_STYLE_RENDERING_WITH_PROPERTIES(.CONSTANT_SHADING.,#10315,(#33));
#24=SURFACE_STYLE_RENDERING_WITH_PROPERTIES(.CONSTANT_SHADING.,#10315,(#34));
#25=SURFACE_STYLE_RENDERING_WITH_PROPERTIES(.CONSTANT_SHADING.,#10316,(#35));
#26=SURFACE_STYLE_RENDERING_WITH_PROPERTIES(.CONSTANT_SHADING.,#10316,(#36));
#27=SURFACE_STYLE_RENDERING_WITH_PROPERTIES(.CONSTANT_SHADING.,#10316,(#37));
#28=SURFACE_STYLE_RENDERING_WITH_PROPERTIES(.CONSTANT_SHADING.,#10316,(#38));
#29=SURFACE_STYLE_RENDERING_WITH_PROPERTIES(.CONSTANT_SHADING.,#10316,(#39));
#30=SURFACE_STYLE_TRANSPARENT(0.5);
#31=SURFACE_STYLE_TRANSPARENT(0.5);
#32=SURFACE_STYLE_TRANSPARENT(0.5);
#33=SURFACE_STYLE_TRANSPARENT(0.5);
#34=SURFACE_STYLE_TRANSPARENT(0.5);
#35=SURFACE_STYLE_TRANSPARENT(0.5);
#36=SURFACE_STYLE_TRANSPARENT(0.5);
#37=SURFACE_STYLE_TRANSPARENT(0.5);
#38=SURFACE_STYLE_TRANSPARENT(0.5);
#39=SURFACE_STYLE_TRANSPARENT(0.5);
#40=B_SPLINE_SURFACE_WITH_KNOTS('',3,1,((#15679,#15680),(#15681,#15682),
(#15683,#15684),(#15685,#15686)),.SURF_OF_LINEAR_EXTRUSION.,.F.,.F.,.F.,
(4,4),(2,2),(0.89502134640039,1.),(0.,1.),.PIECEWISE_BEZIER_KNOTS.);
#41=B_SPLINE_SURFACE_WITH_KNOTS('',3,1,((#15689,#15690),(#15691,#15692),
(#15693,#15694),(#15695,#15696),(#15697,#15698),(#15699,#15700),(#15701,
#15702)),.SURF_OF_LINEAR_EXTRUSION.,.F.,.F.,.F.,(4,1,1,1,4),(2,2),(0.,0.0659928689188901,
0.13198573783778,0.19797860675667,0.26397147567556),(0.,1.),
 .UNSPECIFIED.);
#42=B_SPLINE_SURFACE_WITH_KNOTS('',3,1,((#15706,#15707),(#15708,#15709),
(#15710,#15711),(#15712,#15713),(#15714,#15715),(#15716,#15717),(#15718,
#15719),(#15720,#15721),(#15722,#15723)),.SURF_OF_LINEAR_EXTRUSION.,.F.,
 .F.,.F.,(4,1,1,1,1,1,4),(2,2),(0.574259621919985,0.654043916723013,0.693936064124526,
0.73382821152604,0.773720358927554,0.813612506329067,0.893396801132095),
(0.,1.),.UNSPECIFIED.);
#43=B_SPLINE_SURFACE_WITH_KNOTS('',3,1,((#15735,#15736),(#15737,#15738),
(#15739,#15740),(#15741,#15742),(#15743,#15744)),
 .SURF_OF_LINEAR_EXTRUSION.,.F.,.F.,.F.,(4,1,4),(2,2),(0.,0.183901005077785,
0.367802010155569),(0.,1.),.UNSPECIFIED.);
#44=B_SPLINE_SURFACE_WITH_KNOTS('',3,1,((#15763,#15764),(#15765,#15766),
(#15767,#15768),(#15769,#15770)),.SURF_OF_LINEAR_EXTRUSION.,.F.,.F.,.F.,
(4,4),(2,2),(0.613612084644068,1.),(0.,1.),.PIECEWISE_BEZIER_KNOTS.);
#45=B_SPLINE_SURFACE_WITH_KNOTS('',3,1,((#15795,#15796),(#15797,#15798),
(#15799,#15800),(#15801,#15802),(#15803,#15804),(#15805,#15806)),
 .SURF_OF_LINEAR_EXTRUSION.,.F.,.F.,.F.,(4,1,1,4),(2,2),(0.,0.184640082337568,
0.276960123506352,0.369280164675135),(0.,1.),.UNSPECIFIED.);
#46=B_SPLINE_SURFACE_WITH_KNOTS('',3,1,((#15824,#15825),(#15826,#15827),
(#15828,#15829),(#15830,#15831),(#15832,#15833)),
 .SURF_OF_LINEAR_EXTRUSION.,.F.,.F.,.F.,(4,1,4),(2,2),(0.633548540281899,
0.816774270140949,1.),(0.,1.),.UNSPECIFIED.);
#47=B_SPLINE_SURFACE_WITH_KNOTS('',3,1,((#15982,#15983),(#15984,#15985),
(#15986,#15987),(#15988,#15989)),.SURF_OF_LINEAR_EXTRUSION.,.F.,.F.,.F.,
(4,4),(2,2),(0.89502134640039,1.),(0.,1.),.PIECEWISE_BEZIER_KNOTS.);
#48=B_SPLINE_SURFACE_WITH_KNOTS('',3,1,((#15992,#15993),(#15994,#15995),
(#15996,#15997),(#15998,#15999),(#16000,#16001),(#16002,#16003),(#16004,
#16005)),.SURF_OF_LINEAR_EXTRUSION.,.F.,.F.,.F.,(4,1,1,1,4),(2,2),(0.,0.0659928689188901,
0.13198573783778,0.19797860675667,0.26397147567556),(0.,1.),
 .UNSPECIFIED.);
#49=B_SPLINE_SURFACE_WITH_KNOTS('',3,1,((#16009,#16010),(#16011,#16012),
(#16013,#16014),(#16015,#16016),(#16017,#16018),(#16019,#16020),(#16021,
#16022),(#16023,#16024),(#16025,#16026)),.SURF_OF_LINEAR_EXTRUSION.,.F.,
 .F.,.F.,(4,1,1,1,1,1,4),(2,2),(0.574259621919985,0.654043916723013,0.693936064124526,
0.73382821152604,0.773720358927554,0.813612506329067,0.893396801132095),
(0.,1.),.UNSPECIFIED.);
#50=B_SPLINE_SURFACE_WITH_KNOTS('',3,1,((#16038,#16039),(#16040,#16041),
(#16042,#16043),(#16044,#16045),(#16046,#16047)),
 .SURF_OF_LINEAR_EXTRUSION.,.F.,.F.,.F.,(4,1,4),(2,2),(0.,0.183901005077785,
0.36780201015557),(0.,1.),.UNSPECIFIED.);
#51=B_SPLINE_SURFACE_WITH_KNOTS('',3,1,((#16066,#16067),(#16068,#16069),
(#16070,#16071),(#16072,#16073)),.SURF_OF_LINEAR_EXTRUSION.,.F.,.F.,.F.,
(4,4),(2,2),(0.613612084644068,1.),(0.,1.),.PIECEWISE_BEZIER_KNOTS.);
#52=B_SPLINE_SURFACE_WITH_KNOTS('',3,1,((#16098,#16099),(#16100,#16101),
(#16102,#16103),(#16104,#16105),(#16106,#16107),(#16108,#16109)),
 .SURF_OF_LINEAR_EXTRUSION.,.F.,.F.,.F.,(4,1,1,4),(2,2),(0.,0.184640082337568,
0.276960123506351,0.369280164675135),(0.,1.),.UNSPECIFIED.);
#53=B_SPLINE_SURFACE_WITH_KNOTS('',3,1,((#16127,#16128),(#16129,#16130),
(#16131,#16132),(#16133,#16134),(#16135,#16136)),
 .SURF_OF_LINEAR_EXTRUSION.,.F.,.F.,.F.,(4,1,4),(2,2),(0.633548540281899,
0.816774270140949,1.),(0.,1.),.UNSPECIFIED.);
#54=B_SPLINE_SURFACE_WITH_KNOTS('',3,1,((#16250,#16251),(#16252,#16253),
(#16254,#16255),(#16256,#16257),(#16258,#16259),(#16260,#16261),(#16262,
#16263),(#16264,#16265)),.SURF_OF_LINEAR_EXTRUSION.,.F.,.F.,.F.,(4,1,1,
1,1,4),(2,2),(0.74311916588091,0.807339374410682,0.871559582940455,0.935779791470227,
0.967889895735114,1.),(0.,1.),.UNSPECIFIED.);
#55=B_SPLINE_SURFACE_WITH_KNOTS('',3,1,((#16268,#16269),(#16270,#16271),
(#16272,#16273),(#16274,#16275),(#16276,#16277),(#16278,#16279),(#16280,
#16281),(#16282,#16283)),.SURF_OF_LINEAR_EXTRUSION.,.F.,.F.,.F.,(4,1,1,
1,1,4),(2,2),(0.,0.0641476391076167,0.0962214586614251,0.128295278215233,
0.19244291732285,0.256590556430467),(0.,1.),.UNSPECIFIED.);
#56=B_SPLINE_SURFACE_WITH_KNOTS('',3,1,((#16287,#16288),(#16289,#16290),
(#16291,#16292),(#16293,#16294),(#16295,#16296),(#16297,#16298),(#16299,
#16300),(#16301,#16302),(#16303,#16304),(#16305,#16306),(#16307,#16308)),
 .SURF_OF_LINEAR_EXTRUSION.,.F.,.F.,.F.,(4,1,1,1,1,1,1,1,4),(2,2),(0.283923389953966,
0.337906257754397,0.391889125554827,0.445871993355258,0.499854861155688,
0.553837728956119,0.60782059675655,0.66180346455698,0.715786332357411),
(0.,1.),.UNSPECIFIED.);
#57=B_SPLINE_SURFACE_WITH_KNOTS('',3,1,((#16570,#16571),(#16572,#16573),
(#16574,#16575),(#16576,#16577),(#16578,#16579),(#16580,#16581),(#16582,
#16583),(#16584,#16585)),.SURF_OF_LINEAR_EXTRUSION.,.F.,.F.,.F.,(4,1,1,
1,1,4),(2,2),(0.,0.0641476391076167,0.096221458661425,0.128295278215233,
0.19244291732285,0.256590556430467),(0.,1.),.UNSPECIFIED.);
#58=B_SPLINE_SURFACE_WITH_KNOTS('',3,1,((#16590,#16591),(#16592,#16593),
(#16594,#16595),(#16596,#16597),(#16598,#16599),(#16600,#16601),(#16602,
#16603),(#16604,#16605),(#16606,#16607),(#16608,#16609),(#16610,#16611)),
 .SURF_OF_LINEAR_EXTRUSION.,.F.,.F.,.F.,(4,1,1,1,1,1,1,1,4),(2,2),(0.283923389953966,
0.337906257754396,0.391889125554827,0.445871993355257,0.499854861155688,
0.553837728956119,0.607820596756549,0.66180346455698,0.71578633235741),
(0.,1.),.UNSPECIFIED.);
#59=B_SPLINE_SURFACE_WITH_KNOTS('',3,1,((#16615,#16616),(#16617,#16618),
(#16619,#16620),(#16621,#16622),(#16623,#16624),(#16625,#16626),(#16627,
#16628),(#16629,#16630)),.SURF_OF_LINEAR_EXTRUSION.,.F.,.F.,.F.,(4,1,1,
1,1,4),(2,2),(0.743119165880909,0.807339374410682,0.871559582940455,0.935779791470227,
0.967889895735114,1.),(0.,1.),.UNSPECIFIED.);
#60=B_SPLINE_SURFACE_WITH_KNOTS('',3,1,((#16710,#16711),(#16712,#16713),
(#16714,#16715),(#16716,#16717),(#16718,#16719),(#16720,#16721),(#16722,
#16723),(#16724,#16725),(#16726,#16727),(#16728,#16729),(#16730,#16731),
(#16732,#16733),(#16734,#16735),(#16736,#16737),(#16738,#16739)),
 .SURF_OF_LINEAR_EXTRUSION.,.T.,.F.,.F.,(1,1,1,1,1,1,1,1,1,1,1,1,1,1,1,
1,1,1,1),(2,2),(-0.180520062404903,-0.119828512229123,-0.0587527724217514,
0.,0.097589339928605,0.19517867985721,0.262904100259242,0.320948360215636,
0.491495052863788,0.557600456425879,0.656891571955561,0.756182687485244,
0.819479937595097,0.880171487770877,0.941247227578249,1.,1.0975893399286,
1.19517867985721,1.26290410025924),(0.,1.),.UNSPECIFIED.);
#61=B_SPLINE_SURFACE_WITH_KNOTS('',3,1,((#16740,#16741),(#16742,#16743),
(#16744,#16745),(#16746,#16747),(#16748,#16749),(#16750,#16751),(#16752,
#16753),(#16754,#16755),(#16756,#16757),(#16758,#16759),(#16760,#16761),
(#16762,#16763),(#16764,#16765),(#16766,#16767)),
 .SURF_OF_LINEAR_EXTRUSION.,.T.,.F.,.F.,(1,1,1,1,1,1,1,1,1,1,1,1,1,1,1,
1,1,1),(2,2),(-0.371496215874183,-0.260877752120026,-0.150259288365869,
0.,0.0662181182067925,0.132436236413585,0.190621277712726,0.301139155338374,
0.35842234109453,0.420434657427826,0.524469220776821,0.628503784125817,
0.739122247879974,0.849740711634131,1.,1.06621811820679,1.13243623641358,
1.19062127771273),(0.,1.),.UNSPECIFIED.);
#62=B_SPLINE_SURFACE_WITH_KNOTS('',3,1,((#16882,#16883),(#16884,#16885),
(#16886,#16887),(#16888,#16889),(#16890,#16891),(#16892,#16893),(#16894,
#16895),(#16896,#16897),(#16898,#16899),(#16900,#16901),(#16902,#16903),
(#16904,#16905),(#16906,#16907),(#16908,#16909),(#16910,#16911)),
 .SURF_OF_LINEAR_EXTRUSION.,.T.,.F.,.F.,(1,1,1,1,1,1,1,1,1,1,1,1,1,1,1,
1,1,1,1),(2,2),(-0.180520062404903,-0.119828512229122,-0.0587527724217513,
0.,0.0975893399286051,0.19517867985721,0.262904100259242,0.320948360215636,
0.491495052863789,0.557600456425878,0.656891571955561,0.756182687485244,
0.819479937595097,0.880171487770878,0.941247227578249,1.,1.0975893399286,
1.19517867985721,1.26290410025924),(0.,1.),.UNSPECIFIED.);
#63=B_SPLINE_SURFACE_WITH_KNOTS('',3,1,((#16912,#16913),(#16914,#16915),
(#16916,#16917),(#16918,#16919),(#16920,#16921),(#16922,#16923),(#16924,
#16925),(#16926,#16927),(#16928,#16929),(#16930,#16931),(#16932,#16933),
(#16934,#16935),(#16936,#16937),(#16938,#16939)),
 .SURF_OF_LINEAR_EXTRUSION.,.T.,.F.,.F.,(1,1,1,1,1,1,1,1,1,1,1,1,1,1,1,
1,1,1),(2,2),(-0.371496215874183,-0.260877752120026,-0.150259288365869,
0.,0.0662181182067925,0.132436236413585,0.190621277712726,0.301139155338374,
0.35842234109453,0.420434657427826,0.524469220776821,0.628503784125817,
0.739122247879974,0.849740711634131,1.,1.06621811820679,1.13243623641359,
1.19062127771273),(0.,1.),.UNSPECIFIED.);
#64=DRAUGHTING_PRE_DEFINED_COLOUR('white');
#65=ELLIPSE('',#11095,1.83847763108502,1.3);
#66=ELLIPSE('',#11100,1.83847763108502,1.3);
#67=CYLINDRICAL_SURFACE('',#10755,0.3);
#68=CYLINDRICAL_SURFACE('',#10759,0.45);
#69=CYLINDRICAL_SURFACE('',#10762,0.6);
#70=CYLINDRICAL_SURFACE('',#10766,0.15);
#71=CYLINDRICAL_SURFACE('',#10769,0.3);
#72=CYLINDRICAL_SURFACE('',#10773,0.45);
#73=CYLINDRICAL_SURFACE('',#10776,0.6);
#74=CYLINDRICAL_SURFACE('',#10780,0.15);
#75=CYLINDRICAL_SURFACE('',#10783,0.3);
#76=CYLINDRICAL_SURFACE('',#10787,0.45);
#77=CYLINDRICAL_SURFACE('',#10790,0.6);
#78=CYLINDRICAL_SURFACE('',#10794,0.15);
#79=CYLINDRICAL_SURFACE('',#10798,0.3);
#80=CYLINDRICAL_SURFACE('',#10802,0.45);
#81=CYLINDRICAL_SURFACE('',#10805,0.6);
#82=CYLINDRICAL_SURFACE('',#10809,0.15);
#83=CYLINDRICAL_SURFACE('',#10816,0.3);
#84=CYLINDRICAL_SURFACE('',#10820,0.45);
#85=CYLINDRICAL_SURFACE('',#10823,0.6);
#86=CYLINDRICAL_SURFACE('',#10827,0.15);
#87=CYLINDRICAL_SURFACE('',#10833,0.3);
#88=CYLINDRICAL_SURFACE('',#10837,0.45);
#89=CYLINDRICAL_SURFACE('',#10840,0.6);
#90=CYLINDRICAL_SURFACE('',#10844,0.15);
#91=CYLINDRICAL_SURFACE('',#10847,0.3);
#92=CYLINDRICAL_SURFACE('',#10851,0.45);
#93=CYLINDRICAL_SURFACE('',#10854,0.6);
#94=CYLINDRICAL_SURFACE('',#10858,0.15);
#95=CYLINDRICAL_SURFACE('',#10861,0.3);
#96=CYLINDRICAL_SURFACE('',#10865,0.45);
#97=CYLINDRICAL_SURFACE('',#10868,0.6);
#98=CYLINDRICAL_SURFACE('',#10872,0.15);
#99=CYLINDRICAL_SURFACE('',#10875,0.3);
#100=CYLINDRICAL_SURFACE('',#10879,0.45);
#101=CYLINDRICAL_SURFACE('',#10882,0.6);
#102=CYLINDRICAL_SURFACE('',#10886,0.15);
#103=CYLINDRICAL_SURFACE('',#10890,0.3);
#104=CYLINDRICAL_SURFACE('',#10894,0.45);
#105=CYLINDRICAL_SURFACE('',#10897,0.6);
#106=CYLINDRICAL_SURFACE('',#10901,0.15);
#107=CYLINDRICAL_SURFACE('',#10908,0.3);
#108=CYLINDRICAL_SURFACE('',#10912,0.45);
#109=CYLINDRICAL_SURFACE('',#10915,0.6);
#110=CYLINDRICAL_SURFACE('',#10919,0.15);
#111=CYLINDRICAL_SURFACE('',#10926,0.3);
#112=CYLINDRICAL_SURFACE('',#10930,0.45);
#113=CYLINDRICAL_SURFACE('',#10933,0.6);
#114=CYLINDRICAL_SURFACE('',#10937,0.15);
#115=CYLINDRICAL_SURFACE('',#10943,0.3);
#116=CYLINDRICAL_SURFACE('',#10947,0.45);
#117=CYLINDRICAL_SURFACE('',#10950,0.65);
#118=CYLINDRICAL_SURFACE('',#10954,0.0999999999999999);
#119=CYLINDRICAL_SURFACE('',#10957,0.3);
#120=CYLINDRICAL_SURFACE('',#10961,0.45);
#121=CYLINDRICAL_SURFACE('',#10964,0.65);
#122=CYLINDRICAL_SURFACE('',#10968,0.0999999999999999);
#123=CYLINDRICAL_SURFACE('',#10971,0.3);
#124=CYLINDRICAL_SURFACE('',#10975,0.45);
#125=CYLINDRICAL_SURFACE('',#10978,0.65);
#126=CYLINDRICAL_SURFACE('',#10982,0.0999999999999999);
#127=CYLINDRICAL_SURFACE('',#10985,0.3);
#128=CYLINDRICAL_SURFACE('',#10989,0.45);
#129=CYLINDRICAL_SURFACE('',#10992,0.65);
#130=CYLINDRICAL_SURFACE('',#10996,0.0999999999999999);
#131=CYLINDRICAL_SURFACE('',#11000,0.3);
#132=CYLINDRICAL_SURFACE('',#11004,0.45);
#133=CYLINDRICAL_SURFACE('',#11007,0.65);
#134=CYLINDRICAL_SURFACE('',#11011,0.0999999999999999);
#135=CYLINDRICAL_SURFACE('',#11018,0.3);
#136=CYLINDRICAL_SURFACE('',#11022,0.45);
#137=CYLINDRICAL_SURFACE('',#11025,0.65);
#138=CYLINDRICAL_SURFACE('',#11029,0.0999999999999999);
#139=CYLINDRICAL_SURFACE('',#11036,0.3);
#140=CYLINDRICAL_SURFACE('',#11040,0.45);
#141=CYLINDRICAL_SURFACE('',#11043,0.65);
#142=CYLINDRICAL_SURFACE('',#11047,0.0999999999999999);
#143=CYLINDRICAL_SURFACE('',#11089,1.3);
#144=CYLINDRICAL_SURFACE('',#11092,1.3);
#145=CYLINDRICAL_SURFACE('',#11094,1.3);
#146=CYLINDRICAL_SURFACE('',#11099,1.3);
#147=CYLINDRICAL_SURFACE('',#11107,0.65);
#148=CYLINDRICAL_SURFACE('',#11114,0.65);
#149=CYLINDRICAL_SURFACE('',#11121,0.65);
#150=CYLINDRICAL_SURFACE('',#11128,0.65);
#151=CYLINDRICAL_SURFACE('',#11137,0.65);
#152=CYLINDRICAL_SURFACE('',#11139,1.3);
#153=CYLINDRICAL_SURFACE('',#11142,1.3);
#154=CYLINDRICAL_SURFACE('',#11147,0.65);
#155=CYLINDRICAL_SURFACE('',#11153,1.7);
#156=CYLINDRICAL_SURFACE('',#11156,1.69999999999998);
#157=CYLINDRICAL_SURFACE('',#11184,0.3);
#158=CYLINDRICAL_SURFACE('',#11188,0.45);
#159=CYLINDRICAL_SURFACE('',#11191,0.65);
#160=CYLINDRICAL_SURFACE('',#11195,0.0999999999999999);
#161=CYLINDRICAL_SURFACE('',#11202,0.3);
#162=CYLINDRICAL_SURFACE('',#11206,0.45);
#163=CYLINDRICAL_SURFACE('',#11209,0.6);
#164=CYLINDRICAL_SURFACE('',#11213,0.15);
#165=CYLINDRICAL_SURFACE('',#11220,0.3);
#166=CYLINDRICAL_SURFACE('',#11224,0.45);
#167=CYLINDRICAL_SURFACE('',#11227,0.6);
#168=CYLINDRICAL_SURFACE('',#11231,0.15);
#169=CYLINDRICAL_SURFACE('',#11237,1.);
#170=CYLINDRICAL_SURFACE('',#11239,1.);
#171=CYLINDRICAL_SURFACE('',#11241,1.);
#172=CYLINDRICAL_SURFACE('',#11243,1.);
#173=CIRCLE('',#10737,1.3);
#174=CIRCLE('',#10738,1.3);
#175=CIRCLE('',#10739,1.7);
#176=CIRCLE('',#10740,1.69999999999998);
#177=CIRCLE('',#10742,1.);
#178=CIRCLE('',#10743,1.);
#179=CIRCLE('',#10744,1.);
#180=CIRCLE('',#10745,1.);
#181=CIRCLE('',#10747,1.3);
#182=CIRCLE('',#10748,1.3);
#183=CIRCLE('',#10749,1.3);
#184=CIRCLE('',#10750,1.3);
#185=CIRCLE('',#10751,1.);
#186=CIRCLE('',#10752,1.);
#187=CIRCLE('',#10753,1.);
#188=CIRCLE('',#10754,1.);
#189=CIRCLE('',#10756,0.3);
#190=CIRCLE('',#10757,0.3);
#191=CIRCLE('',#10760,0.45);
#192=CIRCLE('',#10761,0.45);
#193=CIRCLE('',#10763,0.6);
#194=CIRCLE('',#10764,0.6);
#195=CIRCLE('',#10767,0.15);
#196=CIRCLE('',#10768,0.15);
#197=CIRCLE('',#10770,0.3);
#198=CIRCLE('',#10771,0.3);
#199=CIRCLE('',#10774,0.45);
#200=CIRCLE('',#10775,0.45);
#201=CIRCLE('',#10777,0.6);
#202=CIRCLE('',#10778,0.6);
#203=CIRCLE('',#10781,0.15);
#204=CIRCLE('',#10782,0.15);
#205=CIRCLE('',#10784,0.3);
#206=CIRCLE('',#10785,0.3);
#207=CIRCLE('',#10788,0.45);
#208=CIRCLE('',#10789,0.45);
#209=CIRCLE('',#10791,0.6);
#210=CIRCLE('',#10792,0.6);
#211=CIRCLE('',#10795,0.15);
#212=CIRCLE('',#10796,0.15);
#213=CIRCLE('',#10799,0.3);
#214=CIRCLE('',#10800,0.3);
#215=CIRCLE('',#10803,0.45);
#216=CIRCLE('',#10804,0.45);
#217=CIRCLE('',#10806,0.6);
#218=CIRCLE('',#10807,0.6);
#219=CIRCLE('',#10810,0.15);
#220=CIRCLE('',#10811,0.15);
#221=CIRCLE('',#10817,0.3);
#222=CIRCLE('',#10818,0.3);
#223=CIRCLE('',#10821,0.45);
#224=CIRCLE('',#10822,0.45);
#225=CIRCLE('',#10824,0.6);
#226=CIRCLE('',#10825,0.6);
#227=CIRCLE('',#10828,0.15);
#228=CIRCLE('',#10829,0.15);
#229=CIRCLE('',#10834,0.3);
#230=CIRCLE('',#10835,0.3);
#231=CIRCLE('',#10838,0.45);
#232=CIRCLE('',#10839,0.45);
#233=CIRCLE('',#10841,0.6);
#234=CIRCLE('',#10842,0.6);
#235=CIRCLE('',#10845,0.15);
#236=CIRCLE('',#10846,0.15);
#237=CIRCLE('',#10848,0.3);
#238=CIRCLE('',#10849,0.3);
#239=CIRCLE('',#10852,0.45);
#240=CIRCLE('',#10853,0.45);
#241=CIRCLE('',#10855,0.6);
#242=CIRCLE('',#10856,0.6);
#243=CIRCLE('',#10859,0.15);
#244=CIRCLE('',#10860,0.15);
#245=CIRCLE('',#10862,0.3);
#246=CIRCLE('',#10863,0.3);
#247=CIRCLE('',#10866,0.45);
#248=CIRCLE('',#10867,0.45);
#249=CIRCLE('',#10869,0.6);
#250=CIRCLE('',#10870,0.6);
#251=CIRCLE('',#10873,0.15);
#252=CIRCLE('',#10874,0.15);
#253=CIRCLE('',#10876,0.3);
#254=CIRCLE('',#10877,0.3);
#255=CIRCLE('',#10880,0.45);
#256=CIRCLE('',#10881,0.45);
#257=CIRCLE('',#10883,0.6);
#258=CIRCLE('',#10884,0.6);
#259=CIRCLE('',#10887,0.15);
#260=CIRCLE('',#10888,0.15);
#261=CIRCLE('',#10891,0.3);
#262=CIRCLE('',#10892,0.3);
#263=CIRCLE('',#10895,0.45);
#264=CIRCLE('',#10896,0.45);
#265=CIRCLE('',#10898,0.6);
#266=CIRCLE('',#10899,0.6);
#267=CIRCLE('',#10902,0.15);
#268=CIRCLE('',#10903,0.15);
#269=CIRCLE('',#10909,0.3);
#270=CIRCLE('',#10910,0.3);
#271=CIRCLE('',#10913,0.45);
#272=CIRCLE('',#10914,0.45);
#273=CIRCLE('',#10916,0.6);
#274=CIRCLE('',#10917,0.6);
#275=CIRCLE('',#10920,0.15);
#276=CIRCLE('',#10921,0.15);
#277=CIRCLE('',#10927,0.3);
#278=CIRCLE('',#10928,0.3);
#279=CIRCLE('',#10931,0.45);
#280=CIRCLE('',#10932,0.45);
#281=CIRCLE('',#10934,0.6);
#282=CIRCLE('',#10935,0.6);
#283=CIRCLE('',#10938,0.15);
#284=CIRCLE('',#10939,0.15);
#285=CIRCLE('',#10944,0.3);
#286=CIRCLE('',#10945,0.3);
#287=CIRCLE('',#10948,0.45);
#288=CIRCLE('',#10949,0.45);
#289=CIRCLE('',#10951,0.65);
#290=CIRCLE('',#10952,0.65);
#291=CIRCLE('',#10955,0.0999999999999999);
#292=CIRCLE('',#10956,0.0999999999999999);
#293=CIRCLE('',#10958,0.3);
#294=CIRCLE('',#10959,0.3);
#295=CIRCLE('',#10962,0.45);
#296=CIRCLE('',#10963,0.45);
#297=CIRCLE('',#10965,0.65);
#298=CIRCLE('',#10966,0.65);
#299=CIRCLE('',#10969,0.0999999999999999);
#300=CIRCLE('',#10970,0.0999999999999999);
#301=CIRCLE('',#10972,0.3);
#302=CIRCLE('',#10973,0.3);
#303=CIRCLE('',#10976,0.45);
#304=CIRCLE('',#10977,0.45);
#305=CIRCLE('',#10979,0.65);
#306=CIRCLE('',#10980,0.65);
#307=CIRCLE('',#10983,0.0999999999999999);
#308=CIRCLE('',#10984,0.0999999999999999);
#309=CIRCLE('',#10986,0.3);
#310=CIRCLE('',#10987,0.3);
#311=CIRCLE('',#10990,0.45);
#312=CIRCLE('',#10991,0.45);
#313=CIRCLE('',#10993,0.65);
#314=CIRCLE('',#10994,0.65);
#315=CIRCLE('',#10997,0.0999999999999999);
#316=CIRCLE('',#10998,0.0999999999999999);
#317=CIRCLE('',#11001,0.3);
#318=CIRCLE('',#11002,0.3);
#319=CIRCLE('',#11005,0.45);
#320=CIRCLE('',#11006,0.45);
#321=CIRCLE('',#11008,0.65);
#322=CIRCLE('',#11009,0.65);
#323=CIRCLE('',#11012,0.0999999999999999);
#324=CIRCLE('',#11013,0.0999999999999999);
#325=CIRCLE('',#11019,0.3);
#326=CIRCLE('',#11020,0.3);
#327=CIRCLE('',#11023,0.45);
#328=CIRCLE('',#11024,0.45);
#329=CIRCLE('',#11026,0.65);
#330=CIRCLE('',#11027,0.65);
#331=CIRCLE('',#11030,0.0999999999999999);
#332=CIRCLE('',#11031,0.0999999999999999);
#333=CIRCLE('',#11037,0.3);
#334=CIRCLE('',#11038,0.3);
#335=CIRCLE('',#11041,0.45);
#336=CIRCLE('',#11042,0.45);
#337=CIRCLE('',#11044,0.65);
#338=CIRCLE('',#11045,0.65);
#339=CIRCLE('',#11048,0.0999999999999999);
#340=CIRCLE('',#11049,0.0999999999999999);
#341=CIRCLE('',#11056,0.65);
#342=CIRCLE('',#11063,0.65);
#343=CIRCLE('',#11066,0.65);
#344=CIRCLE('',#11074,0.65);
#345=CIRCLE('',#11080,0.65);
#346=CIRCLE('',#11086,0.65);
#347=CIRCLE('',#11090,1.3);
#348=CIRCLE('',#11093,1.3);
#349=CIRCLE('',#11106,0.65);
#350=CIRCLE('',#11113,0.65);
#351=CIRCLE('',#11120,0.65);
#352=CIRCLE('',#11127,0.65);
#353=CIRCLE('',#11136,0.65);
#354=CIRCLE('',#11140,1.3);
#355=CIRCLE('',#11143,1.3);
#356=CIRCLE('',#11146,0.65);
#357=CIRCLE('',#11154,1.7);
#358=CIRCLE('',#11157,1.69999999999998);
#359=CIRCLE('',#11185,0.3);
#360=CIRCLE('',#11186,0.3);
#361=CIRCLE('',#11189,0.45);
#362=CIRCLE('',#11190,0.45);
#363=CIRCLE('',#11192,0.65);
#364=CIRCLE('',#11193,0.65);
#365=CIRCLE('',#11196,0.0999999999999999);
#366=CIRCLE('',#11197,0.0999999999999999);
#367=CIRCLE('',#11203,0.3);
#368=CIRCLE('',#11204,0.3);
#369=CIRCLE('',#11207,0.45);
#370=CIRCLE('',#11208,0.45);
#371=CIRCLE('',#11210,0.6);
#372=CIRCLE('',#11211,0.6);
#373=CIRCLE('',#11214,0.15);
#374=CIRCLE('',#11215,0.15);
#375=CIRCLE('',#11221,0.3);
#376=CIRCLE('',#11222,0.3);
#377=CIRCLE('',#11225,0.45);
#378=CIRCLE('',#11226,0.45);
#379=CIRCLE('',#11228,0.6);
#380=CIRCLE('',#11229,0.6);
#381=CIRCLE('',#11232,0.15);
#382=CIRCLE('',#11233,0.15);
#383=LINE('',#13384,#1123);
#384=LINE('',#13387,#1124);
#385=LINE('',#13389,#1125);
#386=LINE('',#13391,#1126);
#387=LINE('',#13392,#1127);
#388=LINE('',#13395,#1128);
#389=LINE('',#13397,#1129);
#390=LINE('',#13399,#1130);
#391=LINE('',#13400,#1131);
#392=LINE('',#13403,#1132);
#393=LINE('',#13405,#1133);
#394=LINE('',#13407,#1134);
#395=LINE('',#13408,#1135);
#396=LINE('',#13411,#1136);
#397=LINE('',#13413,#1137);
#398=LINE('',#13415,#1138);
#399=LINE('',#13416,#1139);
#400=LINE('',#13419,#1140);
#401=LINE('',#13421,#1141);
#402=LINE('',#13423,#1142);
#403=LINE('',#13424,#1143);
#404=LINE('',#13427,#1144);
#405=LINE('',#13429,#1145);
#406=LINE('',#13431,#1146);
#407=LINE('',#13432,#1147);
#408=LINE('',#13435,#1148);
#409=LINE('',#13437,#1149);
#410=LINE('',#13439,#1150);
#411=LINE('',#13440,#1151);
#412=LINE('',#13443,#1152);
#413=LINE('',#13445,#1153);
#414=LINE('',#13447,#1154);
#415=LINE('',#13448,#1155);
#416=LINE('',#13451,#1156);
#417=LINE('',#13453,#1157);
#418=LINE('',#13455,#1158);
#419=LINE('',#13456,#1159);
#420=LINE('',#13459,#1160);
#421=LINE('',#13461,#1161);
#422=LINE('',#13463,#1162);
#423=LINE('',#13464,#1163);
#424=LINE('',#13467,#1164);
#425=LINE('',#13469,#1165);
#426=LINE('',#13471,#1166);
#427=LINE('',#13472,#1167);
#428=LINE('',#13475,#1168);
#429=LINE('',#13477,#1169);
#430=LINE('',#13479,#1170);
#431=LINE('',#13480,#1171);
#432=LINE('',#13483,#1172);
#433=LINE('',#13485,#1173);
#434=LINE('',#13487,#1174);
#435=LINE('',#13488,#1175);
#436=LINE('',#13491,#1176);
#437=LINE('',#13493,#1177);
#438=LINE('',#13495,#1178);
#439=LINE('',#13496,#1179);
#440=LINE('',#13499,#1180);
#441=LINE('',#13501,#1181);
#442=LINE('',#13503,#1182);
#443=LINE('',#13504,#1183);
#444=LINE('',#13507,#1184);
#445=LINE('',#13509,#1185);
#446=LINE('',#13511,#1186);
#447=LINE('',#13512,#1187);
#448=LINE('',#13515,#1188);
#449=LINE('',#13517,#1189);
#450=LINE('',#13519,#1190);
#451=LINE('',#13520,#1191);
#452=LINE('',#13523,#1192);
#453=LINE('',#13525,#1193);
#454=LINE('',#13527,#1194);
#455=LINE('',#13528,#1195);
#456=LINE('',#13531,#1196);
#457=LINE('',#13533,#1197);
#458=LINE('',#13535,#1198);
#459=LINE('',#13536,#1199);
#460=LINE('',#13539,#1200);
#461=LINE('',#13541,#1201);
#462=LINE('',#13543,#1202);
#463=LINE('',#13544,#1203);
#464=LINE('',#13547,#1204);
#465=LINE('',#13549,#1205);
#466=LINE('',#13551,#1206);
#467=LINE('',#13552,#1207);
#468=LINE('',#13555,#1208);
#469=LINE('',#13557,#1209);
#470=LINE('',#13559,#1210);
#471=LINE('',#13560,#1211);
#472=LINE('',#13563,#1212);
#473=LINE('',#13565,#1213);
#474=LINE('',#13567,#1214);
#475=LINE('',#13568,#1215);
#476=LINE('',#13571,#1216);
#477=LINE('',#13573,#1217);
#478=LINE('',#13575,#1218);
#479=LINE('',#13577,#1219);
#480=LINE('',#13579,#1220);
#481=LINE('',#13581,#1221);
#482=LINE('',#13585,#1222);
#483=LINE('',#13587,#1223);
#484=LINE('',#13589,#1224);
#485=LINE('',#13593,#1225);
#486=LINE('',#13595,#1226);
#487=LINE('',#13597,#1227);
#488=LINE('',#13599,#1228);
#489=LINE('',#13601,#1229);
#490=LINE('',#13603,#1230);
#491=LINE('',#13605,#1231);
#492=LINE('',#13607,#1232);
#493=LINE('',#13609,#1233);
#494=LINE('',#13611,#1234);
#495=LINE('',#13615,#1235);
#496=LINE('',#13619,#1236);
#497=LINE('',#13621,#1237);
#498=LINE('',#13623,#1238);
#499=LINE('',#13624,#1239);
#500=LINE('',#13627,#1240);
#501=LINE('',#13629,#1241);
#502=LINE('',#13631,#1242);
#503=LINE('',#13632,#1243);
#504=LINE('',#13635,#1244);
#505=LINE('',#13637,#1245);
#506=LINE('',#13639,#1246);
#507=LINE('',#13640,#1247);
#508=LINE('',#13643,#1248);
#509=LINE('',#13645,#1249);
#510=LINE('',#13647,#1250);
#511=LINE('',#13648,#1251);
#512=LINE('',#13651,#1252);
#513=LINE('',#13653,#1253);
#514=LINE('',#13655,#1254);
#515=LINE('',#13656,#1255);
#516=LINE('',#13659,#1256);
#517=LINE('',#13661,#1257);
#518=LINE('',#13663,#1258);
#519=LINE('',#13664,#1259);
#520=LINE('',#13667,#1260);
#521=LINE('',#13669,#1261);
#522=LINE('',#13671,#1262);
#523=LINE('',#13672,#1263);
#524=LINE('',#13675,#1264);
#525=LINE('',#13677,#1265);
#526=LINE('',#13679,#1266);
#527=LINE('',#14070,#1267);
#528=LINE('',#14073,#1268);
#529=LINE('',#14075,#1269);
#530=LINE('',#14077,#1270);
#531=LINE('',#14078,#1271);
#532=LINE('',#14081,#1272);
#533=LINE('',#14083,#1273);
#534=LINE('',#14085,#1274);
#535=LINE('',#14087,#1275);
#536=LINE('',#14092,#1276);
#537=LINE('',#14096,#1277);
#538=LINE('',#14100,#1278);
#539=LINE('',#14103,#1279);
#540=LINE('',#14106,#1280);
#541=LINE('',#14108,#1281);
#542=LINE('',#14110,#1282);
#543=LINE('',#14112,#1283);
#544=LINE('',#14117,#1284);
#545=LINE('',#14121,#1285);
#546=LINE('',#14125,#1286);
#547=LINE('',#14131,#1287);
#548=LINE('',#14135,#1288);
#549=LINE('',#14139,#1289);
#550=LINE('',#14143,#1290);
#551=LINE('',#14148,#1291);
#552=LINE('',#14152,#1292);
#553=LINE('',#14154,#1293);
#554=LINE('',#14156,#1294);
#555=LINE('',#14158,#1295);
#556=LINE('',#14165,#1296);
#557=LINE('',#14169,#1297);
#558=LINE('',#14171,#1298);
#559=LINE('',#14173,#1299);
#560=LINE('',#14177,#1300);
#561=LINE('',#14184,#1301);
#562=LINE('',#14188,#1302);
#563=LINE('',#14190,#1303);
#564=LINE('',#14192,#1304);
#565=LINE('',#14194,#1305);
#566=LINE('',#14201,#1306);
#567=LINE('',#14205,#1307);
#568=LINE('',#14207,#1308);
#569=LINE('',#14209,#1309);
#570=LINE('',#14213,#1310);
#571=LINE('',#14220,#1311);
#572=LINE('',#14224,#1312);
#573=LINE('',#14226,#1313);
#574=LINE('',#14228,#1314);
#575=LINE('',#14230,#1315);
#576=LINE('',#14237,#1316);
#577=LINE('',#14241,#1317);
#578=LINE('',#14243,#1318);
#579=LINE('',#14245,#1319);
#580=LINE('',#14249,#1320);
#581=LINE('',#14253,#1321);
#582=LINE('',#14255,#1322);
#583=LINE('',#14257,#1323);
#584=LINE('',#14263,#1324);
#585=LINE('',#14265,#1325);
#586=LINE('',#14267,#1326);
#587=LINE('',#14269,#1327);
#588=LINE('',#14278,#1328);
#589=LINE('',#14280,#1329);
#590=LINE('',#14282,#1330);
#591=LINE('',#14284,#1331);
#592=LINE('',#14290,#1332);
#593=LINE('',#14292,#1333);
#594=LINE('',#14293,#1334);
#595=LINE('',#14297,#1335);
#596=LINE('',#14299,#1336);
#597=LINE('',#14301,#1337);
#598=LINE('',#14307,#1338);
#599=LINE('',#14309,#1339);
#600=LINE('',#14311,#1340);
#601=LINE('',#14313,#1341);
#602=LINE('',#14322,#1342);
#603=LINE('',#14324,#1343);
#604=LINE('',#14326,#1344);
#605=LINE('',#14328,#1345);
#606=LINE('',#14334,#1346);
#607=LINE('',#14336,#1347);
#608=LINE('',#14337,#1348);
#609=LINE('',#14344,#1349);
#610=LINE('',#14348,#1350);
#611=LINE('',#14350,#1351);
#612=LINE('',#14352,#1352);
#613=LINE('',#14354,#1353);
#614=LINE('',#14361,#1354);
#615=LINE('',#14365,#1355);
#616=LINE('',#14367,#1356);
#617=LINE('',#14369,#1357);
#618=LINE('',#14373,#1358);
#619=LINE('',#14380,#1359);
#620=LINE('',#14384,#1360);
#621=LINE('',#14386,#1361);
#622=LINE('',#14388,#1362);
#623=LINE('',#14390,#1363);
#624=LINE('',#14397,#1364);
#625=LINE('',#14401,#1365);
#626=LINE('',#14403,#1366);
#627=LINE('',#14405,#1367);
#628=LINE('',#14409,#1368);
#629=LINE('',#14416,#1369);
#630=LINE('',#14420,#1370);
#631=LINE('',#14422,#1371);
#632=LINE('',#14424,#1372);
#633=LINE('',#14426,#1373);
#634=LINE('',#14433,#1374);
#635=LINE('',#14437,#1375);
#636=LINE('',#14439,#1376);
#637=LINE('',#14441,#1377);
#638=LINE('',#14445,#1378);
#639=LINE('',#14452,#1379);
#640=LINE('',#14456,#1380);
#641=LINE('',#14458,#1381);
#642=LINE('',#14460,#1382);
#643=LINE('',#14462,#1383);
#644=LINE('',#14469,#1384);
#645=LINE('',#14473,#1385);
#646=LINE('',#14475,#1386);
#647=LINE('',#14477,#1387);
#648=LINE('',#14481,#1388);
#649=LINE('',#14485,#1389);
#650=LINE('',#14487,#1390);
#651=LINE('',#14489,#1391);
#652=LINE('',#14495,#1392);
#653=LINE('',#14497,#1393);
#654=LINE('',#14499,#1394);
#655=LINE('',#14501,#1395);
#656=LINE('',#14510,#1396);
#657=LINE('',#14512,#1397);
#658=LINE('',#14514,#1398);
#659=LINE('',#14516,#1399);
#660=LINE('',#14522,#1400);
#661=LINE('',#14524,#1401);
#662=LINE('',#14525,#1402);
#663=LINE('',#14529,#1403);
#664=LINE('',#14531,#1404);
#665=LINE('',#14533,#1405);
#666=LINE('',#14539,#1406);
#667=LINE('',#14541,#1407);
#668=LINE('',#14543,#1408);
#669=LINE('',#14545,#1409);
#670=LINE('',#14554,#1410);
#671=LINE('',#14556,#1411);
#672=LINE('',#14558,#1412);
#673=LINE('',#14560,#1413);
#674=LINE('',#14566,#1414);
#675=LINE('',#14568,#1415);
#676=LINE('',#14569,#1416);
#677=LINE('',#14573,#1417);
#678=LINE('',#14575,#1418);
#679=LINE('',#14577,#1419);
#680=LINE('',#14583,#1420);
#681=LINE('',#14585,#1421);
#682=LINE('',#14587,#1422);
#683=LINE('',#14589,#1423);
#684=LINE('',#14598,#1424);
#685=LINE('',#14600,#1425);
#686=LINE('',#14602,#1426);
#687=LINE('',#14604,#1427);
#688=LINE('',#14610,#1428);
#689=LINE('',#14612,#1429);
#690=LINE('',#14613,#1430);
#691=LINE('',#14620,#1431);
#692=LINE('',#14624,#1432);
#693=LINE('',#14626,#1433);
#694=LINE('',#14628,#1434);
#695=LINE('',#14630,#1435);
#696=LINE('',#14637,#1436);
#697=LINE('',#14641,#1437);
#698=LINE('',#14643,#1438);
#699=LINE('',#14645,#1439);
#700=LINE('',#14649,#1440);
#701=LINE('',#14656,#1441);
#702=LINE('',#14660,#1442);
#703=LINE('',#14662,#1443);
#704=LINE('',#14664,#1444);
#705=LINE('',#14666,#1445);
#706=LINE('',#14673,#1446);
#707=LINE('',#14677,#1447);
#708=LINE('',#14679,#1448);
#709=LINE('',#14681,#1449);
#710=LINE('',#14685,#1450);
#711=LINE('',#14692,#1451);
#712=LINE('',#14696,#1452);
#713=LINE('',#14698,#1453);
#714=LINE('',#14700,#1454);
#715=LINE('',#14702,#1455);
#716=LINE('',#14709,#1456);
#717=LINE('',#14713,#1457);
#718=LINE('',#14715,#1458);
#719=LINE('',#14717,#1459);
#720=LINE('',#14721,#1460);
#721=LINE('',#14728,#1461);
#722=LINE('',#14732,#1462);
#723=LINE('',#14734,#1463);
#724=LINE('',#14736,#1464);
#725=LINE('',#14738,#1465);
#726=LINE('',#14745,#1466);
#727=LINE('',#14749,#1467);
#728=LINE('',#14751,#1468);
#729=LINE('',#14753,#1469);
#730=LINE('',#14757,#1470);
#731=LINE('',#14761,#1471);
#732=LINE('',#14763,#1472);
#733=LINE('',#14765,#1473);
#734=LINE('',#14771,#1474);
#735=LINE('',#14773,#1475);
#736=LINE('',#14775,#1476);
#737=LINE('',#14777,#1477);
#738=LINE('',#14786,#1478);
#739=LINE('',#14788,#1479);
#740=LINE('',#14790,#1480);
#741=LINE('',#14792,#1481);
#742=LINE('',#14798,#1482);
#743=LINE('',#14800,#1483);
#744=LINE('',#14801,#1484);
#745=LINE('',#14805,#1485);
#746=LINE('',#14807,#1486);
#747=LINE('',#14809,#1487);
#748=LINE('',#14815,#1488);
#749=LINE('',#14817,#1489);
#750=LINE('',#14819,#1490);
#751=LINE('',#14821,#1491);
#752=LINE('',#14830,#1492);
#753=LINE('',#14832,#1493);
#754=LINE('',#14834,#1494);
#755=LINE('',#14836,#1495);
#756=LINE('',#14842,#1496);
#757=LINE('',#14844,#1497);
#758=LINE('',#14845,#1498);
#759=LINE('',#14849,#1499);
#760=LINE('',#14851,#1500);
#761=LINE('',#14853,#1501);
#762=LINE('',#14859,#1502);
#763=LINE('',#14861,#1503);
#764=LINE('',#14863,#1504);
#765=LINE('',#14865,#1505);
#766=LINE('',#14874,#1506);
#767=LINE('',#14876,#1507);
#768=LINE('',#14878,#1508);
#769=LINE('',#14880,#1509);
#770=LINE('',#14886,#1510);
#771=LINE('',#14888,#1511);
#772=LINE('',#14889,#1512);
#773=LINE('',#14893,#1513);
#774=LINE('',#14896,#1514);
#775=LINE('',#14898,#1515);
#776=LINE('',#14900,#1516);
#777=LINE('',#14902,#1517);
#778=LINE('',#14904,#1518);
#779=LINE('',#14906,#1519);
#780=LINE('',#14910,#1520);
#781=LINE('',#14912,#1521);
#782=LINE('',#14914,#1522);
#783=LINE('',#14916,#1523);
#784=LINE('',#14918,#1524);
#785=LINE('',#14920,#1525);
#786=LINE('',#14923,#1526);
#787=LINE('',#14925,#1527);
#788=LINE('',#14927,#1528);
#789=LINE('',#14929,#1529);
#790=LINE('',#14931,#1530);
#791=LINE('',#14933,#1531);
#792=LINE('',#14935,#1532);
#793=LINE('',#14937,#1533);
#794=LINE('',#14939,#1534);
#795=LINE('',#14943,#1535);
#796=LINE('',#14945,#1536);
#797=LINE('',#14947,#1537);
#798=LINE('',#14949,#1538);
#799=LINE('',#14953,#1539);
#800=LINE('',#14956,#1540);
#801=LINE('',#14958,#1541);
#802=LINE('',#14960,#1542);
#803=LINE('',#14962,#1543);
#804=LINE('',#14964,#1544);
#805=LINE('',#14967,#1545);
#806=LINE('',#14968,#1546);
#807=LINE('',#14970,#1547);
#808=LINE('',#14973,#1548);
#809=LINE('',#14974,#1549);
#810=LINE('',#14976,#1550);
#811=LINE('',#14978,#1551);
#812=LINE('',#14980,#1552);
#813=LINE('',#14982,#1553);
#814=LINE('',#14985,#1554);
#815=LINE('',#14987,#1555);
#816=LINE('',#14989,#1556);
#817=LINE('',#14991,#1557);
#818=LINE('',#14993,#1558);
#819=LINE('',#14995,#1559);
#820=LINE('',#14999,#1560);
#821=LINE('',#15001,#1561);
#822=LINE('',#15003,#1562);
#823=LINE('',#15005,#1563);
#824=LINE('',#15007,#1564);
#825=LINE('',#15009,#1565);
#826=LINE('',#15012,#1566);
#827=LINE('',#15014,#1567);
#828=LINE('',#15016,#1568);
#829=LINE('',#15018,#1569);
#830=LINE('',#15020,#1570);
#831=LINE('',#15022,#1571);
#832=LINE('',#15026,#1572);
#833=LINE('',#15028,#1573);
#834=LINE('',#15030,#1574);
#835=LINE('',#15032,#1575);
#836=LINE('',#15034,#1576);
#837=LINE('',#15036,#1577);
#838=LINE('',#15039,#1578);
#839=LINE('',#15041,#1579);
#840=LINE('',#15043,#1580);
#841=LINE('',#15045,#1581);
#842=LINE('',#15047,#1582);
#843=LINE('',#15049,#1583);
#844=LINE('',#15053,#1584);
#845=LINE('',#15055,#1585);
#846=LINE('',#15057,#1586);
#847=LINE('',#15059,#1587);
#848=LINE('',#15061,#1588);
#849=LINE('',#15063,#1589);
#850=LINE('',#15065,#1590);
#851=LINE('',#15069,#1591);
#852=LINE('',#15071,#1592);
#853=LINE('',#15073,#1593);
#854=LINE('',#15077,#1594);
#855=LINE('',#15081,#1595);
#856=LINE('',#15082,#1596);
#857=LINE('',#15084,#1597);
#858=LINE('',#15086,#1598);
#859=LINE('',#15088,#1599);
#860=LINE('',#15092,#1600);
#861=LINE('',#15094,#1601);
#862=LINE('',#15096,#1602);
#863=LINE('',#15098,#1603);
#864=LINE('',#15100,#1604);
#865=LINE('',#15102,#1605);
#866=LINE('',#15104,#1606);
#867=LINE('',#15106,#1607);
#868=LINE('',#15112,#1608);
#869=LINE('',#15114,#1609);
#870=LINE('',#15116,#1610);
#871=LINE('',#15118,#1611);
#872=LINE('',#15120,#1612);
#873=LINE('',#15122,#1613);
#874=LINE('',#15124,#1614);
#875=LINE('',#15126,#1615);
#876=LINE('',#15132,#1616);
#877=LINE('',#15134,#1617);
#878=LINE('',#15136,#1618);
#879=LINE('',#15138,#1619);
#880=LINE('',#15140,#1620);
#881=LINE('',#15142,#1621);
#882=LINE('',#15144,#1622);
#883=LINE('',#15146,#1623);
#884=LINE('',#15152,#1624);
#885=LINE('',#15154,#1625);
#886=LINE('',#15156,#1626);
#887=LINE('',#15158,#1627);
#888=LINE('',#15160,#1628);
#889=LINE('',#15162,#1629);
#890=LINE('',#15164,#1630);
#891=LINE('',#15166,#1631);
#892=LINE('',#15172,#1632);
#893=LINE('',#15174,#1633);
#894=LINE('',#15176,#1634);
#895=LINE('',#15178,#1635);
#896=LINE('',#15180,#1636);
#897=LINE('',#15182,#1637);
#898=LINE('',#15184,#1638);
#899=LINE('',#15186,#1639);
#900=LINE('',#15188,#1640);
#901=LINE('',#15190,#1641);
#902=LINE('',#15192,#1642);
#903=LINE('',#15194,#1643);
#904=LINE('',#15196,#1644);
#905=LINE('',#15198,#1645);
#906=LINE('',#15200,#1646);
#907=LINE('',#15202,#1647);
#908=LINE('',#15207,#1648);
#909=LINE('',#15211,#1649);
#910=LINE('',#15213,#1650);
#911=LINE('',#15215,#1651);
#912=LINE('',#15219,#1652);
#913=LINE('',#15221,#1653);
#914=LINE('',#15223,#1654);
#915=LINE('',#15228,#1655);
#916=LINE('',#15229,#1656);
#917=LINE('',#15230,#1657);
#918=LINE('',#15232,#1658);
#919=LINE('',#15234,#1659);
#920=LINE('',#15236,#1660);
#921=LINE('',#15238,#1661);
#922=LINE('',#15240,#1662);
#923=LINE('',#15242,#1663);
#924=LINE('',#15244,#1664);
#925=LINE('',#15246,#1665);
#926=LINE('',#15250,#1666);
#927=LINE('',#15252,#1667);
#928=LINE('',#15254,#1668);
#929=LINE('',#15258,#1669);
#930=LINE('',#15260,#1670);
#931=LINE('',#15262,#1671);
#932=LINE('',#15264,#1672);
#933=LINE('',#15266,#1673);
#934=LINE('',#15268,#1674);
#935=LINE('',#15270,#1675);
#936=LINE('',#15272,#1676);
#937=LINE('',#15275,#1677);
#938=LINE('',#15278,#1678);
#939=LINE('',#15280,#1679);
#940=LINE('',#15282,#1680);
#941=LINE('',#15284,#1681);
#942=LINE('',#15285,#1682);
#943=LINE('',#15287,#1683);
#944=LINE('',#15289,#1684);
#945=LINE('',#15292,#1685);
#946=LINE('',#15295,#1686);
#947=LINE('',#15297,#1687);
#948=LINE('',#15299,#1688);
#949=LINE('',#15301,#1689);
#950=LINE('',#15302,#1690);
#951=LINE('',#15304,#1691);
#952=LINE('',#15306,#1692);
#953=LINE('',#15309,#1693);
#954=LINE('',#15312,#1694);
#955=LINE('',#15314,#1695);
#956=LINE('',#15316,#1696);
#957=LINE('',#15318,#1697);
#958=LINE('',#15319,#1698);
#959=LINE('',#15321,#1699);
#960=LINE('',#15323,#1700);
#961=LINE('',#15326,#1701);
#962=LINE('',#15329,#1702);
#963=LINE('',#15331,#1703);
#964=LINE('',#15333,#1704);
#965=LINE('',#15335,#1705);
#966=LINE('',#15336,#1706);
#967=LINE('',#15338,#1707);
#968=LINE('',#15340,#1708);
#969=LINE('',#15343,#1709);
#970=LINE('',#15345,#1710);
#971=LINE('',#15347,#1711);
#972=LINE('',#15353,#1712);
#973=LINE('',#15355,#1713);
#974=LINE('',#15357,#1714);
#975=LINE('',#15359,#1715);
#976=LINE('',#15368,#1716);
#977=LINE('',#15370,#1717);
#978=LINE('',#15372,#1718);
#979=LINE('',#15374,#1719);
#980=LINE('',#15380,#1720);
#981=LINE('',#15382,#1721);
#982=LINE('',#15383,#1722);
#983=LINE('',#15387,#1723);
#984=LINE('',#15389,#1724);
#985=LINE('',#15391,#1725);
#986=LINE('',#15397,#1726);
#987=LINE('',#15399,#1727);
#988=LINE('',#15401,#1728);
#989=LINE('',#15403,#1729);
#990=LINE('',#15412,#1730);
#991=LINE('',#15414,#1731);
#992=LINE('',#15416,#1732);
#993=LINE('',#15418,#1733);
#994=LINE('',#15424,#1734);
#995=LINE('',#15426,#1735);
#996=LINE('',#15427,#1736);
#997=LINE('',#15431,#1737);
#998=LINE('',#15433,#1738);
#999=LINE('',#15435,#1739);
#1000=LINE('',#15441,#1740);
#1001=LINE('',#15443,#1741);
#1002=LINE('',#15445,#1742);
#1003=LINE('',#15447,#1743);
#1004=LINE('',#15456,#1744);
#1005=LINE('',#15458,#1745);
#1006=LINE('',#15460,#1746);
#1007=LINE('',#15462,#1747);
#1008=LINE('',#15468,#1748);
#1009=LINE('',#15470,#1749);
#1010=LINE('',#15471,#1750);
#1011=LINE('',#15475,#1751);
#1012=LINE('',#15476,#1752);
#1013=LINE('',#15478,#1753);
#1014=LINE('',#15480,#1754);
#1015=LINE('',#15482,#1755);
#1016=LINE('',#15484,#1756);
#1017=LINE('',#15486,#1757);
#1018=LINE('',#15488,#1758);
#1019=LINE('',#15491,#1759);
#1020=LINE('',#15494,#1760);
#1021=LINE('',#15495,#1761);
#1022=LINE('',#15497,#1762);
#1023=LINE('',#15499,#1763);
#1024=LINE('',#15501,#1764);
#1025=LINE('',#15503,#1765);
#1026=LINE('',#15505,#1766);
#1027=LINE('',#15533,#1767);
#1028=LINE('',#15534,#1768);
#1029=LINE('',#15536,#1769);
#1030=LINE('',#15538,#1770);
#1031=LINE('',#15540,#1771);
#1032=LINE('',#15542,#1772);
#1033=LINE('',#15544,#1773);
#1034=LINE('',#15546,#1774);
#1035=LINE('',#15687,#1775);
#1036=LINE('',#15688,#1776);
#1037=LINE('',#15703,#1777);
#1038=LINE('',#15705,#1778);
#1039=LINE('',#15724,#1779);
#1040=LINE('',#15733,#1780);
#1041=LINE('',#15734,#1781);
#1042=LINE('',#15762,#1782);
#1043=LINE('',#15793,#1783);
#1044=LINE('',#15794,#1784);
#1045=LINE('',#15823,#1785);
#1046=LINE('',#15990,#1786);
#1047=LINE('',#15991,#1787);
#1048=LINE('',#16006,#1788);
#1049=LINE('',#16008,#1789);
#1050=LINE('',#16027,#1790);
#1051=LINE('',#16036,#1791);
#1052=LINE('',#16037,#1792);
#1053=LINE('',#16065,#1793);
#1054=LINE('',#16096,#1794);
#1055=LINE('',#16097,#1795);
#1056=LINE('',#16126,#1796);
#1057=LINE('',#16168,#1797);
#1058=LINE('',#16169,#1798);
#1059=LINE('',#16171,#1799);
#1060=LINE('',#16173,#1800);
#1061=LINE('',#16266,#1801);
#1062=LINE('',#16267,#1802);
#1063=LINE('',#16284,#1803);
#1064=LINE('',#16286,#1804);
#1065=LINE('',#16309,#1805);
#1066=LINE('',#16325,#1806);
#1067=LINE('',#16326,#1807);
#1068=LINE('',#16328,#1808);
#1069=LINE('',#16330,#1809);
#1070=LINE('',#16358,#1810);
#1071=LINE('',#16359,#1811);
#1072=LINE('',#16361,#1812);
#1073=LINE('',#16363,#1813);
#1074=LINE('',#16365,#1814);
#1075=LINE('',#16367,#1815);
#1076=LINE('',#16369,#1816);
#1077=LINE('',#16371,#1817);
#1078=LINE('',#16411,#1818);
#1079=LINE('',#16412,#1819);
#1080=LINE('',#16414,#1820);
#1081=LINE('',#16416,#1821);
#1082=LINE('',#16418,#1822);
#1083=LINE('',#16420,#1823);
#1084=LINE('',#16422,#1824);
#1085=LINE('',#16424,#1825);
#1086=LINE('',#16426,#1826);
#1087=LINE('',#16428,#1827);
#1088=LINE('',#16430,#1828);
#1089=LINE('',#16432,#1829);
#1090=LINE('',#16472,#1830);
#1091=LINE('',#16473,#1831);
#1092=LINE('',#16475,#1832);
#1093=LINE('',#16477,#1833);
#1094=LINE('',#16479,#1834);
#1095=LINE('',#16481,#1835);
#1096=LINE('',#16483,#1836);
#1097=LINE('',#16485,#1837);
#1098=LINE('',#16487,#1838);
#1099=LINE('',#16489,#1839);
#1100=LINE('',#16491,#1840);
#1101=LINE('',#16493,#1841);
#1102=LINE('',#16586,#1842);
#1103=LINE('',#16587,#1843);
#1104=LINE('',#16589,#1844);
#1105=LINE('',#16612,#1845);
#1106=LINE('',#16614,#1846);
#1107=LINE('',#16978,#1847);
#1108=LINE('',#16981,#1848);
#1109=LINE('',#16983,#1849);
#1110=LINE('',#16985,#1850);
#1111=LINE('',#16987,#1851);
#1112=LINE('',#16988,#1852);
#1113=LINE('',#16990,#1853);
#1114=LINE('',#16992,#1854);
#1115=LINE('',#16995,#1855);
#1116=LINE('',#16998,#1856);
#1117=LINE('',#17000,#1857);
#1118=LINE('',#17002,#1858);
#1119=LINE('',#17004,#1859);
#1120=LINE('',#17005,#1860);
#1121=LINE('',#17007,#1861);
#1122=LINE('',#17009,#1862);
#1123=VECTOR('',#11342,1000.);
#1124=VECTOR('',#11343,1000.);
#1125=VECTOR('',#11344,1000.);
#1126=VECTOR('',#11345,1000.);
#1127=VECTOR('',#11346,1000.);
#1128=VECTOR('',#11347,1000.);
#1129=VECTOR('',#11348,1000.);
#1130=VECTOR('',#11349,1000.);
#1131=VECTOR('',#11350,1000.);
#1132=VECTOR('',#11351,1000.);
#1133=VECTOR('',#11352,1000.);
#1134=VECTOR('',#11353,1000.);
#1135=VECTOR('',#11354,1000.);
#1136=VECTOR('',#11355,1000.);
#1137=VECTOR('',#11356,1000.);
#1138=VECTOR('',#11357,1000.);
#1139=VECTOR('',#11358,1000.);
#1140=VECTOR('',#11359,1000.);
#1141=VECTOR('',#11360,1000.);
#1142=VECTOR('',#11361,1000.);
#1143=VECTOR('',#11362,1000.);
#1144=VECTOR('',#11363,1000.);
#1145=VECTOR('',#11364,1000.);
#1146=VECTOR('',#11365,1000.);
#1147=VECTOR('',#11366,1000.);
#1148=VECTOR('',#11367,1000.);
#1149=VECTOR('',#11368,1000.);
#1150=VECTOR('',#11369,1000.);
#1151=VECTOR('',#11370,1000.);
#1152=VECTOR('',#11371,1000.);
#1153=VECTOR('',#11372,1000.);
#1154=VECTOR('',#11373,1000.);
#1155=VECTOR('',#11374,1000.);
#1156=VECTOR('',#11375,1000.);
#1157=VECTOR('',#11376,1000.);
#1158=VECTOR('',#11377,1000.);
#1159=VECTOR('',#11378,1000.);
#1160=VECTOR('',#11379,1000.);
#1161=VECTOR('',#11380,1000.);
#1162=VECTOR('',#11381,1000.);
#1163=VECTOR('',#11382,1000.);
#1164=VECTOR('',#11383,1000.);
#1165=VECTOR('',#11384,1000.);
#1166=VECTOR('',#11385,1000.);
#1167=VECTOR('',#11386,1000.);
#1168=VECTOR('',#11387,1000.);
#1169=VECTOR('',#11388,1000.);
#1170=VECTOR('',#11389,1000.);
#1171=VECTOR('',#11390,1000.);
#1172=VECTOR('',#11391,1000.);
#1173=VECTOR('',#11392,1000.);
#1174=VECTOR('',#11393,1000.);
#1175=VECTOR('',#11394,1000.);
#1176=VECTOR('',#11395,1000.);
#1177=VECTOR('',#11396,1000.);
#1178=VECTOR('',#11397,1000.);
#1179=VECTOR('',#11398,1000.);
#1180=VECTOR('',#11399,1000.);
#1181=VECTOR('',#11400,1000.);
#1182=VECTOR('',#11401,1000.);
#1183=VECTOR('',#11402,1000.);
#1184=VECTOR('',#11403,1000.);
#1185=VECTOR('',#11404,1000.);
#1186=VECTOR('',#11405,1000.);
#1187=VECTOR('',#11406,1000.);
#1188=VECTOR('',#11407,1000.);
#1189=VECTOR('',#11408,1000.);
#1190=VECTOR('',#11409,1000.);
#1191=VECTOR('',#11410,1000.);
#1192=VECTOR('',#11411,1000.);
#1193=VECTOR('',#11412,1000.);
#1194=VECTOR('',#11413,1000.);
#1195=VECTOR('',#11414,1000.);
#1196=VECTOR('',#11415,1000.);
#1197=VECTOR('',#11416,1000.);
#1198=VECTOR('',#11417,1000.);
#1199=VECTOR('',#11418,1000.);
#1200=VECTOR('',#11419,1000.);
#1201=VECTOR('',#11420,1000.);
#1202=VECTOR('',#11421,1000.);
#1203=VECTOR('',#11422,1000.);
#1204=VECTOR('',#11423,1000.);
#1205=VECTOR('',#11424,1000.);
#1206=VECTOR('',#11425,1000.);
#1207=VECTOR('',#11426,1000.);
#1208=VECTOR('',#11427,1000.);
#1209=VECTOR('',#11428,1000.);
#1210=VECTOR('',#11429,1000.);
#1211=VECTOR('',#11430,1000.);
#1212=VECTOR('',#11431,1000.);
#1213=VECTOR('',#11432,1000.);
#1214=VECTOR('',#11433,1000.);
#1215=VECTOR('',#11434,1000.);
#1216=VECTOR('',#11435,1000.);
#1217=VECTOR('',#11436,1000.);
#1218=VECTOR('',#11437,1000.);
#1219=VECTOR('',#11438,1000.);
#1220=VECTOR('',#11439,1000.);
#1221=VECTOR('',#11440,1000.);
#1222=VECTOR('',#11443,1000.);
#1223=VECTOR('',#11444,1000.);
#1224=VECTOR('',#11445,1000.);
#1225=VECTOR('',#11448,1000.);
#1226=VECTOR('',#11449,1000.);
#1227=VECTOR('',#11450,1000.);
#1228=VECTOR('',#11451,1000.);
#1229=VECTOR('',#11452,1000.);
#1230=VECTOR('',#11453,1000.);
#1231=VECTOR('',#11454,1000.);
#1232=VECTOR('',#11455,1000.);
#1233=VECTOR('',#11456,1000.);
#1234=VECTOR('',#11457,1000.);
#1235=VECTOR('',#11460,1000.);
#1236=VECTOR('',#11463,1000.);
#1237=VECTOR('',#11464,1000.);
#1238=VECTOR('',#11465,1000.);
#1239=VECTOR('',#11466,1000.);
#1240=VECTOR('',#11467,1000.);
#1241=VECTOR('',#11468,1000.);
#1242=VECTOR('',#11469,1000.);
#1243=VECTOR('',#11470,1000.);
#1244=VECTOR('',#11471,1000.);
#1245=VECTOR('',#11472,1000.);
#1246=VECTOR('',#11473,1000.);
#1247=VECTOR('',#11474,1000.);
#1248=VECTOR('',#11475,1000.);
#1249=VECTOR('',#11476,1000.);
#1250=VECTOR('',#11477,1000.);
#1251=VECTOR('',#11478,1000.);
#1252=VECTOR('',#11479,1000.);
#1253=VECTOR('',#11480,1000.);
#1254=VECTOR('',#11481,1000.);
#1255=VECTOR('',#11482,1000.);
#1256=VECTOR('',#11483,1000.);
#1257=VECTOR('',#11484,1000.);
#1258=VECTOR('',#11485,1000.);
#1259=VECTOR('',#11486,1000.);
#1260=VECTOR('',#11487,1000.);
#1261=VECTOR('',#11488,1000.);
#1262=VECTOR('',#11489,1000.);
#1263=VECTOR('',#11490,1000.);
#1264=VECTOR('',#11491,1000.);
#1265=VECTOR('',#11492,1000.);
#1266=VECTOR('',#11493,1000.);
#1267=VECTOR('',#11494,1000.);
#1268=VECTOR('',#11495,1000.);
#1269=VECTOR('',#11496,1000.);
#1270=VECTOR('',#11497,1000.);
#1271=VECTOR('',#11498,1000.);
#1272=VECTOR('',#11499,1000.);
#1273=VECTOR('',#11500,1000.);
#1274=VECTOR('',#11501,1000.);
#1275=VECTOR('',#11504,1000.);
#1276=VECTOR('',#11507,1000.);
#1277=VECTOR('',#11510,1000.);
#1278=VECTOR('',#11513,1000.);
#1279=VECTOR('',#11516,1000.);
#1280=VECTOR('',#11517,1000.);
#1281=VECTOR('',#11518,1000.);
#1282=VECTOR('',#11519,1000.);
#1283=VECTOR('',#11522,1000.);
#1284=VECTOR('',#11525,1000.);
#1285=VECTOR('',#11528,1000.);
#1286=VECTOR('',#11531,1000.);
#1287=VECTOR('',#11536,1000.);
#1288=VECTOR('',#11539,1000.);
#1289=VECTOR('',#11542,1000.);
#1290=VECTOR('',#11545,1000.);
#1291=VECTOR('',#11550,1000.);
#1292=VECTOR('',#11553,1000.);
#1293=VECTOR('',#11556,1000.);
#1294=VECTOR('',#11557,1000.);
#1295=VECTOR('',#11558,1000.);
#1296=VECTOR('',#11569,1000.);
#1297=VECTOR('',#11574,1000.);
#1298=VECTOR('',#11575,1000.);
#1299=VECTOR('',#11576,1000.);
#1300=VECTOR('',#11581,1000.);
#1301=VECTOR('',#11588,1000.);
#1302=VECTOR('',#11591,1000.);
#1303=VECTOR('',#11594,1000.);
#1304=VECTOR('',#11595,1000.);
#1305=VECTOR('',#11596,1000.);
#1306=VECTOR('',#11607,1000.);
#1307=VECTOR('',#11612,1000.);
#1308=VECTOR('',#11613,1000.);
#1309=VECTOR('',#11614,1000.);
#1310=VECTOR('',#11619,1000.);
#1311=VECTOR('',#11626,1000.);
#1312=VECTOR('',#11629,1000.);
#1313=VECTOR('',#11632,1000.);
#1314=VECTOR('',#11633,1000.);
#1315=VECTOR('',#11634,1000.);
#1316=VECTOR('',#11645,1000.);
#1317=VECTOR('',#11650,1000.);
#1318=VECTOR('',#11651,1000.);
#1319=VECTOR('',#11652,1000.);
#1320=VECTOR('',#11657,1000.);
#1321=VECTOR('',#11662,1000.);
#1322=VECTOR('',#11663,1000.);
#1323=VECTOR('',#11664,1000.);
#1324=VECTOR('',#11671,1000.);
#1325=VECTOR('',#11674,1000.);
#1326=VECTOR('',#11675,1000.);
#1327=VECTOR('',#11676,1000.);
#1328=VECTOR('',#11689,1000.);
#1329=VECTOR('',#11692,1000.);
#1330=VECTOR('',#11693,1000.);
#1331=VECTOR('',#11694,1000.);
#1332=VECTOR('',#11701,1000.);
#1333=VECTOR('',#11704,1000.);
#1334=VECTOR('',#11705,1000.);
#1335=VECTOR('',#11712,1000.);
#1336=VECTOR('',#11713,1000.);
#1337=VECTOR('',#11714,1000.);
#1338=VECTOR('',#11721,1000.);
#1339=VECTOR('',#11724,1000.);
#1340=VECTOR('',#11725,1000.);
#1341=VECTOR('',#11726,1000.);
#1342=VECTOR('',#11739,1000.);
#1343=VECTOR('',#11742,1000.);
#1344=VECTOR('',#11743,1000.);
#1345=VECTOR('',#11744,1000.);
#1346=VECTOR('',#11751,1000.);
#1347=VECTOR('',#11754,1000.);
#1348=VECTOR('',#11755,1000.);
#1349=VECTOR('',#11764,1000.);
#1350=VECTOR('',#11767,1000.);
#1351=VECTOR('',#11770,1000.);
#1352=VECTOR('',#11771,1000.);
#1353=VECTOR('',#11772,1000.);
#1354=VECTOR('',#11783,1000.);
#1355=VECTOR('',#11788,1000.);
#1356=VECTOR('',#11789,1000.);
#1357=VECTOR('',#11790,1000.);
#1358=VECTOR('',#11795,1000.);
#1359=VECTOR('',#11802,1000.);
#1360=VECTOR('',#11805,1000.);
#1361=VECTOR('',#11808,1000.);
#1362=VECTOR('',#11809,1000.);
#1363=VECTOR('',#11810,1000.);
#1364=VECTOR('',#11821,1000.);
#1365=VECTOR('',#11826,1000.);
#1366=VECTOR('',#11827,1000.);
#1367=VECTOR('',#11828,1000.);
#1368=VECTOR('',#11833,1000.);
#1369=VECTOR('',#11840,1000.);
#1370=VECTOR('',#11843,1000.);
#1371=VECTOR('',#11846,1000.);
#1372=VECTOR('',#11847,1000.);
#1373=VECTOR('',#11848,1000.);
#1374=VECTOR('',#11859,1000.);
#1375=VECTOR('',#11864,1000.);
#1376=VECTOR('',#11865,1000.);
#1377=VECTOR('',#11866,1000.);
#1378=VECTOR('',#11871,1000.);
#1379=VECTOR('',#11878,1000.);
#1380=VECTOR('',#11881,1000.);
#1381=VECTOR('',#11884,1000.);
#1382=VECTOR('',#11885,1000.);
#1383=VECTOR('',#11886,1000.);
#1384=VECTOR('',#11897,1000.);
#1385=VECTOR('',#11902,1000.);
#1386=VECTOR('',#11903,1000.);
#1387=VECTOR('',#11904,1000.);
#1388=VECTOR('',#11909,1000.);
#1389=VECTOR('',#11914,1000.);
#1390=VECTOR('',#11915,1000.);
#1391=VECTOR('',#11916,1000.);
#1392=VECTOR('',#11923,1000.);
#1393=VECTOR('',#11926,1000.);
#1394=VECTOR('',#11927,1000.);
#1395=VECTOR('',#11928,1000.);
#1396=VECTOR('',#11941,1000.);
#1397=VECTOR('',#11944,1000.);
#1398=VECTOR('',#11945,1000.);
#1399=VECTOR('',#11946,1000.);
#1400=VECTOR('',#11953,1000.);
#1401=VECTOR('',#11956,1000.);
#1402=VECTOR('',#11957,1000.);
#1403=VECTOR('',#11964,1000.);
#1404=VECTOR('',#11965,1000.);
#1405=VECTOR('',#11966,1000.);
#1406=VECTOR('',#11973,1000.);
#1407=VECTOR('',#11976,1000.);
#1408=VECTOR('',#11977,1000.);
#1409=VECTOR('',#11978,1000.);
#1410=VECTOR('',#11991,1000.);
#1411=VECTOR('',#11994,1000.);
#1412=VECTOR('',#11995,1000.);
#1413=VECTOR('',#11996,1000.);
#1414=VECTOR('',#12003,1000.);
#1415=VECTOR('',#12006,1000.);
#1416=VECTOR('',#12007,1000.);
#1417=VECTOR('',#12014,1000.);
#1418=VECTOR('',#12015,1000.);
#1419=VECTOR('',#12016,1000.);
#1420=VECTOR('',#12023,1000.);
#1421=VECTOR('',#12026,1000.);
#1422=VECTOR('',#12027,1000.);
#1423=VECTOR('',#12028,1000.);
#1424=VECTOR('',#12041,1000.);
#1425=VECTOR('',#12044,1000.);
#1426=VECTOR('',#12045,1000.);
#1427=VECTOR('',#12046,1000.);
#1428=VECTOR('',#12053,1000.);
#1429=VECTOR('',#12056,1000.);
#1430=VECTOR('',#12057,1000.);
#1431=VECTOR('',#12066,1000.);
#1432=VECTOR('',#12069,1000.);
#1433=VECTOR('',#12072,1000.);
#1434=VECTOR('',#12073,1000.);
#1435=VECTOR('',#12074,1000.);
#1436=VECTOR('',#12085,1000.);
#1437=VECTOR('',#12090,1000.);
#1438=VECTOR('',#12091,1000.);
#1439=VECTOR('',#12092,1000.);
#1440=VECTOR('',#12097,1000.);
#1441=VECTOR('',#12104,1000.);
#1442=VECTOR('',#12107,1000.);
#1443=VECTOR('',#12110,1000.);
#1444=VECTOR('',#12111,1000.);
#1445=VECTOR('',#12112,1000.);
#1446=VECTOR('',#12123,1000.);
#1447=VECTOR('',#12128,1000.);
#1448=VECTOR('',#12129,1000.);
#1449=VECTOR('',#12130,1000.);
#1450=VECTOR('',#12135,1000.);
#1451=VECTOR('',#12142,1000.);
#1452=VECTOR('',#12145,1000.);
#1453=VECTOR('',#12148,1000.);
#1454=VECTOR('',#12149,1000.);
#1455=VECTOR('',#12150,1000.);
#1456=VECTOR('',#12161,1000.);
#1457=VECTOR('',#12166,1000.);
#1458=VECTOR('',#12167,1000.);
#1459=VECTOR('',#12168,1000.);
#1460=VECTOR('',#12173,1000.);
#1461=VECTOR('',#12180,1000.);
#1462=VECTOR('',#12183,1000.);
#1463=VECTOR('',#12186,1000.);
#1464=VECTOR('',#12187,1000.);
#1465=VECTOR('',#12188,1000.);
#1466=VECTOR('',#12199,1000.);
#1467=VECTOR('',#12204,1000.);
#1468=VECTOR('',#12205,1000.);
#1469=VECTOR('',#12206,1000.);
#1470=VECTOR('',#12211,1000.);
#1471=VECTOR('',#12216,1000.);
#1472=VECTOR('',#12217,1000.);
#1473=VECTOR('',#12218,1000.);
#1474=VECTOR('',#12225,1000.);
#1475=VECTOR('',#12228,1000.);
#1476=VECTOR('',#12229,1000.);
#1477=VECTOR('',#12230,1000.);
#1478=VECTOR('',#12243,1000.);
#1479=VECTOR('',#12246,1000.);
#1480=VECTOR('',#12247,1000.);
#1481=VECTOR('',#12248,1000.);
#1482=VECTOR('',#12255,1000.);
#1483=VECTOR('',#12258,1000.);
#1484=VECTOR('',#12259,1000.);
#1485=VECTOR('',#12266,1000.);
#1486=VECTOR('',#12267,1000.);
#1487=VECTOR('',#12268,1000.);
#1488=VECTOR('',#12275,1000.);
#1489=VECTOR('',#12278,1000.);
#1490=VECTOR('',#12279,1000.);
#1491=VECTOR('',#12280,1000.);
#1492=VECTOR('',#12293,1000.);
#1493=VECTOR('',#12296,1000.);
#1494=VECTOR('',#12297,1000.);
#1495=VECTOR('',#12298,1000.);
#1496=VECTOR('',#12305,1000.);
#1497=VECTOR('',#12308,1000.);
#1498=VECTOR('',#12309,1000.);
#1499=VECTOR('',#12316,1000.);
#1500=VECTOR('',#12317,1000.);
#1501=VECTOR('',#12318,1000.);
#1502=VECTOR('',#12325,1000.);
#1503=VECTOR('',#12328,1000.);
#1504=VECTOR('',#12329,1000.);
#1505=VECTOR('',#12330,1000.);
#1506=VECTOR('',#12343,1000.);
#1507=VECTOR('',#12346,1000.);
#1508=VECTOR('',#12347,1000.);
#1509=VECTOR('',#12348,1000.);
#1510=VECTOR('',#12355,1000.);
#1511=VECTOR('',#12358,1000.);
#1512=VECTOR('',#12359,1000.);
#1513=VECTOR('',#12366,1000.);
#1514=VECTOR('',#12367,1000.);
#1515=VECTOR('',#12368,1000.);
#1516=VECTOR('',#12369,1000.);
#1517=VECTOR('',#12372,1000.);
#1518=VECTOR('',#12373,1000.);
#1519=VECTOR('',#12374,1000.);
#1520=VECTOR('',#12379,1000.);
#1521=VECTOR('',#12380,1000.);
#1522=VECTOR('',#12383,1000.);
#1523=VECTOR('',#12384,1000.);
#1524=VECTOR('',#12387,1000.);
#1525=VECTOR('',#12390,1000.);
#1526=VECTOR('',#12391,1000.);
#1527=VECTOR('',#12392,1000.);
#1528=VECTOR('',#12393,1000.);
#1529=VECTOR('',#12396,1000.);
#1530=VECTOR('',#12397,1000.);
#1531=VECTOR('',#12398,1000.);
#1532=VECTOR('',#12401,1000.);
#1533=VECTOR('',#12402,1000.);
#1534=VECTOR('',#12403,1000.);
#1535=VECTOR('',#12408,1000.);
#1536=VECTOR('',#12409,1000.);
#1537=VECTOR('',#12412,1000.);
#1538=VECTOR('',#12413,1000.);
#1539=VECTOR('',#12418,1000.);
#1540=VECTOR('',#12419,1000.);
#1541=VECTOR('',#12420,1000.);
#1542=VECTOR('',#12421,1000.);
#1543=VECTOR('',#12422,1000.);
#1544=VECTOR('',#12425,1000.);
#1545=VECTOR('',#12426,1000.);
#1546=VECTOR('',#12427,1000.);
#1547=VECTOR('',#12430,1000.);
#1548=VECTOR('',#12431,1000.);
#1549=VECTOR('',#12432,1000.);
#1550=VECTOR('',#12435,1000.);
#1551=VECTOR('',#12436,1000.);
#1552=VECTOR('',#12439,1000.);
#1553=VECTOR('',#12442,1000.);
#1554=VECTOR('',#12443,1000.);
#1555=VECTOR('',#12444,1000.);
#1556=VECTOR('',#12445,1000.);
#1557=VECTOR('',#12448,1000.);
#1558=VECTOR('',#12449,1000.);
#1559=VECTOR('',#12450,1000.);
#1560=VECTOR('',#12455,1000.);
#1561=VECTOR('',#12456,1000.);
#1562=VECTOR('',#12459,1000.);
#1563=VECTOR('',#12460,1000.);
#1564=VECTOR('',#12463,1000.);
#1565=VECTOR('',#12466,1000.);
#1566=VECTOR('',#12467,1000.);
#1567=VECTOR('',#12468,1000.);
#1568=VECTOR('',#12469,1000.);
#1569=VECTOR('',#12472,1000.);
#1570=VECTOR('',#12473,1000.);
#1571=VECTOR('',#12474,1000.);
#1572=VECTOR('',#12479,1000.);
#1573=VECTOR('',#12480,1000.);
#1574=VECTOR('',#12483,1000.);
#1575=VECTOR('',#12484,1000.);
#1576=VECTOR('',#12487,1000.);
#1577=VECTOR('',#12490,1000.);
#1578=VECTOR('',#12491,1000.);
#1579=VECTOR('',#12492,1000.);
#1580=VECTOR('',#12493,1000.);
#1581=VECTOR('',#12496,1000.);
#1582=VECTOR('',#12497,1000.);
#1583=VECTOR('',#12498,1000.);
#1584=VECTOR('',#12503,1000.);
#1585=VECTOR('',#12504,1000.);
#1586=VECTOR('',#12507,1000.);
#1587=VECTOR('',#12508,1000.);
#1588=VECTOR('',#12511,1000.);
#1589=VECTOR('',#12514,1000.);
#1590=VECTOR('',#12515,1000.);
#1591=VECTOR('',#12520,1000.);
#1592=VECTOR('',#12521,1000.);
#1593=VECTOR('',#12524,1000.);
#1594=VECTOR('',#12529,1000.);
#1595=VECTOR('',#12534,1000.);
#1596=VECTOR('',#12535,1000.);
#1597=VECTOR('',#12538,1000.);
#1598=VECTOR('',#12541,1000.);
#1599=VECTOR('',#12542,1000.);
#1600=VECTOR('',#12549,1000.);
#1601=VECTOR('',#12550,1000.);
#1602=VECTOR('',#12551,1000.);
#1603=VECTOR('',#12554,1000.);
#1604=VECTOR('',#12555,1000.);
#1605=VECTOR('',#12558,1000.);
#1606=VECTOR('',#12559,1000.);
#1607=VECTOR('',#12562,1000.);
#1608=VECTOR('',#12571,1000.);
#1609=VECTOR('',#12572,1000.);
#1610=VECTOR('',#12573,1000.);
#1611=VECTOR('',#12576,1000.);
#1612=VECTOR('',#12577,1000.);
#1613=VECTOR('',#12580,1000.);
#1614=VECTOR('',#12581,1000.);
#1615=VECTOR('',#12584,1000.);
#1616=VECTOR('',#12593,1000.);
#1617=VECTOR('',#12594,1000.);
#1618=VECTOR('',#12595,1000.);
#1619=VECTOR('',#12598,1000.);
#1620=VECTOR('',#12599,1000.);
#1621=VECTOR('',#12602,1000.);
#1622=VECTOR('',#12603,1000.);
#1623=VECTOR('',#12606,1000.);
#1624=VECTOR('',#12615,1000.);
#1625=VECTOR('',#12616,1000.);
#1626=VECTOR('',#12617,1000.);
#1627=VECTOR('',#12620,1000.);
#1628=VECTOR('',#12621,1000.);
#1629=VECTOR('',#12624,1000.);
#1630=VECTOR('',#12625,1000.);
#1631=VECTOR('',#12628,1000.);
#1632=VECTOR('',#12637,1000.);
#1633=VECTOR('',#12638,1000.);
#1634=VECTOR('',#12639,1000.);
#1635=VECTOR('',#12642,1000.);
#1636=VECTOR('',#12643,1000.);
#1637=VECTOR('',#12646,1000.);
#1638=VECTOR('',#12647,1000.);
#1639=VECTOR('',#12648,1000.);
#1640=VECTOR('',#12651,1000.);
#1641=VECTOR('',#12652,1000.);
#1642=VECTOR('',#12655,1000.);
#1643=VECTOR('',#12656,1000.);
#1644=VECTOR('',#12659,1000.);
#1645=VECTOR('',#12660,1000.);
#1646=VECTOR('',#12663,1000.);
#1647=VECTOR('',#12664,1000.);
#1648=VECTOR('',#12671,1000.);
#1649=VECTOR('',#12676,1000.);
#1650=VECTOR('',#12679,1000.);
#1651=VECTOR('',#12680,1000.);
#1652=VECTOR('',#12687,1000.);
#1653=VECTOR('',#12688,1000.);
#1654=VECTOR('',#12691,1000.);
#1655=VECTOR('',#12698,1000.);
#1656=VECTOR('',#12699,1000.);
#1657=VECTOR('',#12700,1000.);
#1658=VECTOR('',#12703,1000.);
#1659=VECTOR('',#12704,1000.);
#1660=VECTOR('',#12707,1000.);
#1661=VECTOR('',#12708,1000.);
#1662=VECTOR('',#12711,1000.);
#1663=VECTOR('',#12712,1000.);
#1664=VECTOR('',#12715,1000.);
#1665=VECTOR('',#12716,1000.);
#1666=VECTOR('',#12721,1000.);
#1667=VECTOR('',#12724,1000.);
#1668=VECTOR('',#12725,1000.);
#1669=VECTOR('',#12730,1000.);
#1670=VECTOR('',#12733,1000.);
#1671=VECTOR('',#12734,1000.);
#1672=VECTOR('',#12737,1000.);
#1673=VECTOR('',#12738,1000.);
#1674=VECTOR('',#12741,1000.);
#1675=VECTOR('',#12742,1000.);
#1676=VECTOR('',#12745,1000.);
#1677=VECTOR('',#12750,1000.);
#1678=VECTOR('',#12751,1000.);
#1679=VECTOR('',#12752,1000.);
#1680=VECTOR('',#12753,1000.);
#1681=VECTOR('',#12756,1000.);
#1682=VECTOR('',#12757,1000.);
#1683=VECTOR('',#12760,1000.);
#1684=VECTOR('',#12763,1000.);
#1685=VECTOR('',#12768,1000.);
#1686=VECTOR('',#12769,1000.);
#1687=VECTOR('',#12770,1000.);
#1688=VECTOR('',#12771,1000.);
#1689=VECTOR('',#12774,1000.);
#1690=VECTOR('',#12775,1000.);
#1691=VECTOR('',#12778,1000.);
#1692=VECTOR('',#12781,1000.);
#1693=VECTOR('',#12786,1000.);
#1694=VECTOR('',#12787,1000.);
#1695=VECTOR('',#12788,1000.);
#1696=VECTOR('',#12789,1000.);
#1697=VECTOR('',#12792,1000.);
#1698=VECTOR('',#12793,1000.);
#1699=VECTOR('',#12796,1000.);
#1700=VECTOR('',#12799,1000.);
#1701=VECTOR('',#12804,1000.);
#1702=VECTOR('',#12805,1000.);
#1703=VECTOR('',#12806,1000.);
#1704=VECTOR('',#12807,1000.);
#1705=VECTOR('',#12810,1000.);
#1706=VECTOR('',#12811,1000.);
#1707=VECTOR('',#12814,1000.);
#1708=VECTOR('',#12817,1000.);
#1709=VECTOR('',#12822,1000.);
#1710=VECTOR('',#12823,1000.);
#1711=VECTOR('',#12824,1000.);
#1712=VECTOR('',#12831,1000.);
#1713=VECTOR('',#12834,1000.);
#1714=VECTOR('',#12835,1000.);
#1715=VECTOR('',#12836,1000.);
#1716=VECTOR('',#12849,1000.);
#1717=VECTOR('',#12852,1000.);
#1718=VECTOR('',#12853,1000.);
#1719=VECTOR('',#12854,1000.);
#1720=VECTOR('',#12861,1000.);
#1721=VECTOR('',#12864,1000.);
#1722=VECTOR('',#12865,1000.);
#1723=VECTOR('',#12872,1000.);
#1724=VECTOR('',#12873,1000.);
#1725=VECTOR('',#12874,1000.);
#1726=VECTOR('',#12881,1000.);
#1727=VECTOR('',#12884,1000.);
#1728=VECTOR('',#12885,1000.);
#1729=VECTOR('',#12886,1000.);
#1730=VECTOR('',#12899,1000.);
#1731=VECTOR('',#12902,1000.);
#1732=VECTOR('',#12903,1000.);
#1733=VECTOR('',#12904,1000.);
#1734=VECTOR('',#12911,1000.);
#1735=VECTOR('',#12914,1000.);
#1736=VECTOR('',#12915,1000.);
#1737=VECTOR('',#12922,1000.);
#1738=VECTOR('',#12923,1000.);
#1739=VECTOR('',#12924,1000.);
#1740=VECTOR('',#12931,1000.);
#1741=VECTOR('',#12934,1000.);
#1742=VECTOR('',#12935,1000.);
#1743=VECTOR('',#12936,1000.);
#1744=VECTOR('',#12949,1000.);
#1745=VECTOR('',#12952,1000.);
#1746=VECTOR('',#12953,1000.);
#1747=VECTOR('',#12954,1000.);
#1748=VECTOR('',#12961,1000.);
#1749=VECTOR('',#12964,1000.);
#1750=VECTOR('',#12965,1000.);
#1751=VECTOR('',#12972,1000.);
#1752=VECTOR('',#12973,1000.);
#1753=VECTOR('',#12976,1000.);
#1754=VECTOR('',#12979,1000.);
#1755=VECTOR('',#12982,1000.);
#1756=VECTOR('',#12985,1000.);
#1757=VECTOR('',#12988,1000.);
#1758=VECTOR('',#12991,1000.);
#1759=VECTOR('',#12996,1000.);
#1760=VECTOR('',#12997,1000.);
#1761=VECTOR('',#12998,1000.);
#1762=VECTOR('',#13001,1000.);
#1763=VECTOR('',#13002,1000.);
#1764=VECTOR('',#13005,1000.);
#1765=VECTOR('',#13006,1000.);
#1766=VECTOR('',#13009,1000.);
#1767=VECTOR('',#13016,1000.);
#1768=VECTOR('',#13017,1000.);
#1769=VECTOR('',#13020,1000.);
#1770=VECTOR('',#13023,1000.);
#1771=VECTOR('',#13026,1000.);
#1772=VECTOR('',#13029,1000.);
#1773=VECTOR('',#13032,1000.);
#1774=VECTOR('',#13035,1000.);
#1775=VECTOR('',#13040,1000.);
#1776=VECTOR('',#13041,1000.);
#1777=VECTOR('',#13042,1000.);
#1778=VECTOR('',#13045,1000.);
#1779=VECTOR('',#13046,1000.);
#1780=VECTOR('',#13051,1000.);
#1781=VECTOR('',#13052,1000.);
#1782=VECTOR('',#13053,1000.);
#1783=VECTOR('',#13056,1000.);
#1784=VECTOR('',#13057,1000.);
#1785=VECTOR('',#13058,1000.);
#1786=VECTOR('',#13063,1000.);
#1787=VECTOR('',#13064,1000.);
#1788=VECTOR('',#13065,1000.);
#1789=VECTOR('',#13068,1000.);
#1790=VECTOR('',#13069,1000.);
#1791=VECTOR('',#13074,1000.);
#1792=VECTOR('',#13075,1000.);
#1793=VECTOR('',#13076,1000.);
#1794=VECTOR('',#13079,1000.);
#1795=VECTOR('',#13080,1000.);
#1796=VECTOR('',#13081,1000.);
#1797=VECTOR('',#13088,1000.);
#1798=VECTOR('',#13089,1000.);
#1799=VECTOR('',#13092,1000.);
#1800=VECTOR('',#13095,1000.);
#1801=VECTOR('',#13100,1000.);
#1802=VECTOR('',#13101,1000.);
#1803=VECTOR('',#13102,1000.);
#1804=VECTOR('',#13105,1000.);
#1805=VECTOR('',#13106,1000.);
#1806=VECTOR('',#13113,1000.);
#1807=VECTOR('',#13114,1000.);
#1808=VECTOR('',#13117,1000.);
#1809=VECTOR('',#13120,1000.);
#1810=VECTOR('',#13127,1000.);
#1811=VECTOR('',#13128,1000.);
#1812=VECTOR('',#13131,1000.);
#1813=VECTOR('',#13134,1000.);
#1814=VECTOR('',#13137,1000.);
#1815=VECTOR('',#13140,1000.);
#1816=VECTOR('',#13143,1000.);
#1817=VECTOR('',#13146,1000.);
#1818=VECTOR('',#13153,1000.);
#1819=VECTOR('',#13154,1000.);
#1820=VECTOR('',#13157,1000.);
#1821=VECTOR('',#13160,1000.);
#1822=VECTOR('',#13163,1000.);
#1823=VECTOR('',#13166,1000.);
#1824=VECTOR('',#13169,1000.);
#1825=VECTOR('',#13172,1000.);
#1826=VECTOR('',#13175,1000.);
#1827=VECTOR('',#13178,1000.);
#1828=VECTOR('',#13181,1000.);
#1829=VECTOR('',#13184,1000.);
#1830=VECTOR('',#13191,1000.);
#1831=VECTOR('',#13192,1000.);
#1832=VECTOR('',#13195,1000.);
#1833=VECTOR('',#13198,1000.);
#1834=VECTOR('',#13201,1000.);
#1835=VECTOR('',#13204,1000.);
#1836=VECTOR('',#13207,1000.);
#1837=VECTOR('',#13210,1000.);
#1838=VECTOR('',#13213,1000.);
#1839=VECTOR('',#13216,1000.);
#1840=VECTOR('',#13219,1000.);
#1841=VECTOR('',#13222,1000.);
#1842=VECTOR('',#13227,1000.);
#1843=VECTOR('',#13228,1000.);
#1844=VECTOR('',#13231,1000.);
#1845=VECTOR('',#13232,1000.);
#1846=VECTOR('',#13235,1000.);
#1847=VECTOR('',#13250,1000.);
#1848=VECTOR('',#13251,1000.);
#1849=VECTOR('',#13252,1000.);
#1850=VECTOR('',#13253,1000.);
#1851=VECTOR('',#13256,1000.);
#1852=VECTOR('',#13257,1000.);
#1853=VECTOR('',#13260,1000.);
#1854=VECTOR('',#13263,1000.);
#1855=VECTOR('',#13268,1000.);
#1856=VECTOR('',#13269,1000.);
#1857=VECTOR('',#13270,1000.);
#1858=VECTOR('',#13271,1000.);
#1859=VECTOR('',#13274,1000.);
#1860=VECTOR('',#13275,1000.);
#1861=VECTOR('',#13278,1000.);
#1862=VECTOR('',#13281,1000.);
#1863=ORIENTED_EDGE('',*,*,#4103,.T.);
#1864=ORIENTED_EDGE('',*,*,#4104,.T.);
#1865=ORIENTED_EDGE('',*,*,#4105,.T.);
#1866=ORIENTED_EDGE('',*,*,#4106,.T.);
#1867=ORIENTED_EDGE('',*,*,#4107,.T.);
#1868=ORIENTED_EDGE('',*,*,#4108,.T.);
#1869=ORIENTED_EDGE('',*,*,#4109,.T.);
#1870=ORIENTED_EDGE('',*,*,#4110,.T.);
#1871=ORIENTED_EDGE('',*,*,#4111,.T.);
#1872=ORIENTED_EDGE('',*,*,#4112,.F.);
#1873=ORIENTED_EDGE('',*,*,#4113,.T.);
#1874=ORIENTED_EDGE('',*,*,#4114,.T.);
#1875=ORIENTED_EDGE('',*,*,#4115,.T.);
#1876=ORIENTED_EDGE('',*,*,#4116,.F.);
#1877=ORIENTED_EDGE('',*,*,#4117,.T.);
#1878=ORIENTED_EDGE('',*,*,#4118,.T.);
#1879=ORIENTED_EDGE('',*,*,#4119,.T.);
#1880=ORIENTED_EDGE('',*,*,#4120,.F.);
#1881=ORIENTED_EDGE('',*,*,#4121,.F.);
#1882=ORIENTED_EDGE('',*,*,#4122,.T.);
#1883=ORIENTED_EDGE('',*,*,#4123,.F.);
#1884=ORIENTED_EDGE('',*,*,#4124,.F.);
#1885=ORIENTED_EDGE('',*,*,#4125,.F.);
#1886=ORIENTED_EDGE('',*,*,#4126,.T.);
#1887=ORIENTED_EDGE('',*,*,#4127,.F.);
#1888=ORIENTED_EDGE('',*,*,#4128,.F.);
#1889=ORIENTED_EDGE('',*,*,#4129,.T.);
#1890=ORIENTED_EDGE('',*,*,#4130,.T.);
#1891=ORIENTED_EDGE('',*,*,#4131,.T.);
#1892=ORIENTED_EDGE('',*,*,#4132,.F.);
#1893=ORIENTED_EDGE('',*,*,#4133,.T.);
#1894=ORIENTED_EDGE('',*,*,#4134,.T.);
#1895=ORIENTED_EDGE('',*,*,#4135,.T.);
#1896=ORIENTED_EDGE('',*,*,#4136,.F.);
#1897=ORIENTED_EDGE('',*,*,#4137,.T.);
#1898=ORIENTED_EDGE('',*,*,#4138,.T.);
#1899=ORIENTED_EDGE('',*,*,#4139,.T.);
#1900=ORIENTED_EDGE('',*,*,#4140,.F.);
#1901=ORIENTED_EDGE('',*,*,#4141,.T.);
#1902=ORIENTED_EDGE('',*,*,#4142,.T.);
#1903=ORIENTED_EDGE('',*,*,#4143,.T.);
#1904=ORIENTED_EDGE('',*,*,#4144,.F.);
#1905=ORIENTED_EDGE('',*,*,#4145,.F.);
#1906=ORIENTED_EDGE('',*,*,#4146,.T.);
#1907=ORIENTED_EDGE('',*,*,#4147,.F.);
#1908=ORIENTED_EDGE('',*,*,#4148,.F.);
#1909=ORIENTED_EDGE('',*,*,#4149,.F.);
#1910=ORIENTED_EDGE('',*,*,#4150,.T.);
#1911=ORIENTED_EDGE('',*,*,#4151,.F.);
#1912=ORIENTED_EDGE('',*,*,#4152,.F.);
#1913=ORIENTED_EDGE('',*,*,#4153,.F.);
#1914=ORIENTED_EDGE('',*,*,#4154,.T.);
#1915=ORIENTED_EDGE('',*,*,#4155,.F.);
#1916=ORIENTED_EDGE('',*,*,#4156,.F.);
#1917=ORIENTED_EDGE('',*,*,#4157,.T.);
#1918=ORIENTED_EDGE('',*,*,#4158,.T.);
#1919=ORIENTED_EDGE('',*,*,#4159,.T.);
#1920=ORIENTED_EDGE('',*,*,#4160,.F.);
#1921=ORIENTED_EDGE('',*,*,#4161,.T.);
#1922=ORIENTED_EDGE('',*,*,#4162,.T.);
#1923=ORIENTED_EDGE('',*,*,#4163,.T.);
#1924=ORIENTED_EDGE('',*,*,#4164,.F.);
#1925=ORIENTED_EDGE('',*,*,#4165,.T.);
#1926=ORIENTED_EDGE('',*,*,#4166,.T.);
#1927=ORIENTED_EDGE('',*,*,#4167,.T.);
#1928=ORIENTED_EDGE('',*,*,#4168,.F.);
#1929=ORIENTED_EDGE('',*,*,#4169,.T.);
#1930=ORIENTED_EDGE('',*,*,#4170,.T.);
#1931=ORIENTED_EDGE('',*,*,#4171,.T.);
#1932=ORIENTED_EDGE('',*,*,#4172,.F.);
#1933=ORIENTED_EDGE('',*,*,#4173,.F.);
#1934=ORIENTED_EDGE('',*,*,#4174,.T.);
#1935=ORIENTED_EDGE('',*,*,#4175,.F.);
#1936=ORIENTED_EDGE('',*,*,#4176,.F.);
#1937=ORIENTED_EDGE('',*,*,#4177,.F.);
#1938=ORIENTED_EDGE('',*,*,#4178,.T.);
#1939=ORIENTED_EDGE('',*,*,#4179,.F.);
#1940=ORIENTED_EDGE('',*,*,#4180,.F.);
#1941=ORIENTED_EDGE('',*,*,#4181,.F.);
#1942=ORIENTED_EDGE('',*,*,#4182,.T.);
#1943=ORIENTED_EDGE('',*,*,#4183,.F.);
#1944=ORIENTED_EDGE('',*,*,#4184,.F.);
#1945=ORIENTED_EDGE('',*,*,#4185,.F.);
#1946=ORIENTED_EDGE('',*,*,#4186,.F.);
#1947=ORIENTED_EDGE('',*,*,#4187,.F.);
#1948=ORIENTED_EDGE('',*,*,#4188,.F.);
#1949=ORIENTED_EDGE('',*,*,#4189,.F.);
#1950=ORIENTED_EDGE('',*,*,#4190,.F.);
#1951=ORIENTED_EDGE('',*,*,#4191,.F.);
#1952=ORIENTED_EDGE('',*,*,#4192,.F.);
#1953=ORIENTED_EDGE('',*,*,#4193,.F.);
#1954=ORIENTED_EDGE('',*,*,#4194,.F.);
#1955=ORIENTED_EDGE('',*,*,#4195,.F.);
#1956=ORIENTED_EDGE('',*,*,#4196,.F.);
#1957=ORIENTED_EDGE('',*,*,#4197,.F.);
#1958=ORIENTED_EDGE('',*,*,#4198,.F.);
#1959=ORIENTED_EDGE('',*,*,#4199,.F.);
#1960=ORIENTED_EDGE('',*,*,#4200,.F.);
#1961=ORIENTED_EDGE('',*,*,#4201,.F.);
#1962=ORIENTED_EDGE('',*,*,#4202,.T.);
#1963=ORIENTED_EDGE('',*,*,#4203,.T.);
#1964=ORIENTED_EDGE('',*,*,#4204,.T.);
#1965=ORIENTED_EDGE('',*,*,#4205,.T.);
#1966=ORIENTED_EDGE('',*,*,#4206,.F.);
#1967=ORIENTED_EDGE('',*,*,#4207,.T.);
#1968=ORIENTED_EDGE('',*,*,#4208,.T.);
#1969=ORIENTED_EDGE('',*,*,#4209,.F.);
#1970=ORIENTED_EDGE('',*,*,#4210,.F.);
#1971=ORIENTED_EDGE('',*,*,#4211,.T.);
#1972=ORIENTED_EDGE('',*,*,#4212,.T.);
#1973=ORIENTED_EDGE('',*,*,#4213,.F.);
#1974=ORIENTED_EDGE('',*,*,#4214,.F.);
#1975=ORIENTED_EDGE('',*,*,#4215,.T.);
#1976=ORIENTED_EDGE('',*,*,#4216,.T.);
#1977=ORIENTED_EDGE('',*,*,#4217,.T.);
#1978=ORIENTED_EDGE('',*,*,#4218,.T.);
#1979=ORIENTED_EDGE('',*,*,#4219,.F.);
#1980=ORIENTED_EDGE('',*,*,#4220,.F.);
#1981=ORIENTED_EDGE('',*,*,#4221,.F.);
#1982=ORIENTED_EDGE('',*,*,#4222,.F.);
#1983=ORIENTED_EDGE('',*,*,#4223,.F.);
#1984=ORIENTED_EDGE('',*,*,#4224,.F.);
#1985=ORIENTED_EDGE('',*,*,#4225,.F.);
#1986=ORIENTED_EDGE('',*,*,#4226,.F.);
#1987=ORIENTED_EDGE('',*,*,#4227,.F.);
#1988=ORIENTED_EDGE('',*,*,#4228,.F.);
#1989=ORIENTED_EDGE('',*,*,#4229,.F.);
#1990=ORIENTED_EDGE('',*,*,#4230,.F.);
#1991=ORIENTED_EDGE('',*,*,#4231,.F.);
#1992=ORIENTED_EDGE('',*,*,#4232,.F.);
#1993=ORIENTED_EDGE('',*,*,#4233,.F.);
#1994=ORIENTED_EDGE('',*,*,#4234,.F.);
#1995=ORIENTED_EDGE('',*,*,#4235,.F.);
#1996=ORIENTED_EDGE('',*,*,#4236,.F.);
#1997=ORIENTED_EDGE('',*,*,#4237,.F.);
#1998=ORIENTED_EDGE('',*,*,#4238,.F.);
#1999=ORIENTED_EDGE('',*,*,#4239,.F.);
#2000=ORIENTED_EDGE('',*,*,#4240,.F.);
#2001=ORIENTED_EDGE('',*,*,#4241,.F.);
#2002=ORIENTED_EDGE('',*,*,#4242,.F.);
#2003=ORIENTED_EDGE('',*,*,#4243,.F.);
#2004=ORIENTED_EDGE('',*,*,#4244,.F.);
#2005=ORIENTED_EDGE('',*,*,#4245,.F.);
#2006=ORIENTED_EDGE('',*,*,#4246,.T.);
#2007=ORIENTED_EDGE('',*,*,#4247,.F.);
#2008=ORIENTED_EDGE('',*,*,#4248,.F.);
#2009=ORIENTED_EDGE('',*,*,#4249,.F.);
#2010=ORIENTED_EDGE('',*,*,#4250,.T.);
#2011=ORIENTED_EDGE('',*,*,#4251,.F.);
#2012=ORIENTED_EDGE('',*,*,#4252,.F.);
#2013=ORIENTED_EDGE('',*,*,#4253,.F.);
#2014=ORIENTED_EDGE('',*,*,#4254,.T.);
#2015=ORIENTED_EDGE('',*,*,#4255,.F.);
#2016=ORIENTED_EDGE('',*,*,#4256,.F.);
#2017=ORIENTED_EDGE('',*,*,#4257,.T.);
#2018=ORIENTED_EDGE('',*,*,#4258,.T.);
#2019=ORIENTED_EDGE('',*,*,#4259,.T.);
#2020=ORIENTED_EDGE('',*,*,#4260,.T.);
#2021=ORIENTED_EDGE('',*,*,#4261,.T.);
#2022=ORIENTED_EDGE('',*,*,#4262,.T.);
#2023=ORIENTED_EDGE('',*,*,#4263,.T.);
#2024=ORIENTED_EDGE('',*,*,#4264,.T.);
#2025=ORIENTED_EDGE('',*,*,#4265,.T.);
#2026=ORIENTED_EDGE('',*,*,#4266,.T.);
#2027=ORIENTED_EDGE('',*,*,#4267,.T.);
#2028=ORIENTED_EDGE('',*,*,#4268,.T.);
#2029=ORIENTED_EDGE('',*,*,#4269,.T.);
#2030=ORIENTED_EDGE('',*,*,#4270,.T.);
#2031=ORIENTED_EDGE('',*,*,#4271,.T.);
#2032=ORIENTED_EDGE('',*,*,#4272,.T.);
#2033=ORIENTED_EDGE('',*,*,#4273,.T.);
#2034=ORIENTED_EDGE('',*,*,#4274,.T.);
#2035=ORIENTED_EDGE('',*,*,#4275,.T.);
#2036=ORIENTED_EDGE('',*,*,#4276,.T.);
#2037=ORIENTED_EDGE('',*,*,#4277,.T.);
#2038=ORIENTED_EDGE('',*,*,#4278,.T.);
#2039=ORIENTED_EDGE('',*,*,#4279,.T.);
#2040=ORIENTED_EDGE('',*,*,#4280,.T.);
#2041=ORIENTED_EDGE('',*,*,#4281,.T.);
#2042=ORIENTED_EDGE('',*,*,#4282,.T.);
#2043=ORIENTED_EDGE('',*,*,#4283,.T.);
#2044=ORIENTED_EDGE('',*,*,#4284,.T.);
#2045=ORIENTED_EDGE('',*,*,#4285,.T.);
#2046=ORIENTED_EDGE('',*,*,#4286,.T.);
#2047=ORIENTED_EDGE('',*,*,#4287,.T.);
#2048=ORIENTED_EDGE('',*,*,#4288,.T.);
#2049=ORIENTED_EDGE('',*,*,#4289,.T.);
#2050=ORIENTED_EDGE('',*,*,#4290,.T.);
#2051=ORIENTED_EDGE('',*,*,#4291,.T.);
#2052=ORIENTED_EDGE('',*,*,#4292,.T.);
#2053=ORIENTED_EDGE('',*,*,#4293,.T.);
#2054=ORIENTED_EDGE('',*,*,#4294,.T.);
#2055=ORIENTED_EDGE('',*,*,#4295,.T.);
#2056=ORIENTED_EDGE('',*,*,#4296,.T.);
#2057=ORIENTED_EDGE('',*,*,#4297,.T.);
#2058=ORIENTED_EDGE('',*,*,#4298,.T.);
#2059=ORIENTED_EDGE('',*,*,#4299,.T.);
#2060=ORIENTED_EDGE('',*,*,#4300,.T.);
#2061=ORIENTED_EDGE('',*,*,#4301,.T.);
#2062=ORIENTED_EDGE('',*,*,#4302,.T.);
#2063=ORIENTED_EDGE('',*,*,#4303,.T.);
#2064=ORIENTED_EDGE('',*,*,#4304,.T.);
#2065=ORIENTED_EDGE('',*,*,#4305,.T.);
#2066=ORIENTED_EDGE('',*,*,#4306,.T.);
#2067=ORIENTED_EDGE('',*,*,#4307,.T.);
#2068=ORIENTED_EDGE('',*,*,#4308,.T.);
#2069=ORIENTED_EDGE('',*,*,#4309,.T.);
#2070=ORIENTED_EDGE('',*,*,#4310,.T.);
#2071=ORIENTED_EDGE('',*,*,#4311,.T.);
#2072=ORIENTED_EDGE('',*,*,#4312,.T.);
#2073=ORIENTED_EDGE('',*,*,#4313,.T.);
#2074=ORIENTED_EDGE('',*,*,#4314,.T.);
#2075=ORIENTED_EDGE('',*,*,#4315,.T.);
#2076=ORIENTED_EDGE('',*,*,#4316,.T.);
#2077=ORIENTED_EDGE('',*,*,#4317,.T.);
#2078=ORIENTED_EDGE('',*,*,#4318,.T.);
#2079=ORIENTED_EDGE('',*,*,#4319,.T.);
#2080=ORIENTED_EDGE('',*,*,#4320,.T.);
#2081=ORIENTED_EDGE('',*,*,#4321,.F.);
#2082=ORIENTED_EDGE('',*,*,#4322,.F.);
#2083=ORIENTED_EDGE('',*,*,#4323,.F.);
#2084=ORIENTED_EDGE('',*,*,#4324,.F.);
#2085=ORIENTED_EDGE('',*,*,#4325,.F.);
#2086=ORIENTED_EDGE('',*,*,#4326,.F.);
#2087=ORIENTED_EDGE('',*,*,#4327,.F.);
#2088=ORIENTED_EDGE('',*,*,#4328,.F.);
#2089=ORIENTED_EDGE('',*,*,#4329,.F.);
#2090=ORIENTED_EDGE('',*,*,#4330,.F.);
#2091=ORIENTED_EDGE('',*,*,#4331,.F.);
#2092=ORIENTED_EDGE('',*,*,#4332,.F.);
#2093=ORIENTED_EDGE('',*,*,#4333,.F.);
#2094=ORIENTED_EDGE('',*,*,#4334,.F.);
#2095=ORIENTED_EDGE('',*,*,#4335,.F.);
#2096=ORIENTED_EDGE('',*,*,#4336,.F.);
#2097=ORIENTED_EDGE('',*,*,#4337,.F.);
#2098=ORIENTED_EDGE('',*,*,#4338,.F.);
#2099=ORIENTED_EDGE('',*,*,#4339,.F.);
#2100=ORIENTED_EDGE('',*,*,#4340,.F.);
#2101=ORIENTED_EDGE('',*,*,#4341,.F.);
#2102=ORIENTED_EDGE('',*,*,#4342,.F.);
#2103=ORIENTED_EDGE('',*,*,#4343,.F.);
#2104=ORIENTED_EDGE('',*,*,#4344,.F.);
#2105=ORIENTED_EDGE('',*,*,#4345,.F.);
#2106=ORIENTED_EDGE('',*,*,#4346,.F.);
#2107=ORIENTED_EDGE('',*,*,#4347,.F.);
#2108=ORIENTED_EDGE('',*,*,#4348,.F.);
#2109=ORIENTED_EDGE('',*,*,#4349,.F.);
#2110=ORIENTED_EDGE('',*,*,#4350,.F.);
#2111=ORIENTED_EDGE('',*,*,#4351,.F.);
#2112=ORIENTED_EDGE('',*,*,#4352,.F.);
#2113=ORIENTED_EDGE('',*,*,#4353,.F.);
#2114=ORIENTED_EDGE('',*,*,#4354,.F.);
#2115=ORIENTED_EDGE('',*,*,#4355,.F.);
#2116=ORIENTED_EDGE('',*,*,#4356,.F.);
#2117=ORIENTED_EDGE('',*,*,#4357,.T.);
#2118=ORIENTED_EDGE('',*,*,#4358,.F.);
#2119=ORIENTED_EDGE('',*,*,#4359,.F.);
#2120=ORIENTED_EDGE('',*,*,#4360,.T.);
#2121=ORIENTED_EDGE('',*,*,#4361,.T.);
#2122=ORIENTED_EDGE('',*,*,#4362,.F.);
#2123=ORIENTED_EDGE('',*,*,#4363,.F.);
#2124=ORIENTED_EDGE('',*,*,#4358,.T.);
#2125=ORIENTED_EDGE('',*,*,#4364,.T.);
#2126=ORIENTED_EDGE('',*,*,#4109,.F.);
#2127=ORIENTED_EDGE('',*,*,#4365,.F.);
#2128=ORIENTED_EDGE('',*,*,#4362,.T.);
#2129=ORIENTED_EDGE('',*,*,#4366,.T.);
#2130=ORIENTED_EDGE('',*,*,#4367,.F.);
#2131=ORIENTED_EDGE('',*,*,#4368,.F.);
#2132=ORIENTED_EDGE('',*,*,#4111,.F.);
#2133=ORIENTED_EDGE('',*,*,#4369,.T.);
#2134=ORIENTED_EDGE('',*,*,#4370,.F.);
#2135=ORIENTED_EDGE('',*,*,#4371,.F.);
#2136=ORIENTED_EDGE('',*,*,#4367,.T.);
#2137=ORIENTED_EDGE('',*,*,#4372,.T.);
#2138=ORIENTED_EDGE('',*,*,#4373,.F.);
#2139=ORIENTED_EDGE('',*,*,#4374,.F.);
#2140=ORIENTED_EDGE('',*,*,#4370,.T.);
#2141=ORIENTED_EDGE('',*,*,#4375,.T.);
#2142=ORIENTED_EDGE('',*,*,#4376,.F.);
#2143=ORIENTED_EDGE('',*,*,#4377,.F.);
#2144=ORIENTED_EDGE('',*,*,#4378,.T.);
#2145=ORIENTED_EDGE('',*,*,#4379,.T.);
#2146=ORIENTED_EDGE('',*,*,#4380,.F.);
#2147=ORIENTED_EDGE('',*,*,#4381,.F.);
#2148=ORIENTED_EDGE('',*,*,#4376,.T.);
#2149=ORIENTED_EDGE('',*,*,#4382,.T.);
#2150=ORIENTED_EDGE('',*,*,#4113,.F.);
#2151=ORIENTED_EDGE('',*,*,#4383,.F.);
#2152=ORIENTED_EDGE('',*,*,#4380,.T.);
#2153=ORIENTED_EDGE('',*,*,#4384,.T.);
#2154=ORIENTED_EDGE('',*,*,#4385,.F.);
#2155=ORIENTED_EDGE('',*,*,#4386,.F.);
#2156=ORIENTED_EDGE('',*,*,#4115,.F.);
#2157=ORIENTED_EDGE('',*,*,#4387,.T.);
#2158=ORIENTED_EDGE('',*,*,#4388,.F.);
#2159=ORIENTED_EDGE('',*,*,#4389,.F.);
#2160=ORIENTED_EDGE('',*,*,#4385,.T.);
#2161=ORIENTED_EDGE('',*,*,#4390,.T.);
#2162=ORIENTED_EDGE('',*,*,#4391,.F.);
#2163=ORIENTED_EDGE('',*,*,#4392,.F.);
#2164=ORIENTED_EDGE('',*,*,#4388,.T.);
#2165=ORIENTED_EDGE('',*,*,#4393,.T.);
#2166=ORIENTED_EDGE('',*,*,#4394,.F.);
#2167=ORIENTED_EDGE('',*,*,#4395,.F.);
#2168=ORIENTED_EDGE('',*,*,#4396,.T.);
#2169=ORIENTED_EDGE('',*,*,#4397,.T.);
#2170=ORIENTED_EDGE('',*,*,#4398,.F.);
#2171=ORIENTED_EDGE('',*,*,#4399,.F.);
#2172=ORIENTED_EDGE('',*,*,#4394,.T.);
#2173=ORIENTED_EDGE('',*,*,#4400,.T.);
#2174=ORIENTED_EDGE('',*,*,#4117,.F.);
#2175=ORIENTED_EDGE('',*,*,#4401,.F.);
#2176=ORIENTED_EDGE('',*,*,#4398,.T.);
#2177=ORIENTED_EDGE('',*,*,#4402,.T.);
#2178=ORIENTED_EDGE('',*,*,#4403,.F.);
#2179=ORIENTED_EDGE('',*,*,#4404,.F.);
#2180=ORIENTED_EDGE('',*,*,#4119,.F.);
#2181=ORIENTED_EDGE('',*,*,#4405,.T.);
#2182=ORIENTED_EDGE('',*,*,#4406,.F.);
#2183=ORIENTED_EDGE('',*,*,#4407,.F.);
#2184=ORIENTED_EDGE('',*,*,#4403,.T.);
#2185=ORIENTED_EDGE('',*,*,#4408,.T.);
#2186=ORIENTED_EDGE('',*,*,#4409,.F.);
#2187=ORIENTED_EDGE('',*,*,#4410,.F.);
#2188=ORIENTED_EDGE('',*,*,#4406,.T.);
#2189=ORIENTED_EDGE('',*,*,#4411,.F.);
#2190=ORIENTED_EDGE('',*,*,#4360,.F.);
#2191=ORIENTED_EDGE('',*,*,#4412,.T.);
#2192=ORIENTED_EDGE('',*,*,#4413,.T.);
#2193=ORIENTED_EDGE('',*,*,#4414,.F.);
#2194=ORIENTED_EDGE('',*,*,#4413,.F.);
#2195=ORIENTED_EDGE('',*,*,#4415,.T.);
#2196=ORIENTED_EDGE('',*,*,#4416,.T.);
#2197=ORIENTED_EDGE('',*,*,#4417,.F.);
#2198=ORIENTED_EDGE('',*,*,#4416,.F.);
#2199=ORIENTED_EDGE('',*,*,#4418,.T.);
#2200=ORIENTED_EDGE('',*,*,#4419,.T.);
#2201=ORIENTED_EDGE('',*,*,#4420,.F.);
#2202=ORIENTED_EDGE('',*,*,#4419,.F.);
#2203=ORIENTED_EDGE('',*,*,#4421,.T.);
#2204=ORIENTED_EDGE('',*,*,#4121,.T.);
#2205=ORIENTED_EDGE('',*,*,#4422,.F.);
#2206=ORIENTED_EDGE('',*,*,#4123,.T.);
#2207=ORIENTED_EDGE('',*,*,#4423,.T.);
#2208=ORIENTED_EDGE('',*,*,#4424,.T.);
#2209=ORIENTED_EDGE('',*,*,#4425,.F.);
#2210=ORIENTED_EDGE('',*,*,#4424,.F.);
#2211=ORIENTED_EDGE('',*,*,#4426,.T.);
#2212=ORIENTED_EDGE('',*,*,#4427,.T.);
#2213=ORIENTED_EDGE('',*,*,#4428,.F.);
#2214=ORIENTED_EDGE('',*,*,#4427,.F.);
#2215=ORIENTED_EDGE('',*,*,#4429,.T.);
#2216=ORIENTED_EDGE('',*,*,#4430,.T.);
#2217=ORIENTED_EDGE('',*,*,#4431,.F.);
#2218=ORIENTED_EDGE('',*,*,#4430,.F.);
#2219=ORIENTED_EDGE('',*,*,#4432,.T.);
#2220=ORIENTED_EDGE('',*,*,#4373,.T.);
#2221=ORIENTED_EDGE('',*,*,#4122,.F.);
#2222=ORIENTED_EDGE('',*,*,#4421,.F.);
#2223=ORIENTED_EDGE('',*,*,#4418,.F.);
#2224=ORIENTED_EDGE('',*,*,#4415,.F.);
#2225=ORIENTED_EDGE('',*,*,#4412,.F.);
#2226=ORIENTED_EDGE('',*,*,#4359,.T.);
#2227=ORIENTED_EDGE('',*,*,#4363,.T.);
#2228=ORIENTED_EDGE('',*,*,#4365,.T.);
#2229=ORIENTED_EDGE('',*,*,#4112,.T.);
#2230=ORIENTED_EDGE('',*,*,#4368,.T.);
#2231=ORIENTED_EDGE('',*,*,#4371,.T.);
#2232=ORIENTED_EDGE('',*,*,#4374,.T.);
#2233=ORIENTED_EDGE('',*,*,#4432,.F.);
#2234=ORIENTED_EDGE('',*,*,#4429,.F.);
#2235=ORIENTED_EDGE('',*,*,#4426,.F.);
#2236=ORIENTED_EDGE('',*,*,#4423,.F.);
#2237=ORIENTED_EDGE('',*,*,#4420,.T.);
#2238=ORIENTED_EDGE('',*,*,#4124,.T.);
#2239=ORIENTED_EDGE('',*,*,#4422,.T.);
#2240=ORIENTED_EDGE('',*,*,#4425,.T.);
#2241=ORIENTED_EDGE('',*,*,#4428,.T.);
#2242=ORIENTED_EDGE('',*,*,#4431,.T.);
#2243=ORIENTED_EDGE('',*,*,#4372,.F.);
#2244=ORIENTED_EDGE('',*,*,#4369,.F.);
#2245=ORIENTED_EDGE('',*,*,#4366,.F.);
#2246=ORIENTED_EDGE('',*,*,#4110,.F.);
#2247=ORIENTED_EDGE('',*,*,#4364,.F.);
#2248=ORIENTED_EDGE('',*,*,#4361,.F.);
#2249=ORIENTED_EDGE('',*,*,#4357,.F.);
#2250=ORIENTED_EDGE('',*,*,#4411,.T.);
#2251=ORIENTED_EDGE('',*,*,#4414,.T.);
#2252=ORIENTED_EDGE('',*,*,#4417,.T.);
#2253=ORIENTED_EDGE('',*,*,#4433,.F.);
#2254=ORIENTED_EDGE('',*,*,#4378,.F.);
#2255=ORIENTED_EDGE('',*,*,#4434,.T.);
#2256=ORIENTED_EDGE('',*,*,#4435,.T.);
#2257=ORIENTED_EDGE('',*,*,#4436,.F.);
#2258=ORIENTED_EDGE('',*,*,#4435,.F.);
#2259=ORIENTED_EDGE('',*,*,#4437,.T.);
#2260=ORIENTED_EDGE('',*,*,#4438,.T.);
#2261=ORIENTED_EDGE('',*,*,#4439,.F.);
#2262=ORIENTED_EDGE('',*,*,#4438,.F.);
#2263=ORIENTED_EDGE('',*,*,#4440,.T.);
#2264=ORIENTED_EDGE('',*,*,#4441,.T.);
#2265=ORIENTED_EDGE('',*,*,#4442,.F.);
#2266=ORIENTED_EDGE('',*,*,#4441,.F.);
#2267=ORIENTED_EDGE('',*,*,#4443,.T.);
#2268=ORIENTED_EDGE('',*,*,#4125,.T.);
#2269=ORIENTED_EDGE('',*,*,#4444,.F.);
#2270=ORIENTED_EDGE('',*,*,#4127,.T.);
#2271=ORIENTED_EDGE('',*,*,#4445,.T.);
#2272=ORIENTED_EDGE('',*,*,#4446,.T.);
#2273=ORIENTED_EDGE('',*,*,#4447,.F.);
#2274=ORIENTED_EDGE('',*,*,#4446,.F.);
#2275=ORIENTED_EDGE('',*,*,#4448,.T.);
#2276=ORIENTED_EDGE('',*,*,#4449,.T.);
#2277=ORIENTED_EDGE('',*,*,#4450,.F.);
#2278=ORIENTED_EDGE('',*,*,#4449,.F.);
#2279=ORIENTED_EDGE('',*,*,#4451,.T.);
#2280=ORIENTED_EDGE('',*,*,#4452,.T.);
#2281=ORIENTED_EDGE('',*,*,#4453,.F.);
#2282=ORIENTED_EDGE('',*,*,#4452,.F.);
#2283=ORIENTED_EDGE('',*,*,#4454,.T.);
#2284=ORIENTED_EDGE('',*,*,#4391,.T.);
#2285=ORIENTED_EDGE('',*,*,#4126,.F.);
#2286=ORIENTED_EDGE('',*,*,#4443,.F.);
#2287=ORIENTED_EDGE('',*,*,#4440,.F.);
#2288=ORIENTED_EDGE('',*,*,#4437,.F.);
#2289=ORIENTED_EDGE('',*,*,#4434,.F.);
#2290=ORIENTED_EDGE('',*,*,#4377,.T.);
#2291=ORIENTED_EDGE('',*,*,#4381,.T.);
#2292=ORIENTED_EDGE('',*,*,#4383,.T.);
#2293=ORIENTED_EDGE('',*,*,#4116,.T.);
#2294=ORIENTED_EDGE('',*,*,#4386,.T.);
#2295=ORIENTED_EDGE('',*,*,#4389,.T.);
#2296=ORIENTED_EDGE('',*,*,#4392,.T.);
#2297=ORIENTED_EDGE('',*,*,#4454,.F.);
#2298=ORIENTED_EDGE('',*,*,#4451,.F.);
#2299=ORIENTED_EDGE('',*,*,#4448,.F.);
#2300=ORIENTED_EDGE('',*,*,#4445,.F.);
#2301=ORIENTED_EDGE('',*,*,#4442,.T.);
#2302=ORIENTED_EDGE('',*,*,#4128,.T.);
#2303=ORIENTED_EDGE('',*,*,#4444,.T.);
#2304=ORIENTED_EDGE('',*,*,#4447,.T.);
#2305=ORIENTED_EDGE('',*,*,#4450,.T.);
#2306=ORIENTED_EDGE('',*,*,#4453,.T.);
#2307=ORIENTED_EDGE('',*,*,#4390,.F.);
#2308=ORIENTED_EDGE('',*,*,#4387,.F.);
#2309=ORIENTED_EDGE('',*,*,#4384,.F.);
#2310=ORIENTED_EDGE('',*,*,#4114,.F.);
#2311=ORIENTED_EDGE('',*,*,#4382,.F.);
#2312=ORIENTED_EDGE('',*,*,#4379,.F.);
#2313=ORIENTED_EDGE('',*,*,#4375,.F.);
#2314=ORIENTED_EDGE('',*,*,#4433,.T.);
#2315=ORIENTED_EDGE('',*,*,#4436,.T.);
#2316=ORIENTED_EDGE('',*,*,#4439,.T.);
#2317=ORIENTED_EDGE('',*,*,#4455,.T.);
#2318=ORIENTED_EDGE('',*,*,#4456,.F.);
#2319=ORIENTED_EDGE('',*,*,#4457,.F.);
#2320=ORIENTED_EDGE('',*,*,#4458,.T.);
#2321=ORIENTED_EDGE('',*,*,#4459,.T.);
#2322=ORIENTED_EDGE('',*,*,#4460,.F.);
#2323=ORIENTED_EDGE('',*,*,#4461,.F.);
#2324=ORIENTED_EDGE('',*,*,#4456,.T.);
#2325=ORIENTED_EDGE('',*,*,#4462,.T.);
#2326=ORIENTED_EDGE('',*,*,#4129,.F.);
#2327=ORIENTED_EDGE('',*,*,#4463,.F.);
#2328=ORIENTED_EDGE('',*,*,#4460,.T.);
#2329=ORIENTED_EDGE('',*,*,#4464,.T.);
#2330=ORIENTED_EDGE('',*,*,#4465,.F.);
#2331=ORIENTED_EDGE('',*,*,#4466,.F.);
#2332=ORIENTED_EDGE('',*,*,#4131,.F.);
#2333=ORIENTED_EDGE('',*,*,#4467,.T.);
#2334=ORIENTED_EDGE('',*,*,#4468,.F.);
#2335=ORIENTED_EDGE('',*,*,#4469,.F.);
#2336=ORIENTED_EDGE('',*,*,#4465,.T.);
#2337=ORIENTED_EDGE('',*,*,#4470,.T.);
#2338=ORIENTED_EDGE('',*,*,#4471,.F.);
#2339=ORIENTED_EDGE('',*,*,#4472,.F.);
#2340=ORIENTED_EDGE('',*,*,#4468,.T.);
#2341=ORIENTED_EDGE('',*,*,#4473,.T.);
#2342=ORIENTED_EDGE('',*,*,#4474,.F.);
#2343=ORIENTED_EDGE('',*,*,#4475,.F.);
#2344=ORIENTED_EDGE('',*,*,#4476,.T.);
#2345=ORIENTED_EDGE('',*,*,#4477,.T.);
#2346=ORIENTED_EDGE('',*,*,#4478,.F.);
#2347=ORIENTED_EDGE('',*,*,#4479,.F.);
#2348=ORIENTED_EDGE('',*,*,#4474,.T.);
#2349=ORIENTED_EDGE('',*,*,#4480,.T.);
#2350=ORIENTED_EDGE('',*,*,#4133,.F.);
#2351=ORIENTED_EDGE('',*,*,#4481,.F.);
#2352=ORIENTED_EDGE('',*,*,#4478,.T.);
#2353=ORIENTED_EDGE('',*,*,#4482,.T.);
#2354=ORIENTED_EDGE('',*,*,#4483,.F.);
#2355=ORIENTED_EDGE('',*,*,#4484,.F.);
#2356=ORIENTED_EDGE('',*,*,#4135,.F.);
#2357=ORIENTED_EDGE('',*,*,#4485,.T.);
#2358=ORIENTED_EDGE('',*,*,#4486,.F.);
#2359=ORIENTED_EDGE('',*,*,#4487,.F.);
#2360=ORIENTED_EDGE('',*,*,#4483,.T.);
#2361=ORIENTED_EDGE('',*,*,#4488,.T.);
#2362=ORIENTED_EDGE('',*,*,#4489,.F.);
#2363=ORIENTED_EDGE('',*,*,#4490,.F.);
#2364=ORIENTED_EDGE('',*,*,#4486,.T.);
#2365=ORIENTED_EDGE('',*,*,#4491,.T.);
#2366=ORIENTED_EDGE('',*,*,#4492,.F.);
#2367=ORIENTED_EDGE('',*,*,#4493,.F.);
#2368=ORIENTED_EDGE('',*,*,#4494,.T.);
#2369=ORIENTED_EDGE('',*,*,#4495,.T.);
#2370=ORIENTED_EDGE('',*,*,#4496,.F.);
#2371=ORIENTED_EDGE('',*,*,#4497,.F.);
#2372=ORIENTED_EDGE('',*,*,#4492,.T.);
#2373=ORIENTED_EDGE('',*,*,#4498,.T.);
#2374=ORIENTED_EDGE('',*,*,#4137,.F.);
#2375=ORIENTED_EDGE('',*,*,#4499,.F.);
#2376=ORIENTED_EDGE('',*,*,#4496,.T.);
#2377=ORIENTED_EDGE('',*,*,#4500,.T.);
#2378=ORIENTED_EDGE('',*,*,#4501,.F.);
#2379=ORIENTED_EDGE('',*,*,#4502,.F.);
#2380=ORIENTED_EDGE('',*,*,#4139,.F.);
#2381=ORIENTED_EDGE('',*,*,#4503,.T.);
#2382=ORIENTED_EDGE('',*,*,#4504,.F.);
#2383=ORIENTED_EDGE('',*,*,#4505,.F.);
#2384=ORIENTED_EDGE('',*,*,#4501,.T.);
#2385=ORIENTED_EDGE('',*,*,#4506,.T.);
#2386=ORIENTED_EDGE('',*,*,#4507,.F.);
#2387=ORIENTED_EDGE('',*,*,#4508,.F.);
#2388=ORIENTED_EDGE('',*,*,#4504,.T.);
#2389=ORIENTED_EDGE('',*,*,#4509,.T.);
#2390=ORIENTED_EDGE('',*,*,#4510,.F.);
#2391=ORIENTED_EDGE('',*,*,#4511,.F.);
#2392=ORIENTED_EDGE('',*,*,#4512,.T.);
#2393=ORIENTED_EDGE('',*,*,#4513,.T.);
#2394=ORIENTED_EDGE('',*,*,#4514,.F.);
#2395=ORIENTED_EDGE('',*,*,#4515,.F.);
#2396=ORIENTED_EDGE('',*,*,#4510,.T.);
#2397=ORIENTED_EDGE('',*,*,#4516,.T.);
#2398=ORIENTED_EDGE('',*,*,#4141,.F.);
#2399=ORIENTED_EDGE('',*,*,#4517,.F.);
#2400=ORIENTED_EDGE('',*,*,#4514,.T.);
#2401=ORIENTED_EDGE('',*,*,#4518,.T.);
#2402=ORIENTED_EDGE('',*,*,#4519,.F.);
#2403=ORIENTED_EDGE('',*,*,#4520,.F.);
#2404=ORIENTED_EDGE('',*,*,#4143,.F.);
#2405=ORIENTED_EDGE('',*,*,#4521,.T.);
#2406=ORIENTED_EDGE('',*,*,#4522,.F.);
#2407=ORIENTED_EDGE('',*,*,#4523,.F.);
#2408=ORIENTED_EDGE('',*,*,#4519,.T.);
#2409=ORIENTED_EDGE('',*,*,#4524,.T.);
#2410=ORIENTED_EDGE('',*,*,#4525,.F.);
#2411=ORIENTED_EDGE('',*,*,#4526,.F.);
#2412=ORIENTED_EDGE('',*,*,#4522,.T.);
#2413=ORIENTED_EDGE('',*,*,#4527,.F.);
#2414=ORIENTED_EDGE('',*,*,#4458,.F.);
#2415=ORIENTED_EDGE('',*,*,#4528,.T.);
#2416=ORIENTED_EDGE('',*,*,#4529,.T.);
#2417=ORIENTED_EDGE('',*,*,#4530,.F.);
#2418=ORIENTED_EDGE('',*,*,#4529,.F.);
#2419=ORIENTED_EDGE('',*,*,#4531,.T.);
#2420=ORIENTED_EDGE('',*,*,#4532,.T.);
#2421=ORIENTED_EDGE('',*,*,#4533,.F.);
#2422=ORIENTED_EDGE('',*,*,#4532,.F.);
#2423=ORIENTED_EDGE('',*,*,#4534,.T.);
#2424=ORIENTED_EDGE('',*,*,#4535,.T.);
#2425=ORIENTED_EDGE('',*,*,#4536,.F.);
#2426=ORIENTED_EDGE('',*,*,#4535,.F.);
#2427=ORIENTED_EDGE('',*,*,#4537,.T.);
#2428=ORIENTED_EDGE('',*,*,#4145,.T.);
#2429=ORIENTED_EDGE('',*,*,#4538,.F.);
#2430=ORIENTED_EDGE('',*,*,#4147,.T.);
#2431=ORIENTED_EDGE('',*,*,#4539,.T.);
#2432=ORIENTED_EDGE('',*,*,#4540,.T.);
#2433=ORIENTED_EDGE('',*,*,#4541,.F.);
#2434=ORIENTED_EDGE('',*,*,#4540,.F.);
#2435=ORIENTED_EDGE('',*,*,#4542,.T.);
#2436=ORIENTED_EDGE('',*,*,#4543,.T.);
#2437=ORIENTED_EDGE('',*,*,#4544,.F.);
#2438=ORIENTED_EDGE('',*,*,#4543,.F.);
#2439=ORIENTED_EDGE('',*,*,#4545,.T.);
#2440=ORIENTED_EDGE('',*,*,#4546,.T.);
#2441=ORIENTED_EDGE('',*,*,#4547,.F.);
#2442=ORIENTED_EDGE('',*,*,#4546,.F.);
#2443=ORIENTED_EDGE('',*,*,#4548,.T.);
#2444=ORIENTED_EDGE('',*,*,#4471,.T.);
#2445=ORIENTED_EDGE('',*,*,#4146,.F.);
#2446=ORIENTED_EDGE('',*,*,#4537,.F.);
#2447=ORIENTED_EDGE('',*,*,#4534,.F.);
#2448=ORIENTED_EDGE('',*,*,#4531,.F.);
#2449=ORIENTED_EDGE('',*,*,#4528,.F.);
#2450=ORIENTED_EDGE('',*,*,#4457,.T.);
#2451=ORIENTED_EDGE('',*,*,#4461,.T.);
#2452=ORIENTED_EDGE('',*,*,#4463,.T.);
#2453=ORIENTED_EDGE('',*,*,#4132,.T.);
#2454=ORIENTED_EDGE('',*,*,#4466,.T.);
#2455=ORIENTED_EDGE('',*,*,#4469,.T.);
#2456=ORIENTED_EDGE('',*,*,#4472,.T.);
#2457=ORIENTED_EDGE('',*,*,#4548,.F.);
#2458=ORIENTED_EDGE('',*,*,#4545,.F.);
#2459=ORIENTED_EDGE('',*,*,#4542,.F.);
#2460=ORIENTED_EDGE('',*,*,#4539,.F.);
#2461=ORIENTED_EDGE('',*,*,#4536,.T.);
#2462=ORIENTED_EDGE('',*,*,#4148,.T.);
#2463=ORIENTED_EDGE('',*,*,#4538,.T.);
#2464=ORIENTED_EDGE('',*,*,#4541,.T.);
#2465=ORIENTED_EDGE('',*,*,#4544,.T.);
#2466=ORIENTED_EDGE('',*,*,#4547,.T.);
#2467=ORIENTED_EDGE('',*,*,#4470,.F.);
#2468=ORIENTED_EDGE('',*,*,#4467,.F.);
#2469=ORIENTED_EDGE('',*,*,#4464,.F.);
#2470=ORIENTED_EDGE('',*,*,#4130,.F.);
#2471=ORIENTED_EDGE('',*,*,#4462,.F.);
#2472=ORIENTED_EDGE('',*,*,#4459,.F.);
#2473=ORIENTED_EDGE('',*,*,#4455,.F.);
#2474=ORIENTED_EDGE('',*,*,#4527,.T.);
#2475=ORIENTED_EDGE('',*,*,#4530,.T.);
#2476=ORIENTED_EDGE('',*,*,#4533,.T.);
#2477=ORIENTED_EDGE('',*,*,#4549,.F.);
#2478=ORIENTED_EDGE('',*,*,#4476,.F.);
#2479=ORIENTED_EDGE('',*,*,#4550,.T.);
#2480=ORIENTED_EDGE('',*,*,#4551,.T.);
#2481=ORIENTED_EDGE('',*,*,#4552,.F.);
#2482=ORIENTED_EDGE('',*,*,#4551,.F.);
#2483=ORIENTED_EDGE('',*,*,#4553,.T.);
#2484=ORIENTED_EDGE('',*,*,#4554,.T.);
#2485=ORIENTED_EDGE('',*,*,#4555,.F.);
#2486=ORIENTED_EDGE('',*,*,#4554,.F.);
#2487=ORIENTED_EDGE('',*,*,#4556,.T.);
#2488=ORIENTED_EDGE('',*,*,#4557,.T.);
#2489=ORIENTED_EDGE('',*,*,#4558,.F.);
#2490=ORIENTED_EDGE('',*,*,#4557,.F.);
#2491=ORIENTED_EDGE('',*,*,#4559,.T.);
#2492=ORIENTED_EDGE('',*,*,#4149,.T.);
#2493=ORIENTED_EDGE('',*,*,#4560,.F.);
#2494=ORIENTED_EDGE('',*,*,#4151,.T.);
#2495=ORIENTED_EDGE('',*,*,#4561,.T.);
#2496=ORIENTED_EDGE('',*,*,#4562,.T.);
#2497=ORIENTED_EDGE('',*,*,#4563,.F.);
#2498=ORIENTED_EDGE('',*,*,#4562,.F.);
#2499=ORIENTED_EDGE('',*,*,#4564,.T.);
#2500=ORIENTED_EDGE('',*,*,#4565,.T.);
#2501=ORIENTED_EDGE('',*,*,#4566,.F.);
#2502=ORIENTED_EDGE('',*,*,#4565,.F.);
#2503=ORIENTED_EDGE('',*,*,#4567,.T.);
#2504=ORIENTED_EDGE('',*,*,#4568,.T.);
#2505=ORIENTED_EDGE('',*,*,#4569,.F.);
#2506=ORIENTED_EDGE('',*,*,#4568,.F.);
#2507=ORIENTED_EDGE('',*,*,#4570,.T.);
#2508=ORIENTED_EDGE('',*,*,#4489,.T.);
#2509=ORIENTED_EDGE('',*,*,#4150,.F.);
#2510=ORIENTED_EDGE('',*,*,#4559,.F.);
#2511=ORIENTED_EDGE('',*,*,#4556,.F.);
#2512=ORIENTED_EDGE('',*,*,#4553,.F.);
#2513=ORIENTED_EDGE('',*,*,#4550,.F.);
#2514=ORIENTED_EDGE('',*,*,#4475,.T.);
#2515=ORIENTED_EDGE('',*,*,#4479,.T.);
#2516=ORIENTED_EDGE('',*,*,#4481,.T.);
#2517=ORIENTED_EDGE('',*,*,#4136,.T.);
#2518=ORIENTED_EDGE('',*,*,#4484,.T.);
#2519=ORIENTED_EDGE('',*,*,#4487,.T.);
#2520=ORIENTED_EDGE('',*,*,#4490,.T.);
#2521=ORIENTED_EDGE('',*,*,#4570,.F.);
#2522=ORIENTED_EDGE('',*,*,#4567,.F.);
#2523=ORIENTED_EDGE('',*,*,#4564,.F.);
#2524=ORIENTED_EDGE('',*,*,#4561,.F.);
#2525=ORIENTED_EDGE('',*,*,#4558,.T.);
#2526=ORIENTED_EDGE('',*,*,#4152,.T.);
#2527=ORIENTED_EDGE('',*,*,#4560,.T.);
#2528=ORIENTED_EDGE('',*,*,#4563,.T.);
#2529=ORIENTED_EDGE('',*,*,#4566,.T.);
#2530=ORIENTED_EDGE('',*,*,#4569,.T.);
#2531=ORIENTED_EDGE('',*,*,#4488,.F.);
#2532=ORIENTED_EDGE('',*,*,#4485,.F.);
#2533=ORIENTED_EDGE('',*,*,#4482,.F.);
#2534=ORIENTED_EDGE('',*,*,#4134,.F.);
#2535=ORIENTED_EDGE('',*,*,#4480,.F.);
#2536=ORIENTED_EDGE('',*,*,#4477,.F.);
#2537=ORIENTED_EDGE('',*,*,#4473,.F.);
#2538=ORIENTED_EDGE('',*,*,#4549,.T.);
#2539=ORIENTED_EDGE('',*,*,#4552,.T.);
#2540=ORIENTED_EDGE('',*,*,#4555,.T.);
#2541=ORIENTED_EDGE('',*,*,#4571,.F.);
#2542=ORIENTED_EDGE('',*,*,#4494,.F.);
#2543=ORIENTED_EDGE('',*,*,#4572,.T.);
#2544=ORIENTED_EDGE('',*,*,#4573,.T.);
#2545=ORIENTED_EDGE('',*,*,#4574,.F.);
#2546=ORIENTED_EDGE('',*,*,#4573,.F.);
#2547=ORIENTED_EDGE('',*,*,#4575,.T.);
#2548=ORIENTED_EDGE('',*,*,#4576,.T.);
#2549=ORIENTED_EDGE('',*,*,#4577,.F.);
#2550=ORIENTED_EDGE('',*,*,#4576,.F.);
#2551=ORIENTED_EDGE('',*,*,#4578,.T.);
#2552=ORIENTED_EDGE('',*,*,#4579,.T.);
#2553=ORIENTED_EDGE('',*,*,#4580,.F.);
#2554=ORIENTED_EDGE('',*,*,#4579,.F.);
#2555=ORIENTED_EDGE('',*,*,#4581,.T.);
#2556=ORIENTED_EDGE('',*,*,#4153,.T.);
#2557=ORIENTED_EDGE('',*,*,#4582,.F.);
#2558=ORIENTED_EDGE('',*,*,#4155,.T.);
#2559=ORIENTED_EDGE('',*,*,#4583,.T.);
#2560=ORIENTED_EDGE('',*,*,#4584,.T.);
#2561=ORIENTED_EDGE('',*,*,#4585,.F.);
#2562=ORIENTED_EDGE('',*,*,#4584,.F.);
#2563=ORIENTED_EDGE('',*,*,#4586,.T.);
#2564=ORIENTED_EDGE('',*,*,#4587,.T.);
#2565=ORIENTED_EDGE('',*,*,#4588,.F.);
#2566=ORIENTED_EDGE('',*,*,#4587,.F.);
#2567=ORIENTED_EDGE('',*,*,#4589,.T.);
#2568=ORIENTED_EDGE('',*,*,#4590,.T.);
#2569=ORIENTED_EDGE('',*,*,#4591,.F.);
#2570=ORIENTED_EDGE('',*,*,#4590,.F.);
#2571=ORIENTED_EDGE('',*,*,#4592,.T.);
#2572=ORIENTED_EDGE('',*,*,#4507,.T.);
#2573=ORIENTED_EDGE('',*,*,#4154,.F.);
#2574=ORIENTED_EDGE('',*,*,#4581,.F.);
#2575=ORIENTED_EDGE('',*,*,#4578,.F.);
#2576=ORIENTED_EDGE('',*,*,#4575,.F.);
#2577=ORIENTED_EDGE('',*,*,#4572,.F.);
#2578=ORIENTED_EDGE('',*,*,#4493,.T.);
#2579=ORIENTED_EDGE('',*,*,#4497,.T.);
#2580=ORIENTED_EDGE('',*,*,#4499,.T.);
#2581=ORIENTED_EDGE('',*,*,#4140,.T.);
#2582=ORIENTED_EDGE('',*,*,#4502,.T.);
#2583=ORIENTED_EDGE('',*,*,#4505,.T.);
#2584=ORIENTED_EDGE('',*,*,#4508,.T.);
#2585=ORIENTED_EDGE('',*,*,#4592,.F.);
#2586=ORIENTED_EDGE('',*,*,#4589,.F.);
#2587=ORIENTED_EDGE('',*,*,#4586,.F.);
#2588=ORIENTED_EDGE('',*,*,#4583,.F.);
#2589=ORIENTED_EDGE('',*,*,#4580,.T.);
#2590=ORIENTED_EDGE('',*,*,#4156,.T.);
#2591=ORIENTED_EDGE('',*,*,#4582,.T.);
#2592=ORIENTED_EDGE('',*,*,#4585,.T.);
#2593=ORIENTED_EDGE('',*,*,#4588,.T.);
#2594=ORIENTED_EDGE('',*,*,#4591,.T.);
#2595=ORIENTED_EDGE('',*,*,#4506,.F.);
#2596=ORIENTED_EDGE('',*,*,#4503,.F.);
#2597=ORIENTED_EDGE('',*,*,#4500,.F.);
#2598=ORIENTED_EDGE('',*,*,#4138,.F.);
#2599=ORIENTED_EDGE('',*,*,#4498,.F.);
#2600=ORIENTED_EDGE('',*,*,#4495,.F.);
#2601=ORIENTED_EDGE('',*,*,#4491,.F.);
#2602=ORIENTED_EDGE('',*,*,#4571,.T.);
#2603=ORIENTED_EDGE('',*,*,#4574,.T.);
#2604=ORIENTED_EDGE('',*,*,#4577,.T.);
#2605=ORIENTED_EDGE('',*,*,#4593,.T.);
#2606=ORIENTED_EDGE('',*,*,#4594,.F.);
#2607=ORIENTED_EDGE('',*,*,#4595,.F.);
#2608=ORIENTED_EDGE('',*,*,#4596,.T.);
#2609=ORIENTED_EDGE('',*,*,#4597,.T.);
#2610=ORIENTED_EDGE('',*,*,#4598,.F.);
#2611=ORIENTED_EDGE('',*,*,#4599,.F.);
#2612=ORIENTED_EDGE('',*,*,#4594,.T.);
#2613=ORIENTED_EDGE('',*,*,#4600,.T.);
#2614=ORIENTED_EDGE('',*,*,#4157,.F.);
#2615=ORIENTED_EDGE('',*,*,#4601,.F.);
#2616=ORIENTED_EDGE('',*,*,#4598,.T.);
#2617=ORIENTED_EDGE('',*,*,#4602,.T.);
#2618=ORIENTED_EDGE('',*,*,#4603,.F.);
#2619=ORIENTED_EDGE('',*,*,#4604,.F.);
#2620=ORIENTED_EDGE('',*,*,#4159,.F.);
#2621=ORIENTED_EDGE('',*,*,#4605,.T.);
#2622=ORIENTED_EDGE('',*,*,#4606,.F.);
#2623=ORIENTED_EDGE('',*,*,#4607,.F.);
#2624=ORIENTED_EDGE('',*,*,#4603,.T.);
#2625=ORIENTED_EDGE('',*,*,#4608,.T.);
#2626=ORIENTED_EDGE('',*,*,#4609,.F.);
#2627=ORIENTED_EDGE('',*,*,#4610,.F.);
#2628=ORIENTED_EDGE('',*,*,#4606,.T.);
#2629=ORIENTED_EDGE('',*,*,#4611,.T.);
#2630=ORIENTED_EDGE('',*,*,#4612,.F.);
#2631=ORIENTED_EDGE('',*,*,#4613,.F.);
#2632=ORIENTED_EDGE('',*,*,#4614,.T.);
#2633=ORIENTED_EDGE('',*,*,#4615,.T.);
#2634=ORIENTED_EDGE('',*,*,#4616,.F.);
#2635=ORIENTED_EDGE('',*,*,#4617,.F.);
#2636=ORIENTED_EDGE('',*,*,#4612,.T.);
#2637=ORIENTED_EDGE('',*,*,#4618,.T.);
#2638=ORIENTED_EDGE('',*,*,#4161,.F.);
#2639=ORIENTED_EDGE('',*,*,#4619,.F.);
#2640=ORIENTED_EDGE('',*,*,#4616,.T.);
#2641=ORIENTED_EDGE('',*,*,#4620,.T.);
#2642=ORIENTED_EDGE('',*,*,#4621,.F.);
#2643=ORIENTED_EDGE('',*,*,#4622,.F.);
#2644=ORIENTED_EDGE('',*,*,#4163,.F.);
#2645=ORIENTED_EDGE('',*,*,#4623,.T.);
#2646=ORIENTED_EDGE('',*,*,#4624,.F.);
#2647=ORIENTED_EDGE('',*,*,#4625,.F.);
#2648=ORIENTED_EDGE('',*,*,#4621,.T.);
#2649=ORIENTED_EDGE('',*,*,#4626,.T.);
#2650=ORIENTED_EDGE('',*,*,#4627,.F.);
#2651=ORIENTED_EDGE('',*,*,#4628,.F.);
#2652=ORIENTED_EDGE('',*,*,#4624,.T.);
#2653=ORIENTED_EDGE('',*,*,#4629,.T.);
#2654=ORIENTED_EDGE('',*,*,#4630,.F.);
#2655=ORIENTED_EDGE('',*,*,#4631,.F.);
#2656=ORIENTED_EDGE('',*,*,#4632,.T.);
#2657=ORIENTED_EDGE('',*,*,#4633,.T.);
#2658=ORIENTED_EDGE('',*,*,#4634,.F.);
#2659=ORIENTED_EDGE('',*,*,#4635,.F.);
#2660=ORIENTED_EDGE('',*,*,#4630,.T.);
#2661=ORIENTED_EDGE('',*,*,#4636,.T.);
#2662=ORIENTED_EDGE('',*,*,#4165,.F.);
#2663=ORIENTED_EDGE('',*,*,#4637,.F.);
#2664=ORIENTED_EDGE('',*,*,#4634,.T.);
#2665=ORIENTED_EDGE('',*,*,#4638,.T.);
#2666=ORIENTED_EDGE('',*,*,#4639,.F.);
#2667=ORIENTED_EDGE('',*,*,#4640,.F.);
#2668=ORIENTED_EDGE('',*,*,#4167,.F.);
#2669=ORIENTED_EDGE('',*,*,#4641,.T.);
#2670=ORIENTED_EDGE('',*,*,#4642,.F.);
#2671=ORIENTED_EDGE('',*,*,#4643,.F.);
#2672=ORIENTED_EDGE('',*,*,#4639,.T.);
#2673=ORIENTED_EDGE('',*,*,#4644,.T.);
#2674=ORIENTED_EDGE('',*,*,#4645,.F.);
#2675=ORIENTED_EDGE('',*,*,#4646,.F.);
#2676=ORIENTED_EDGE('',*,*,#4642,.T.);
#2677=ORIENTED_EDGE('',*,*,#4647,.T.);
#2678=ORIENTED_EDGE('',*,*,#4648,.F.);
#2679=ORIENTED_EDGE('',*,*,#4649,.F.);
#2680=ORIENTED_EDGE('',*,*,#4650,.T.);
#2681=ORIENTED_EDGE('',*,*,#4651,.T.);
#2682=ORIENTED_EDGE('',*,*,#4652,.F.);
#2683=ORIENTED_EDGE('',*,*,#4653,.F.);
#2684=ORIENTED_EDGE('',*,*,#4648,.T.);
#2685=ORIENTED_EDGE('',*,*,#4654,.T.);
#2686=ORIENTED_EDGE('',*,*,#4169,.F.);
#2687=ORIENTED_EDGE('',*,*,#4655,.F.);
#2688=ORIENTED_EDGE('',*,*,#4652,.T.);
#2689=ORIENTED_EDGE('',*,*,#4656,.T.);
#2690=ORIENTED_EDGE('',*,*,#4657,.F.);
#2691=ORIENTED_EDGE('',*,*,#4658,.F.);
#2692=ORIENTED_EDGE('',*,*,#4171,.F.);
#2693=ORIENTED_EDGE('',*,*,#4659,.T.);
#2694=ORIENTED_EDGE('',*,*,#4660,.F.);
#2695=ORIENTED_EDGE('',*,*,#4661,.F.);
#2696=ORIENTED_EDGE('',*,*,#4657,.T.);
#2697=ORIENTED_EDGE('',*,*,#4662,.T.);
#2698=ORIENTED_EDGE('',*,*,#4663,.F.);
#2699=ORIENTED_EDGE('',*,*,#4664,.F.);
#2700=ORIENTED_EDGE('',*,*,#4660,.T.);
#2701=ORIENTED_EDGE('',*,*,#4665,.F.);
#2702=ORIENTED_EDGE('',*,*,#4596,.F.);
#2703=ORIENTED_EDGE('',*,*,#4666,.T.);
#2704=ORIENTED_EDGE('',*,*,#4667,.T.);
#2705=ORIENTED_EDGE('',*,*,#4668,.F.);
#2706=ORIENTED_EDGE('',*,*,#4667,.F.);
#2707=ORIENTED_EDGE('',*,*,#4669,.T.);
#2708=ORIENTED_EDGE('',*,*,#4670,.T.);
#2709=ORIENTED_EDGE('',*,*,#4671,.F.);
#2710=ORIENTED_EDGE('',*,*,#4670,.F.);
#2711=ORIENTED_EDGE('',*,*,#4672,.T.);
#2712=ORIENTED_EDGE('',*,*,#4673,.T.);
#2713=ORIENTED_EDGE('',*,*,#4674,.F.);
#2714=ORIENTED_EDGE('',*,*,#4673,.F.);
#2715=ORIENTED_EDGE('',*,*,#4675,.T.);
#2716=ORIENTED_EDGE('',*,*,#4173,.T.);
#2717=ORIENTED_EDGE('',*,*,#4676,.F.);
#2718=ORIENTED_EDGE('',*,*,#4175,.T.);
#2719=ORIENTED_EDGE('',*,*,#4677,.T.);
#2720=ORIENTED_EDGE('',*,*,#4678,.T.);
#2721=ORIENTED_EDGE('',*,*,#4679,.F.);
#2722=ORIENTED_EDGE('',*,*,#4678,.F.);
#2723=ORIENTED_EDGE('',*,*,#4680,.T.);
#2724=ORIENTED_EDGE('',*,*,#4681,.T.);
#2725=ORIENTED_EDGE('',*,*,#4682,.F.);
#2726=ORIENTED_EDGE('',*,*,#4681,.F.);
#2727=ORIENTED_EDGE('',*,*,#4683,.T.);
#2728=ORIENTED_EDGE('',*,*,#4684,.T.);
#2729=ORIENTED_EDGE('',*,*,#4685,.F.);
#2730=ORIENTED_EDGE('',*,*,#4684,.F.);
#2731=ORIENTED_EDGE('',*,*,#4686,.T.);
#2732=ORIENTED_EDGE('',*,*,#4609,.T.);
#2733=ORIENTED_EDGE('',*,*,#4174,.F.);
#2734=ORIENTED_EDGE('',*,*,#4675,.F.);
#2735=ORIENTED_EDGE('',*,*,#4672,.F.);
#2736=ORIENTED_EDGE('',*,*,#4669,.F.);
#2737=ORIENTED_EDGE('',*,*,#4666,.F.);
#2738=ORIENTED_EDGE('',*,*,#4595,.T.);
#2739=ORIENTED_EDGE('',*,*,#4599,.T.);
#2740=ORIENTED_EDGE('',*,*,#4601,.T.);
#2741=ORIENTED_EDGE('',*,*,#4160,.T.);
#2742=ORIENTED_EDGE('',*,*,#4604,.T.);
#2743=ORIENTED_EDGE('',*,*,#4607,.T.);
#2744=ORIENTED_EDGE('',*,*,#4610,.T.);
#2745=ORIENTED_EDGE('',*,*,#4686,.F.);
#2746=ORIENTED_EDGE('',*,*,#4683,.F.);
#2747=ORIENTED_EDGE('',*,*,#4680,.F.);
#2748=ORIENTED_EDGE('',*,*,#4677,.F.);
#2749=ORIENTED_EDGE('',*,*,#4674,.T.);
#2750=ORIENTED_EDGE('',*,*,#4176,.T.);
#2751=ORIENTED_EDGE('',*,*,#4676,.T.);
#2752=ORIENTED_EDGE('',*,*,#4679,.T.);
#2753=ORIENTED_EDGE('',*,*,#4682,.T.);
#2754=ORIENTED_EDGE('',*,*,#4685,.T.);
#2755=ORIENTED_EDGE('',*,*,#4608,.F.);
#2756=ORIENTED_EDGE('',*,*,#4605,.F.);
#2757=ORIENTED_EDGE('',*,*,#4602,.F.);
#2758=ORIENTED_EDGE('',*,*,#4158,.F.);
#2759=ORIENTED_EDGE('',*,*,#4600,.F.);
#2760=ORIENTED_EDGE('',*,*,#4597,.F.);
#2761=ORIENTED_EDGE('',*,*,#4593,.F.);
#2762=ORIENTED_EDGE('',*,*,#4665,.T.);
#2763=ORIENTED_EDGE('',*,*,#4668,.T.);
#2764=ORIENTED_EDGE('',*,*,#4671,.T.);
#2765=ORIENTED_EDGE('',*,*,#4687,.F.);
#2766=ORIENTED_EDGE('',*,*,#4614,.F.);
#2767=ORIENTED_EDGE('',*,*,#4688,.T.);
#2768=ORIENTED_EDGE('',*,*,#4689,.T.);
#2769=ORIENTED_EDGE('',*,*,#4690,.F.);
#2770=ORIENTED_EDGE('',*,*,#4689,.F.);
#2771=ORIENTED_EDGE('',*,*,#4691,.T.);
#2772=ORIENTED_EDGE('',*,*,#4692,.T.);
#2773=ORIENTED_EDGE('',*,*,#4693,.F.);
#2774=ORIENTED_EDGE('',*,*,#4692,.F.);
#2775=ORIENTED_EDGE('',*,*,#4694,.T.);
#2776=ORIENTED_EDGE('',*,*,#4695,.T.);
#2777=ORIENTED_EDGE('',*,*,#4696,.F.);
#2778=ORIENTED_EDGE('',*,*,#4695,.F.);
#2779=ORIENTED_EDGE('',*,*,#4697,.T.);
#2780=ORIENTED_EDGE('',*,*,#4177,.T.);
#2781=ORIENTED_EDGE('',*,*,#4698,.F.);
#2782=ORIENTED_EDGE('',*,*,#4179,.T.);
#2783=ORIENTED_EDGE('',*,*,#4699,.T.);
#2784=ORIENTED_EDGE('',*,*,#4700,.T.);
#2785=ORIENTED_EDGE('',*,*,#4701,.F.);
#2786=ORIENTED_EDGE('',*,*,#4700,.F.);
#2787=ORIENTED_EDGE('',*,*,#4702,.T.);
#2788=ORIENTED_EDGE('',*,*,#4703,.T.);
#2789=ORIENTED_EDGE('',*,*,#4704,.F.);
#2790=ORIENTED_EDGE('',*,*,#4703,.F.);
#2791=ORIENTED_EDGE('',*,*,#4705,.T.);
#2792=ORIENTED_EDGE('',*,*,#4706,.T.);
#2793=ORIENTED_EDGE('',*,*,#4707,.F.);
#2794=ORIENTED_EDGE('',*,*,#4706,.F.);
#2795=ORIENTED_EDGE('',*,*,#4708,.T.);
#2796=ORIENTED_EDGE('',*,*,#4627,.T.);
#2797=ORIENTED_EDGE('',*,*,#4178,.F.);
#2798=ORIENTED_EDGE('',*,*,#4697,.F.);
#2799=ORIENTED_EDGE('',*,*,#4694,.F.);
#2800=ORIENTED_EDGE('',*,*,#4691,.F.);
#2801=ORIENTED_EDGE('',*,*,#4688,.F.);
#2802=ORIENTED_EDGE('',*,*,#4613,.T.);
#2803=ORIENTED_EDGE('',*,*,#4617,.T.);
#2804=ORIENTED_EDGE('',*,*,#4619,.T.);
#2805=ORIENTED_EDGE('',*,*,#4164,.T.);
#2806=ORIENTED_EDGE('',*,*,#4622,.T.);
#2807=ORIENTED_EDGE('',*,*,#4625,.T.);
#2808=ORIENTED_EDGE('',*,*,#4628,.T.);
#2809=ORIENTED_EDGE('',*,*,#4708,.F.);
#2810=ORIENTED_EDGE('',*,*,#4705,.F.);
#2811=ORIENTED_EDGE('',*,*,#4702,.F.);
#2812=ORIENTED_EDGE('',*,*,#4699,.F.);
#2813=ORIENTED_EDGE('',*,*,#4696,.T.);
#2814=ORIENTED_EDGE('',*,*,#4180,.T.);
#2815=ORIENTED_EDGE('',*,*,#4698,.T.);
#2816=ORIENTED_EDGE('',*,*,#4701,.T.);
#2817=ORIENTED_EDGE('',*,*,#4704,.T.);
#2818=ORIENTED_EDGE('',*,*,#4707,.T.);
#2819=ORIENTED_EDGE('',*,*,#4626,.F.);
#2820=ORIENTED_EDGE('',*,*,#4623,.F.);
#2821=ORIENTED_EDGE('',*,*,#4620,.F.);
#2822=ORIENTED_EDGE('',*,*,#4162,.F.);
#2823=ORIENTED_EDGE('',*,*,#4618,.F.);
#2824=ORIENTED_EDGE('',*,*,#4615,.F.);
#2825=ORIENTED_EDGE('',*,*,#4611,.F.);
#2826=ORIENTED_EDGE('',*,*,#4687,.T.);
#2827=ORIENTED_EDGE('',*,*,#4690,.T.);
#2828=ORIENTED_EDGE('',*,*,#4693,.T.);
#2829=ORIENTED_EDGE('',*,*,#4709,.F.);
#2830=ORIENTED_EDGE('',*,*,#4632,.F.);
#2831=ORIENTED_EDGE('',*,*,#4710,.T.);
#2832=ORIENTED_EDGE('',*,*,#4711,.T.);
#2833=ORIENTED_EDGE('',*,*,#4712,.F.);
#2834=ORIENTED_EDGE('',*,*,#4711,.F.);
#2835=ORIENTED_EDGE('',*,*,#4713,.T.);
#2836=ORIENTED_EDGE('',*,*,#4714,.T.);
#2837=ORIENTED_EDGE('',*,*,#4715,.F.);
#2838=ORIENTED_EDGE('',*,*,#4714,.F.);
#2839=ORIENTED_EDGE('',*,*,#4716,.T.);
#2840=ORIENTED_EDGE('',*,*,#4717,.T.);
#2841=ORIENTED_EDGE('',*,*,#4718,.F.);
#2842=ORIENTED_EDGE('',*,*,#4717,.F.);
#2843=ORIENTED_EDGE('',*,*,#4719,.T.);
#2844=ORIENTED_EDGE('',*,*,#4181,.T.);
#2845=ORIENTED_EDGE('',*,*,#4720,.F.);
#2846=ORIENTED_EDGE('',*,*,#4183,.T.);
#2847=ORIENTED_EDGE('',*,*,#4721,.T.);
#2848=ORIENTED_EDGE('',*,*,#4722,.T.);
#2849=ORIENTED_EDGE('',*,*,#4723,.F.);
#2850=ORIENTED_EDGE('',*,*,#4722,.F.);
#2851=ORIENTED_EDGE('',*,*,#4724,.T.);
#2852=ORIENTED_EDGE('',*,*,#4725,.T.);
#2853=ORIENTED_EDGE('',*,*,#4726,.F.);
#2854=ORIENTED_EDGE('',*,*,#4725,.F.);
#2855=ORIENTED_EDGE('',*,*,#4727,.T.);
#2856=ORIENTED_EDGE('',*,*,#4728,.T.);
#2857=ORIENTED_EDGE('',*,*,#4729,.F.);
#2858=ORIENTED_EDGE('',*,*,#4728,.F.);
#2859=ORIENTED_EDGE('',*,*,#4730,.T.);
#2860=ORIENTED_EDGE('',*,*,#4645,.T.);
#2861=ORIENTED_EDGE('',*,*,#4182,.F.);
#2862=ORIENTED_EDGE('',*,*,#4719,.F.);
#2863=ORIENTED_EDGE('',*,*,#4716,.F.);
#2864=ORIENTED_EDGE('',*,*,#4713,.F.);
#2865=ORIENTED_EDGE('',*,*,#4710,.F.);
#2866=ORIENTED_EDGE('',*,*,#4631,.T.);
#2867=ORIENTED_EDGE('',*,*,#4635,.T.);
#2868=ORIENTED_EDGE('',*,*,#4637,.T.);
#2869=ORIENTED_EDGE('',*,*,#4168,.T.);
#2870=ORIENTED_EDGE('',*,*,#4640,.T.);
#2871=ORIENTED_EDGE('',*,*,#4643,.T.);
#2872=ORIENTED_EDGE('',*,*,#4646,.T.);
#2873=ORIENTED_EDGE('',*,*,#4730,.F.);
#2874=ORIENTED_EDGE('',*,*,#4727,.F.);
#2875=ORIENTED_EDGE('',*,*,#4724,.F.);
#2876=ORIENTED_EDGE('',*,*,#4721,.F.);
#2877=ORIENTED_EDGE('',*,*,#4718,.T.);
#2878=ORIENTED_EDGE('',*,*,#4184,.T.);
#2879=ORIENTED_EDGE('',*,*,#4720,.T.);
#2880=ORIENTED_EDGE('',*,*,#4723,.T.);
#2881=ORIENTED_EDGE('',*,*,#4726,.T.);
#2882=ORIENTED_EDGE('',*,*,#4729,.T.);
#2883=ORIENTED_EDGE('',*,*,#4644,.F.);
#2884=ORIENTED_EDGE('',*,*,#4641,.F.);
#2885=ORIENTED_EDGE('',*,*,#4638,.F.);
#2886=ORIENTED_EDGE('',*,*,#4166,.F.);
#2887=ORIENTED_EDGE('',*,*,#4636,.F.);
#2888=ORIENTED_EDGE('',*,*,#4633,.F.);
#2889=ORIENTED_EDGE('',*,*,#4629,.F.);
#2890=ORIENTED_EDGE('',*,*,#4709,.T.);
#2891=ORIENTED_EDGE('',*,*,#4712,.T.);
#2892=ORIENTED_EDGE('',*,*,#4715,.T.);
#2893=ORIENTED_EDGE('',*,*,#4731,.F.);
#2894=ORIENTED_EDGE('',*,*,#4732,.F.);
#2895=ORIENTED_EDGE('',*,*,#4733,.T.);
#2896=ORIENTED_EDGE('',*,*,#4734,.T.);
#2897=ORIENTED_EDGE('',*,*,#4735,.F.);
#2898=ORIENTED_EDGE('',*,*,#4736,.F.);
#2899=ORIENTED_EDGE('',*,*,#4737,.T.);
#2900=ORIENTED_EDGE('',*,*,#4732,.T.);
#2901=ORIENTED_EDGE('',*,*,#4738,.T.);
#2902=ORIENTED_EDGE('',*,*,#4739,.F.);
#2903=ORIENTED_EDGE('',*,*,#4740,.F.);
#2904=ORIENTED_EDGE('',*,*,#4733,.F.);
#2905=ORIENTED_EDGE('',*,*,#4737,.F.);
#2906=ORIENTED_EDGE('',*,*,#4741,.F.);
#2907=ORIENTED_EDGE('',*,*,#4734,.F.);
#2908=ORIENTED_EDGE('',*,*,#4740,.T.);
#2909=ORIENTED_EDGE('',*,*,#4742,.T.);
#2910=ORIENTED_EDGE('',*,*,#4743,.F.);
#2911=ORIENTED_EDGE('',*,*,#4742,.F.);
#2912=ORIENTED_EDGE('',*,*,#4739,.T.);
#2913=ORIENTED_EDGE('',*,*,#4736,.T.);
#2914=ORIENTED_EDGE('',*,*,#4744,.T.);
#2915=ORIENTED_EDGE('',*,*,#4745,.F.);
#2916=ORIENTED_EDGE('',*,*,#4746,.F.);
#2917=ORIENTED_EDGE('',*,*,#4747,.T.);
#2918=ORIENTED_EDGE('',*,*,#4748,.T.);
#2919=ORIENTED_EDGE('',*,*,#4747,.F.);
#2920=ORIENTED_EDGE('',*,*,#4749,.F.);
#2921=ORIENTED_EDGE('',*,*,#4750,.T.);
#2922=ORIENTED_EDGE('',*,*,#4751,.T.);
#2923=ORIENTED_EDGE('',*,*,#4750,.F.);
#2924=ORIENTED_EDGE('',*,*,#4752,.F.);
#2925=ORIENTED_EDGE('',*,*,#4753,.T.);
#2926=ORIENTED_EDGE('',*,*,#4754,.F.);
#2927=ORIENTED_EDGE('',*,*,#4755,.T.);
#2928=ORIENTED_EDGE('',*,*,#4756,.T.);
#2929=ORIENTED_EDGE('',*,*,#4752,.T.);
#2930=ORIENTED_EDGE('',*,*,#4749,.T.);
#2931=ORIENTED_EDGE('',*,*,#4746,.T.);
#2932=ORIENTED_EDGE('',*,*,#4757,.T.);
#2933=ORIENTED_EDGE('',*,*,#4758,.T.);
#2934=ORIENTED_EDGE('',*,*,#4753,.F.);
#2935=ORIENTED_EDGE('',*,*,#4756,.F.);
#2936=ORIENTED_EDGE('',*,*,#4759,.F.);
#2937=ORIENTED_EDGE('',*,*,#4760,.T.);
#2938=ORIENTED_EDGE('',*,*,#4761,.T.);
#2939=ORIENTED_EDGE('',*,*,#4762,.T.);
#2940=ORIENTED_EDGE('',*,*,#4763,.T.);
#2941=ORIENTED_EDGE('',*,*,#4764,.T.);
#2942=ORIENTED_EDGE('',*,*,#4765,.T.);
#2943=ORIENTED_EDGE('',*,*,#4766,.F.);
#2944=ORIENTED_EDGE('',*,*,#4760,.F.);
#2945=ORIENTED_EDGE('',*,*,#4767,.T.);
#2946=ORIENTED_EDGE('',*,*,#4768,.T.);
#2947=ORIENTED_EDGE('',*,*,#4769,.F.);
#2948=ORIENTED_EDGE('',*,*,#4762,.F.);
#2949=ORIENTED_EDGE('',*,*,#4770,.T.);
#2950=ORIENTED_EDGE('',*,*,#4771,.T.);
#2951=ORIENTED_EDGE('',*,*,#4772,.F.);
#2952=ORIENTED_EDGE('',*,*,#4763,.F.);
#2953=ORIENTED_EDGE('',*,*,#4769,.T.);
#2954=ORIENTED_EDGE('',*,*,#4773,.T.);
#2955=ORIENTED_EDGE('',*,*,#4767,.F.);
#2956=ORIENTED_EDGE('',*,*,#4764,.F.);
#2957=ORIENTED_EDGE('',*,*,#4772,.T.);
#2958=ORIENTED_EDGE('',*,*,#4774,.F.);
#2959=ORIENTED_EDGE('',*,*,#4775,.F.);
#2960=ORIENTED_EDGE('',*,*,#4776,.T.);
#2961=ORIENTED_EDGE('',*,*,#4777,.T.);
#2962=ORIENTED_EDGE('',*,*,#4778,.F.);
#2963=ORIENTED_EDGE('',*,*,#4779,.F.);
#2964=ORIENTED_EDGE('',*,*,#4780,.T.);
#2965=ORIENTED_EDGE('',*,*,#4775,.T.);
#2966=ORIENTED_EDGE('',*,*,#4781,.T.);
#2967=ORIENTED_EDGE('',*,*,#4782,.F.);
#2968=ORIENTED_EDGE('',*,*,#4776,.F.);
#2969=ORIENTED_EDGE('',*,*,#4780,.F.);
#2970=ORIENTED_EDGE('',*,*,#4783,.F.);
#2971=ORIENTED_EDGE('',*,*,#4784,.F.);
#2972=ORIENTED_EDGE('',*,*,#4777,.F.);
#2973=ORIENTED_EDGE('',*,*,#4782,.T.);
#2974=ORIENTED_EDGE('',*,*,#4785,.T.);
#2975=ORIENTED_EDGE('',*,*,#4786,.F.);
#2976=ORIENTED_EDGE('',*,*,#4785,.F.);
#2977=ORIENTED_EDGE('',*,*,#4783,.T.);
#2978=ORIENTED_EDGE('',*,*,#4779,.T.);
#2979=ORIENTED_EDGE('',*,*,#4787,.F.);
#2980=ORIENTED_EDGE('',*,*,#4788,.F.);
#2981=ORIENTED_EDGE('',*,*,#4789,.T.);
#2982=ORIENTED_EDGE('',*,*,#4790,.T.);
#2983=ORIENTED_EDGE('',*,*,#4791,.F.);
#2984=ORIENTED_EDGE('',*,*,#4792,.F.);
#2985=ORIENTED_EDGE('',*,*,#4793,.T.);
#2986=ORIENTED_EDGE('',*,*,#4788,.T.);
#2987=ORIENTED_EDGE('',*,*,#4794,.T.);
#2988=ORIENTED_EDGE('',*,*,#4795,.F.);
#2989=ORIENTED_EDGE('',*,*,#4796,.F.);
#2990=ORIENTED_EDGE('',*,*,#4789,.F.);
#2991=ORIENTED_EDGE('',*,*,#4793,.F.);
#2992=ORIENTED_EDGE('',*,*,#4797,.F.);
#2993=ORIENTED_EDGE('',*,*,#4790,.F.);
#2994=ORIENTED_EDGE('',*,*,#4796,.T.);
#2995=ORIENTED_EDGE('',*,*,#4798,.T.);
#2996=ORIENTED_EDGE('',*,*,#4799,.F.);
#2997=ORIENTED_EDGE('',*,*,#4798,.F.);
#2998=ORIENTED_EDGE('',*,*,#4795,.T.);
#2999=ORIENTED_EDGE('',*,*,#4792,.T.);
#3000=ORIENTED_EDGE('',*,*,#4800,.F.);
#3001=ORIENTED_EDGE('',*,*,#4801,.F.);
#3002=ORIENTED_EDGE('',*,*,#4802,.T.);
#3003=ORIENTED_EDGE('',*,*,#4803,.T.);
#3004=ORIENTED_EDGE('',*,*,#4804,.F.);
#3005=ORIENTED_EDGE('',*,*,#4805,.F.);
#3006=ORIENTED_EDGE('',*,*,#4806,.T.);
#3007=ORIENTED_EDGE('',*,*,#4801,.T.);
#3008=ORIENTED_EDGE('',*,*,#4807,.T.);
#3009=ORIENTED_EDGE('',*,*,#4808,.F.);
#3010=ORIENTED_EDGE('',*,*,#4809,.F.);
#3011=ORIENTED_EDGE('',*,*,#4802,.F.);
#3012=ORIENTED_EDGE('',*,*,#4806,.F.);
#3013=ORIENTED_EDGE('',*,*,#4810,.F.);
#3014=ORIENTED_EDGE('',*,*,#4803,.F.);
#3015=ORIENTED_EDGE('',*,*,#4809,.T.);
#3016=ORIENTED_EDGE('',*,*,#4811,.T.);
#3017=ORIENTED_EDGE('',*,*,#4812,.F.);
#3018=ORIENTED_EDGE('',*,*,#4811,.F.);
#3019=ORIENTED_EDGE('',*,*,#4808,.T.);
#3020=ORIENTED_EDGE('',*,*,#4805,.T.);
#3021=ORIENTED_EDGE('',*,*,#4813,.T.);
#3022=ORIENTED_EDGE('',*,*,#4346,.T.);
#3023=ORIENTED_EDGE('',*,*,#4814,.F.);
#3024=ORIENTED_EDGE('',*,*,#4815,.F.);
#3025=ORIENTED_EDGE('',*,*,#4816,.T.);
#3026=ORIENTED_EDGE('',*,*,#4347,.T.);
#3027=ORIENTED_EDGE('',*,*,#4813,.F.);
#3028=ORIENTED_EDGE('',*,*,#4817,.F.);
#3029=ORIENTED_EDGE('',*,*,#4818,.T.);
#3030=ORIENTED_EDGE('',*,*,#4348,.T.);
#3031=ORIENTED_EDGE('',*,*,#4816,.F.);
#3032=ORIENTED_EDGE('',*,*,#4819,.F.);
#3033=ORIENTED_EDGE('',*,*,#4820,.F.);
#3034=ORIENTED_EDGE('',*,*,#4821,.F.);
#3035=ORIENTED_EDGE('',*,*,#4212,.F.);
#3036=ORIENTED_EDGE('',*,*,#4822,.T.);
#3037=ORIENTED_EDGE('',*,*,#4820,.T.);
#3038=ORIENTED_EDGE('',*,*,#4211,.F.);
#3039=ORIENTED_EDGE('',*,*,#4823,.F.);
#3040=ORIENTED_EDGE('',*,*,#4814,.T.);
#3041=ORIENTED_EDGE('',*,*,#4345,.T.);
#3042=ORIENTED_EDGE('',*,*,#4210,.T.);
#3043=ORIENTED_EDGE('',*,*,#4824,.T.);
#3044=ORIENTED_EDGE('',*,*,#4819,.T.);
#3045=ORIENTED_EDGE('',*,*,#4817,.T.);
#3046=ORIENTED_EDGE('',*,*,#4815,.T.);
#3047=ORIENTED_EDGE('',*,*,#4823,.T.);
#3048=ORIENTED_EDGE('',*,*,#4209,.T.);
#3049=ORIENTED_EDGE('',*,*,#4825,.T.);
#3050=ORIENTED_EDGE('',*,*,#4826,.F.);
#3051=ORIENTED_EDGE('',*,*,#4341,.T.);
#3052=ORIENTED_EDGE('',*,*,#4818,.F.);
#3053=ORIENTED_EDGE('',*,*,#4824,.F.);
#3054=ORIENTED_EDGE('',*,*,#4208,.F.);
#3055=ORIENTED_EDGE('',*,*,#4827,.F.);
#3056=ORIENTED_EDGE('',*,*,#4825,.F.);
#3057=ORIENTED_EDGE('',*,*,#4199,.T.);
#3058=ORIENTED_EDGE('',*,*,#4828,.F.);
#3059=ORIENTED_EDGE('',*,*,#4829,.F.);
#3060=ORIENTED_EDGE('',*,*,#4830,.T.);
#3061=ORIENTED_EDGE('',*,*,#4200,.T.);
#3062=ORIENTED_EDGE('',*,*,#4830,.F.);
#3063=ORIENTED_EDGE('',*,*,#4831,.F.);
#3064=ORIENTED_EDGE('',*,*,#4832,.T.);
#3065=ORIENTED_EDGE('',*,*,#4197,.T.);
#3066=ORIENTED_EDGE('',*,*,#4832,.F.);
#3067=ORIENTED_EDGE('',*,*,#4833,.F.);
#3068=ORIENTED_EDGE('',*,*,#4834,.T.);
#3069=ORIENTED_EDGE('',*,*,#4198,.T.);
#3070=ORIENTED_EDGE('',*,*,#4834,.F.);
#3071=ORIENTED_EDGE('',*,*,#4835,.F.);
#3072=ORIENTED_EDGE('',*,*,#4828,.T.);
#3073=ORIENTED_EDGE('',*,*,#4835,.T.);
#3074=ORIENTED_EDGE('',*,*,#4833,.T.);
#3075=ORIENTED_EDGE('',*,*,#4831,.T.);
#3076=ORIENTED_EDGE('',*,*,#4829,.T.);
#3077=ORIENTED_EDGE('',*,*,#4836,.T.);
#3078=ORIENTED_EDGE('',*,*,#4836,.F.);
#3079=ORIENTED_EDGE('',*,*,#4781,.F.);
#3080=ORIENTED_EDGE('',*,*,#4194,.T.);
#3081=ORIENTED_EDGE('',*,*,#4837,.F.);
#3082=ORIENTED_EDGE('',*,*,#4838,.F.);
#3083=ORIENTED_EDGE('',*,*,#4839,.T.);
#3084=ORIENTED_EDGE('',*,*,#4195,.T.);
#3085=ORIENTED_EDGE('',*,*,#4839,.F.);
#3086=ORIENTED_EDGE('',*,*,#4840,.F.);
#3087=ORIENTED_EDGE('',*,*,#4841,.T.);
#3088=ORIENTED_EDGE('',*,*,#4196,.T.);
#3089=ORIENTED_EDGE('',*,*,#4841,.F.);
#3090=ORIENTED_EDGE('',*,*,#4842,.F.);
#3091=ORIENTED_EDGE('',*,*,#4843,.T.);
#3092=ORIENTED_EDGE('',*,*,#4193,.T.);
#3093=ORIENTED_EDGE('',*,*,#4843,.F.);
#3094=ORIENTED_EDGE('',*,*,#4844,.F.);
#3095=ORIENTED_EDGE('',*,*,#4837,.T.);
#3096=ORIENTED_EDGE('',*,*,#4844,.T.);
#3097=ORIENTED_EDGE('',*,*,#4842,.T.);
#3098=ORIENTED_EDGE('',*,*,#4840,.T.);
#3099=ORIENTED_EDGE('',*,*,#4838,.T.);
#3100=ORIENTED_EDGE('',*,*,#4845,.T.);
#3101=ORIENTED_EDGE('',*,*,#4845,.F.);
#3102=ORIENTED_EDGE('',*,*,#4794,.F.);
#3103=ORIENTED_EDGE('',*,*,#4190,.T.);
#3104=ORIENTED_EDGE('',*,*,#4846,.F.);
#3105=ORIENTED_EDGE('',*,*,#4847,.F.);
#3106=ORIENTED_EDGE('',*,*,#4848,.T.);
#3107=ORIENTED_EDGE('',*,*,#4191,.T.);
#3108=ORIENTED_EDGE('',*,*,#4848,.F.);
#3109=ORIENTED_EDGE('',*,*,#4849,.F.);
#3110=ORIENTED_EDGE('',*,*,#4850,.T.);
#3111=ORIENTED_EDGE('',*,*,#4192,.T.);
#3112=ORIENTED_EDGE('',*,*,#4850,.F.);
#3113=ORIENTED_EDGE('',*,*,#4851,.F.);
#3114=ORIENTED_EDGE('',*,*,#4852,.T.);
#3115=ORIENTED_EDGE('',*,*,#4189,.T.);
#3116=ORIENTED_EDGE('',*,*,#4852,.F.);
#3117=ORIENTED_EDGE('',*,*,#4853,.F.);
#3118=ORIENTED_EDGE('',*,*,#4846,.T.);
#3119=ORIENTED_EDGE('',*,*,#4853,.T.);
#3120=ORIENTED_EDGE('',*,*,#4851,.T.);
#3121=ORIENTED_EDGE('',*,*,#4849,.T.);
#3122=ORIENTED_EDGE('',*,*,#4847,.T.);
#3123=ORIENTED_EDGE('',*,*,#4854,.T.);
#3124=ORIENTED_EDGE('',*,*,#4854,.F.);
#3125=ORIENTED_EDGE('',*,*,#4738,.F.);
#3126=ORIENTED_EDGE('',*,*,#4186,.T.);
#3127=ORIENTED_EDGE('',*,*,#4855,.F.);
#3128=ORIENTED_EDGE('',*,*,#4856,.F.);
#3129=ORIENTED_EDGE('',*,*,#4857,.T.);
#3130=ORIENTED_EDGE('',*,*,#4187,.T.);
#3131=ORIENTED_EDGE('',*,*,#4857,.F.);
#3132=ORIENTED_EDGE('',*,*,#4858,.F.);
#3133=ORIENTED_EDGE('',*,*,#4859,.T.);
#3134=ORIENTED_EDGE('',*,*,#4188,.T.);
#3135=ORIENTED_EDGE('',*,*,#4859,.F.);
#3136=ORIENTED_EDGE('',*,*,#4860,.F.);
#3137=ORIENTED_EDGE('',*,*,#4861,.T.);
#3138=ORIENTED_EDGE('',*,*,#4185,.T.);
#3139=ORIENTED_EDGE('',*,*,#4861,.F.);
#3140=ORIENTED_EDGE('',*,*,#4862,.F.);
#3141=ORIENTED_EDGE('',*,*,#4855,.T.);
#3142=ORIENTED_EDGE('',*,*,#4862,.T.);
#3143=ORIENTED_EDGE('',*,*,#4860,.T.);
#3144=ORIENTED_EDGE('',*,*,#4858,.T.);
#3145=ORIENTED_EDGE('',*,*,#4856,.T.);
#3146=ORIENTED_EDGE('',*,*,#4863,.T.);
#3147=ORIENTED_EDGE('',*,*,#4863,.F.);
#3148=ORIENTED_EDGE('',*,*,#4807,.F.);
#3149=ORIENTED_EDGE('',*,*,#4216,.F.);
#3150=ORIENTED_EDGE('',*,*,#4864,.F.);
#3151=ORIENTED_EDGE('',*,*,#4865,.T.);
#3152=ORIENTED_EDGE('',*,*,#4866,.T.);
#3153=ORIENTED_EDGE('',*,*,#4217,.F.);
#3154=ORIENTED_EDGE('',*,*,#4866,.F.);
#3155=ORIENTED_EDGE('',*,*,#4867,.T.);
#3156=ORIENTED_EDGE('',*,*,#4868,.T.);
#3157=ORIENTED_EDGE('',*,*,#4203,.F.);
#3158=ORIENTED_EDGE('',*,*,#4869,.F.);
#3159=ORIENTED_EDGE('',*,*,#4870,.T.);
#3160=ORIENTED_EDGE('',*,*,#4871,.T.);
#3161=ORIENTED_EDGE('',*,*,#4204,.F.);
#3162=ORIENTED_EDGE('',*,*,#4871,.F.);
#3163=ORIENTED_EDGE('',*,*,#4872,.T.);
#3164=ORIENTED_EDGE('',*,*,#4873,.T.);
#3165=ORIENTED_EDGE('',*,*,#4874,.T.);
#3166=ORIENTED_EDGE('',*,*,#4875,.T.);
#3167=ORIENTED_EDGE('',*,*,#4869,.T.);
#3168=ORIENTED_EDGE('',*,*,#4202,.F.);
#3169=ORIENTED_EDGE('',*,*,#4218,.F.);
#3170=ORIENTED_EDGE('',*,*,#4868,.F.);
#3171=ORIENTED_EDGE('',*,*,#4876,.T.);
#3172=ORIENTED_EDGE('',*,*,#4877,.F.);
#3173=ORIENTED_EDGE('',*,*,#4878,.F.);
#3174=ORIENTED_EDGE('',*,*,#4879,.F.);
#3175=ORIENTED_EDGE('',*,*,#4872,.F.);
#3176=ORIENTED_EDGE('',*,*,#4870,.F.);
#3177=ORIENTED_EDGE('',*,*,#4875,.F.);
#3178=ORIENTED_EDGE('',*,*,#4880,.F.);
#3179=ORIENTED_EDGE('',*,*,#4754,.T.);
#3180=ORIENTED_EDGE('',*,*,#4880,.T.);
#3181=ORIENTED_EDGE('',*,*,#4205,.F.);
#3182=ORIENTED_EDGE('',*,*,#4873,.F.);
#3183=ORIENTED_EDGE('',*,*,#4879,.T.);
#3184=ORIENTED_EDGE('',*,*,#4881,.T.);
#3185=ORIENTED_EDGE('',*,*,#4882,.F.);
#3186=ORIENTED_EDGE('',*,*,#4883,.F.);
#3187=ORIENTED_EDGE('',*,*,#4342,.T.);
#3188=ORIENTED_EDGE('',*,*,#4826,.T.);
#3189=ORIENTED_EDGE('',*,*,#4827,.T.);
#3190=ORIENTED_EDGE('',*,*,#4207,.F.);
#3191=ORIENTED_EDGE('',*,*,#4884,.F.);
#3192=ORIENTED_EDGE('',*,*,#4885,.F.);
#3193=ORIENTED_EDGE('',*,*,#4343,.T.);
#3194=ORIENTED_EDGE('',*,*,#4883,.T.);
#3195=ORIENTED_EDGE('',*,*,#4213,.T.);
#3196=ORIENTED_EDGE('',*,*,#4821,.T.);
#3197=ORIENTED_EDGE('',*,*,#4822,.F.);
#3198=ORIENTED_EDGE('',*,*,#4344,.T.);
#3199=ORIENTED_EDGE('',*,*,#4885,.T.);
#3200=ORIENTED_EDGE('',*,*,#4886,.F.);
#3201=ORIENTED_EDGE('',*,*,#4215,.F.);
#3202=ORIENTED_EDGE('',*,*,#4887,.F.);
#3203=ORIENTED_EDGE('',*,*,#4888,.T.);
#3204=ORIENTED_EDGE('',*,*,#4864,.T.);
#3205=ORIENTED_EDGE('',*,*,#4876,.F.);
#3206=ORIENTED_EDGE('',*,*,#4867,.F.);
#3207=ORIENTED_EDGE('',*,*,#4865,.F.);
#3208=ORIENTED_EDGE('',*,*,#4888,.F.);
#3209=ORIENTED_EDGE('',*,*,#4889,.F.);
#3210=ORIENTED_EDGE('',*,*,#4890,.F.);
#3211=ORIENTED_EDGE('',*,*,#4759,.T.);
#3212=ORIENTED_EDGE('',*,*,#4890,.T.);
#3213=ORIENTED_EDGE('',*,*,#4755,.F.);
#3214=ORIENTED_EDGE('',*,*,#4745,.T.);
#3215=ORIENTED_EDGE('',*,*,#4891,.F.);
#3216=ORIENTED_EDGE('',*,*,#4770,.F.);
#3217=ORIENTED_EDGE('',*,*,#4761,.F.);
#3218=ORIENTED_EDGE('',*,*,#4892,.F.);
#3219=ORIENTED_EDGE('',*,*,#4889,.T.);
#3220=ORIENTED_EDGE('',*,*,#4887,.T.);
#3221=ORIENTED_EDGE('',*,*,#4214,.T.);
#3222=ORIENTED_EDGE('',*,*,#4886,.T.);
#3223=ORIENTED_EDGE('',*,*,#4884,.T.);
#3224=ORIENTED_EDGE('',*,*,#4882,.T.);
#3225=ORIENTED_EDGE('',*,*,#4206,.T.);
#3226=ORIENTED_EDGE('',*,*,#4881,.F.);
#3227=ORIENTED_EDGE('',*,*,#4878,.T.);
#3228=ORIENTED_EDGE('',*,*,#4893,.T.);
#3229=ORIENTED_EDGE('',*,*,#4894,.F.);
#3230=ORIENTED_EDGE('',*,*,#4895,.F.);
#3231=ORIENTED_EDGE('',*,*,#4219,.T.);
#3232=ORIENTED_EDGE('',*,*,#4877,.T.);
#3233=ORIENTED_EDGE('',*,*,#4892,.T.);
#3234=ORIENTED_EDGE('',*,*,#4766,.T.);
#3235=ORIENTED_EDGE('',*,*,#4896,.F.);
#3236=ORIENTED_EDGE('',*,*,#4897,.F.);
#3237=ORIENTED_EDGE('',*,*,#4220,.T.);
#3238=ORIENTED_EDGE('',*,*,#4895,.T.);
#3239=ORIENTED_EDGE('',*,*,#4898,.F.);
#3240=ORIENTED_EDGE('',*,*,#4899,.F.);
#3241=ORIENTED_EDGE('',*,*,#4221,.T.);
#3242=ORIENTED_EDGE('',*,*,#4897,.T.);
#3243=ORIENTED_EDGE('',*,*,#4900,.F.);
#3244=ORIENTED_EDGE('',*,*,#4901,.F.);
#3245=ORIENTED_EDGE('',*,*,#4222,.T.);
#3246=ORIENTED_EDGE('',*,*,#4899,.T.);
#3247=ORIENTED_EDGE('',*,*,#4902,.F.);
#3248=ORIENTED_EDGE('',*,*,#4903,.F.);
#3249=ORIENTED_EDGE('',*,*,#4223,.T.);
#3250=ORIENTED_EDGE('',*,*,#4901,.T.);
#3251=ORIENTED_EDGE('',*,*,#4904,.F.);
#3252=ORIENTED_EDGE('',*,*,#4905,.F.);
#3253=ORIENTED_EDGE('',*,*,#4224,.T.);
#3254=ORIENTED_EDGE('',*,*,#4903,.T.);
#3255=ORIENTED_EDGE('',*,*,#4906,.F.);
#3256=ORIENTED_EDGE('',*,*,#4907,.F.);
#3257=ORIENTED_EDGE('',*,*,#4225,.T.);
#3258=ORIENTED_EDGE('',*,*,#4905,.T.);
#3259=ORIENTED_EDGE('',*,*,#4908,.F.);
#3260=ORIENTED_EDGE('',*,*,#4909,.F.);
#3261=ORIENTED_EDGE('',*,*,#4226,.T.);
#3262=ORIENTED_EDGE('',*,*,#4907,.T.);
#3263=ORIENTED_EDGE('',*,*,#4910,.F.);
#3264=ORIENTED_EDGE('',*,*,#4911,.F.);
#3265=ORIENTED_EDGE('',*,*,#4227,.T.);
#3266=ORIENTED_EDGE('',*,*,#4909,.T.);
#3267=ORIENTED_EDGE('',*,*,#4912,.F.);
#3268=ORIENTED_EDGE('',*,*,#4913,.F.);
#3269=ORIENTED_EDGE('',*,*,#4228,.T.);
#3270=ORIENTED_EDGE('',*,*,#4911,.T.);
#3271=ORIENTED_EDGE('',*,*,#4914,.F.);
#3272=ORIENTED_EDGE('',*,*,#4757,.F.);
#3273=ORIENTED_EDGE('',*,*,#4893,.F.);
#3274=ORIENTED_EDGE('',*,*,#4874,.F.);
#3275=ORIENTED_EDGE('',*,*,#4201,.T.);
#3276=ORIENTED_EDGE('',*,*,#4913,.T.);
#3277=ORIENTED_EDGE('',*,*,#4800,.T.);
#3278=ORIENTED_EDGE('',*,*,#4810,.T.);
#3279=ORIENTED_EDGE('',*,*,#4812,.T.);
#3280=ORIENTED_EDGE('',*,*,#4804,.T.);
#3281=ORIENTED_EDGE('',*,*,#4731,.T.);
#3282=ORIENTED_EDGE('',*,*,#4741,.T.);
#3283=ORIENTED_EDGE('',*,*,#4743,.T.);
#3284=ORIENTED_EDGE('',*,*,#4735,.T.);
#3285=ORIENTED_EDGE('',*,*,#4787,.T.);
#3286=ORIENTED_EDGE('',*,*,#4797,.T.);
#3287=ORIENTED_EDGE('',*,*,#4799,.T.);
#3288=ORIENTED_EDGE('',*,*,#4791,.T.);
#3289=ORIENTED_EDGE('',*,*,#4774,.T.);
#3290=ORIENTED_EDGE('',*,*,#4784,.T.);
#3291=ORIENTED_EDGE('',*,*,#4786,.T.);
#3292=ORIENTED_EDGE('',*,*,#4778,.T.);
#3293=ORIENTED_EDGE('',*,*,#4744,.F.);
#3294=ORIENTED_EDGE('',*,*,#4748,.F.);
#3295=ORIENTED_EDGE('',*,*,#4751,.F.);
#3296=ORIENTED_EDGE('',*,*,#4758,.F.);
#3297=ORIENTED_EDGE('',*,*,#4914,.T.);
#3298=ORIENTED_EDGE('',*,*,#4912,.T.);
#3299=ORIENTED_EDGE('',*,*,#4910,.T.);
#3300=ORIENTED_EDGE('',*,*,#4908,.T.);
#3301=ORIENTED_EDGE('',*,*,#4906,.T.);
#3302=ORIENTED_EDGE('',*,*,#4904,.T.);
#3303=ORIENTED_EDGE('',*,*,#4902,.T.);
#3304=ORIENTED_EDGE('',*,*,#4900,.T.);
#3305=ORIENTED_EDGE('',*,*,#4898,.T.);
#3306=ORIENTED_EDGE('',*,*,#4896,.T.);
#3307=ORIENTED_EDGE('',*,*,#4894,.T.);
#3308=ORIENTED_EDGE('',*,*,#4765,.F.);
#3309=ORIENTED_EDGE('',*,*,#4773,.F.);
#3310=ORIENTED_EDGE('',*,*,#4771,.F.);
#3311=ORIENTED_EDGE('',*,*,#4768,.F.);
#3312=ORIENTED_EDGE('',*,*,#4891,.T.);
#3313=ORIENTED_EDGE('',*,*,#4915,.T.);
#3314=ORIENTED_EDGE('',*,*,#4916,.T.);
#3315=ORIENTED_EDGE('',*,*,#4917,.T.);
#3316=ORIENTED_EDGE('',*,*,#4918,.T.);
#3317=ORIENTED_EDGE('',*,*,#4230,.T.);
#3318=ORIENTED_EDGE('',*,*,#4919,.F.);
#3319=ORIENTED_EDGE('',*,*,#4915,.F.);
#3320=ORIENTED_EDGE('',*,*,#4920,.T.);
#3321=ORIENTED_EDGE('',*,*,#4229,.T.);
#3322=ORIENTED_EDGE('',*,*,#4921,.F.);
#3323=ORIENTED_EDGE('',*,*,#4916,.F.);
#3324=ORIENTED_EDGE('',*,*,#4919,.T.);
#3325=ORIENTED_EDGE('',*,*,#4232,.T.);
#3326=ORIENTED_EDGE('',*,*,#4922,.F.);
#3327=ORIENTED_EDGE('',*,*,#4917,.F.);
#3328=ORIENTED_EDGE('',*,*,#4921,.T.);
#3329=ORIENTED_EDGE('',*,*,#4231,.T.);
#3330=ORIENTED_EDGE('',*,*,#4920,.F.);
#3331=ORIENTED_EDGE('',*,*,#4918,.F.);
#3332=ORIENTED_EDGE('',*,*,#4922,.T.);
#3333=ORIENTED_EDGE('',*,*,#4923,.T.);
#3334=ORIENTED_EDGE('',*,*,#4924,.T.);
#3335=ORIENTED_EDGE('',*,*,#4925,.T.);
#3336=ORIENTED_EDGE('',*,*,#4926,.T.);
#3337=ORIENTED_EDGE('',*,*,#4234,.T.);
#3338=ORIENTED_EDGE('',*,*,#4927,.F.);
#3339=ORIENTED_EDGE('',*,*,#4924,.F.);
#3340=ORIENTED_EDGE('',*,*,#4928,.T.);
#3341=ORIENTED_EDGE('',*,*,#4233,.T.);
#3342=ORIENTED_EDGE('',*,*,#4929,.F.);
#3343=ORIENTED_EDGE('',*,*,#4925,.F.);
#3344=ORIENTED_EDGE('',*,*,#4927,.T.);
#3345=ORIENTED_EDGE('',*,*,#4236,.T.);
#3346=ORIENTED_EDGE('',*,*,#4930,.F.);
#3347=ORIENTED_EDGE('',*,*,#4926,.F.);
#3348=ORIENTED_EDGE('',*,*,#4929,.T.);
#3349=ORIENTED_EDGE('',*,*,#4235,.T.);
#3350=ORIENTED_EDGE('',*,*,#4928,.F.);
#3351=ORIENTED_EDGE('',*,*,#4923,.F.);
#3352=ORIENTED_EDGE('',*,*,#4930,.T.);
#3353=ORIENTED_EDGE('',*,*,#4931,.T.);
#3354=ORIENTED_EDGE('',*,*,#4932,.T.);
#3355=ORIENTED_EDGE('',*,*,#4933,.T.);
#3356=ORIENTED_EDGE('',*,*,#4934,.T.);
#3357=ORIENTED_EDGE('',*,*,#4238,.T.);
#3358=ORIENTED_EDGE('',*,*,#4935,.F.);
#3359=ORIENTED_EDGE('',*,*,#4931,.F.);
#3360=ORIENTED_EDGE('',*,*,#4936,.T.);
#3361=ORIENTED_EDGE('',*,*,#4237,.T.);
#3362=ORIENTED_EDGE('',*,*,#4937,.F.);
#3363=ORIENTED_EDGE('',*,*,#4932,.F.);
#3364=ORIENTED_EDGE('',*,*,#4935,.T.);
#3365=ORIENTED_EDGE('',*,*,#4240,.T.);
#3366=ORIENTED_EDGE('',*,*,#4938,.F.);
#3367=ORIENTED_EDGE('',*,*,#4933,.F.);
#3368=ORIENTED_EDGE('',*,*,#4937,.T.);
#3369=ORIENTED_EDGE('',*,*,#4239,.T.);
#3370=ORIENTED_EDGE('',*,*,#4936,.F.);
#3371=ORIENTED_EDGE('',*,*,#4934,.F.);
#3372=ORIENTED_EDGE('',*,*,#4938,.T.);
#3373=ORIENTED_EDGE('',*,*,#4939,.T.);
#3374=ORIENTED_EDGE('',*,*,#4940,.T.);
#3375=ORIENTED_EDGE('',*,*,#4941,.T.);
#3376=ORIENTED_EDGE('',*,*,#4942,.T.);
#3377=ORIENTED_EDGE('',*,*,#4242,.T.);
#3378=ORIENTED_EDGE('',*,*,#4943,.F.);
#3379=ORIENTED_EDGE('',*,*,#4940,.F.);
#3380=ORIENTED_EDGE('',*,*,#4944,.T.);
#3381=ORIENTED_EDGE('',*,*,#4241,.T.);
#3382=ORIENTED_EDGE('',*,*,#4945,.F.);
#3383=ORIENTED_EDGE('',*,*,#4941,.F.);
#3384=ORIENTED_EDGE('',*,*,#4943,.T.);
#3385=ORIENTED_EDGE('',*,*,#4244,.T.);
#3386=ORIENTED_EDGE('',*,*,#4946,.F.);
#3387=ORIENTED_EDGE('',*,*,#4942,.F.);
#3388=ORIENTED_EDGE('',*,*,#4945,.T.);
#3389=ORIENTED_EDGE('',*,*,#4243,.T.);
#3390=ORIENTED_EDGE('',*,*,#4944,.F.);
#3391=ORIENTED_EDGE('',*,*,#4939,.F.);
#3392=ORIENTED_EDGE('',*,*,#4946,.T.);
#3393=ORIENTED_EDGE('',*,*,#4947,.F.);
#3394=ORIENTED_EDGE('',*,*,#4650,.F.);
#3395=ORIENTED_EDGE('',*,*,#4948,.T.);
#3396=ORIENTED_EDGE('',*,*,#4949,.T.);
#3397=ORIENTED_EDGE('',*,*,#4950,.F.);
#3398=ORIENTED_EDGE('',*,*,#4949,.F.);
#3399=ORIENTED_EDGE('',*,*,#4951,.T.);
#3400=ORIENTED_EDGE('',*,*,#4952,.T.);
#3401=ORIENTED_EDGE('',*,*,#4953,.F.);
#3402=ORIENTED_EDGE('',*,*,#4952,.F.);
#3403=ORIENTED_EDGE('',*,*,#4954,.T.);
#3404=ORIENTED_EDGE('',*,*,#4955,.T.);
#3405=ORIENTED_EDGE('',*,*,#4956,.F.);
#3406=ORIENTED_EDGE('',*,*,#4955,.F.);
#3407=ORIENTED_EDGE('',*,*,#4957,.T.);
#3408=ORIENTED_EDGE('',*,*,#4245,.T.);
#3409=ORIENTED_EDGE('',*,*,#4958,.F.);
#3410=ORIENTED_EDGE('',*,*,#4247,.T.);
#3411=ORIENTED_EDGE('',*,*,#4959,.T.);
#3412=ORIENTED_EDGE('',*,*,#4960,.T.);
#3413=ORIENTED_EDGE('',*,*,#4961,.F.);
#3414=ORIENTED_EDGE('',*,*,#4960,.F.);
#3415=ORIENTED_EDGE('',*,*,#4962,.T.);
#3416=ORIENTED_EDGE('',*,*,#4963,.T.);
#3417=ORIENTED_EDGE('',*,*,#4964,.F.);
#3418=ORIENTED_EDGE('',*,*,#4963,.F.);
#3419=ORIENTED_EDGE('',*,*,#4965,.T.);
#3420=ORIENTED_EDGE('',*,*,#4966,.T.);
#3421=ORIENTED_EDGE('',*,*,#4967,.F.);
#3422=ORIENTED_EDGE('',*,*,#4966,.F.);
#3423=ORIENTED_EDGE('',*,*,#4968,.T.);
#3424=ORIENTED_EDGE('',*,*,#4663,.T.);
#3425=ORIENTED_EDGE('',*,*,#4246,.F.);
#3426=ORIENTED_EDGE('',*,*,#4957,.F.);
#3427=ORIENTED_EDGE('',*,*,#4954,.F.);
#3428=ORIENTED_EDGE('',*,*,#4951,.F.);
#3429=ORIENTED_EDGE('',*,*,#4948,.F.);
#3430=ORIENTED_EDGE('',*,*,#4649,.T.);
#3431=ORIENTED_EDGE('',*,*,#4653,.T.);
#3432=ORIENTED_EDGE('',*,*,#4655,.T.);
#3433=ORIENTED_EDGE('',*,*,#4172,.T.);
#3434=ORIENTED_EDGE('',*,*,#4658,.T.);
#3435=ORIENTED_EDGE('',*,*,#4661,.T.);
#3436=ORIENTED_EDGE('',*,*,#4664,.T.);
#3437=ORIENTED_EDGE('',*,*,#4968,.F.);
#3438=ORIENTED_EDGE('',*,*,#4965,.F.);
#3439=ORIENTED_EDGE('',*,*,#4962,.F.);
#3440=ORIENTED_EDGE('',*,*,#4959,.F.);
#3441=ORIENTED_EDGE('',*,*,#4956,.T.);
#3442=ORIENTED_EDGE('',*,*,#4248,.T.);
#3443=ORIENTED_EDGE('',*,*,#4958,.T.);
#3444=ORIENTED_EDGE('',*,*,#4961,.T.);
#3445=ORIENTED_EDGE('',*,*,#4964,.T.);
#3446=ORIENTED_EDGE('',*,*,#4967,.T.);
#3447=ORIENTED_EDGE('',*,*,#4662,.F.);
#3448=ORIENTED_EDGE('',*,*,#4659,.F.);
#3449=ORIENTED_EDGE('',*,*,#4656,.F.);
#3450=ORIENTED_EDGE('',*,*,#4170,.F.);
#3451=ORIENTED_EDGE('',*,*,#4654,.F.);
#3452=ORIENTED_EDGE('',*,*,#4651,.F.);
#3453=ORIENTED_EDGE('',*,*,#4647,.F.);
#3454=ORIENTED_EDGE('',*,*,#4947,.T.);
#3455=ORIENTED_EDGE('',*,*,#4950,.T.);
#3456=ORIENTED_EDGE('',*,*,#4953,.T.);
#3457=ORIENTED_EDGE('',*,*,#4969,.F.);
#3458=ORIENTED_EDGE('',*,*,#4512,.F.);
#3459=ORIENTED_EDGE('',*,*,#4970,.T.);
#3460=ORIENTED_EDGE('',*,*,#4971,.T.);
#3461=ORIENTED_EDGE('',*,*,#4972,.F.);
#3462=ORIENTED_EDGE('',*,*,#4971,.F.);
#3463=ORIENTED_EDGE('',*,*,#4973,.T.);
#3464=ORIENTED_EDGE('',*,*,#4974,.T.);
#3465=ORIENTED_EDGE('',*,*,#4975,.F.);
#3466=ORIENTED_EDGE('',*,*,#4974,.F.);
#3467=ORIENTED_EDGE('',*,*,#4976,.T.);
#3468=ORIENTED_EDGE('',*,*,#4977,.T.);
#3469=ORIENTED_EDGE('',*,*,#4978,.F.);
#3470=ORIENTED_EDGE('',*,*,#4977,.F.);
#3471=ORIENTED_EDGE('',*,*,#4979,.T.);
#3472=ORIENTED_EDGE('',*,*,#4249,.T.);
#3473=ORIENTED_EDGE('',*,*,#4980,.F.);
#3474=ORIENTED_EDGE('',*,*,#4251,.T.);
#3475=ORIENTED_EDGE('',*,*,#4981,.T.);
#3476=ORIENTED_EDGE('',*,*,#4982,.T.);
#3477=ORIENTED_EDGE('',*,*,#4983,.F.);
#3478=ORIENTED_EDGE('',*,*,#4982,.F.);
#3479=ORIENTED_EDGE('',*,*,#4984,.T.);
#3480=ORIENTED_EDGE('',*,*,#4985,.T.);
#3481=ORIENTED_EDGE('',*,*,#4986,.F.);
#3482=ORIENTED_EDGE('',*,*,#4985,.F.);
#3483=ORIENTED_EDGE('',*,*,#4987,.T.);
#3484=ORIENTED_EDGE('',*,*,#4988,.T.);
#3485=ORIENTED_EDGE('',*,*,#4989,.F.);
#3486=ORIENTED_EDGE('',*,*,#4988,.F.);
#3487=ORIENTED_EDGE('',*,*,#4990,.T.);
#3488=ORIENTED_EDGE('',*,*,#4525,.T.);
#3489=ORIENTED_EDGE('',*,*,#4250,.F.);
#3490=ORIENTED_EDGE('',*,*,#4979,.F.);
#3491=ORIENTED_EDGE('',*,*,#4976,.F.);
#3492=ORIENTED_EDGE('',*,*,#4973,.F.);
#3493=ORIENTED_EDGE('',*,*,#4970,.F.);
#3494=ORIENTED_EDGE('',*,*,#4511,.T.);
#3495=ORIENTED_EDGE('',*,*,#4515,.T.);
#3496=ORIENTED_EDGE('',*,*,#4517,.T.);
#3497=ORIENTED_EDGE('',*,*,#4144,.T.);
#3498=ORIENTED_EDGE('',*,*,#4520,.T.);
#3499=ORIENTED_EDGE('',*,*,#4523,.T.);
#3500=ORIENTED_EDGE('',*,*,#4526,.T.);
#3501=ORIENTED_EDGE('',*,*,#4990,.F.);
#3502=ORIENTED_EDGE('',*,*,#4987,.F.);
#3503=ORIENTED_EDGE('',*,*,#4984,.F.);
#3504=ORIENTED_EDGE('',*,*,#4981,.F.);
#3505=ORIENTED_EDGE('',*,*,#4978,.T.);
#3506=ORIENTED_EDGE('',*,*,#4252,.T.);
#3507=ORIENTED_EDGE('',*,*,#4980,.T.);
#3508=ORIENTED_EDGE('',*,*,#4983,.T.);
#3509=ORIENTED_EDGE('',*,*,#4986,.T.);
#3510=ORIENTED_EDGE('',*,*,#4989,.T.);
#3511=ORIENTED_EDGE('',*,*,#4524,.F.);
#3512=ORIENTED_EDGE('',*,*,#4521,.F.);
#3513=ORIENTED_EDGE('',*,*,#4518,.F.);
#3514=ORIENTED_EDGE('',*,*,#4142,.F.);
#3515=ORIENTED_EDGE('',*,*,#4516,.F.);
#3516=ORIENTED_EDGE('',*,*,#4513,.F.);
#3517=ORIENTED_EDGE('',*,*,#4509,.F.);
#3518=ORIENTED_EDGE('',*,*,#4969,.T.);
#3519=ORIENTED_EDGE('',*,*,#4972,.T.);
#3520=ORIENTED_EDGE('',*,*,#4975,.T.);
#3521=ORIENTED_EDGE('',*,*,#4991,.F.);
#3522=ORIENTED_EDGE('',*,*,#4396,.F.);
#3523=ORIENTED_EDGE('',*,*,#4992,.T.);
#3524=ORIENTED_EDGE('',*,*,#4993,.T.);
#3525=ORIENTED_EDGE('',*,*,#4994,.F.);
#3526=ORIENTED_EDGE('',*,*,#4993,.F.);
#3527=ORIENTED_EDGE('',*,*,#4995,.T.);
#3528=ORIENTED_EDGE('',*,*,#4996,.T.);
#3529=ORIENTED_EDGE('',*,*,#4997,.F.);
#3530=ORIENTED_EDGE('',*,*,#4996,.F.);
#3531=ORIENTED_EDGE('',*,*,#4998,.T.);
#3532=ORIENTED_EDGE('',*,*,#4999,.T.);
#3533=ORIENTED_EDGE('',*,*,#5000,.F.);
#3534=ORIENTED_EDGE('',*,*,#4999,.F.);
#3535=ORIENTED_EDGE('',*,*,#5001,.T.);
#3536=ORIENTED_EDGE('',*,*,#4253,.T.);
#3537=ORIENTED_EDGE('',*,*,#5002,.F.);
#3538=ORIENTED_EDGE('',*,*,#4255,.T.);
#3539=ORIENTED_EDGE('',*,*,#5003,.T.);
#3540=ORIENTED_EDGE('',*,*,#5004,.T.);
#3541=ORIENTED_EDGE('',*,*,#5005,.F.);
#3542=ORIENTED_EDGE('',*,*,#5004,.F.);
#3543=ORIENTED_EDGE('',*,*,#5006,.T.);
#3544=ORIENTED_EDGE('',*,*,#5007,.T.);
#3545=ORIENTED_EDGE('',*,*,#5008,.F.);
#3546=ORIENTED_EDGE('',*,*,#5007,.F.);
#3547=ORIENTED_EDGE('',*,*,#5009,.T.);
#3548=ORIENTED_EDGE('',*,*,#5010,.T.);
#3549=ORIENTED_EDGE('',*,*,#5011,.F.);
#3550=ORIENTED_EDGE('',*,*,#5010,.F.);
#3551=ORIENTED_EDGE('',*,*,#5012,.T.);
#3552=ORIENTED_EDGE('',*,*,#4409,.T.);
#3553=ORIENTED_EDGE('',*,*,#4254,.F.);
#3554=ORIENTED_EDGE('',*,*,#5001,.F.);
#3555=ORIENTED_EDGE('',*,*,#4998,.F.);
#3556=ORIENTED_EDGE('',*,*,#4995,.F.);
#3557=ORIENTED_EDGE('',*,*,#4992,.F.);
#3558=ORIENTED_EDGE('',*,*,#4395,.T.);
#3559=ORIENTED_EDGE('',*,*,#4399,.T.);
#3560=ORIENTED_EDGE('',*,*,#4401,.T.);
#3561=ORIENTED_EDGE('',*,*,#4120,.T.);
#3562=ORIENTED_EDGE('',*,*,#4404,.T.);
#3563=ORIENTED_EDGE('',*,*,#4407,.T.);
#3564=ORIENTED_EDGE('',*,*,#4410,.T.);
#3565=ORIENTED_EDGE('',*,*,#5012,.F.);
#3566=ORIENTED_EDGE('',*,*,#5009,.F.);
#3567=ORIENTED_EDGE('',*,*,#5006,.F.);
#3568=ORIENTED_EDGE('',*,*,#5003,.F.);
#3569=ORIENTED_EDGE('',*,*,#5000,.T.);
#3570=ORIENTED_EDGE('',*,*,#4256,.T.);
#3571=ORIENTED_EDGE('',*,*,#5002,.T.);
#3572=ORIENTED_EDGE('',*,*,#5005,.T.);
#3573=ORIENTED_EDGE('',*,*,#5008,.T.);
#3574=ORIENTED_EDGE('',*,*,#5011,.T.);
#3575=ORIENTED_EDGE('',*,*,#4408,.F.);
#3576=ORIENTED_EDGE('',*,*,#4405,.F.);
#3577=ORIENTED_EDGE('',*,*,#4402,.F.);
#3578=ORIENTED_EDGE('',*,*,#4118,.F.);
#3579=ORIENTED_EDGE('',*,*,#4400,.F.);
#3580=ORIENTED_EDGE('',*,*,#4397,.F.);
#3581=ORIENTED_EDGE('',*,*,#4393,.F.);
#3582=ORIENTED_EDGE('',*,*,#4991,.T.);
#3583=ORIENTED_EDGE('',*,*,#4994,.T.);
#3584=ORIENTED_EDGE('',*,*,#4997,.T.);
#3585=ORIENTED_EDGE('',*,*,#4336,.T.);
#3586=ORIENTED_EDGE('',*,*,#5013,.T.);
#3587=ORIENTED_EDGE('',*,*,#4349,.T.);
#3588=ORIENTED_EDGE('',*,*,#5014,.F.);
#3589=ORIENTED_EDGE('',*,*,#4335,.T.);
#3590=ORIENTED_EDGE('',*,*,#5015,.T.);
#3591=ORIENTED_EDGE('',*,*,#4350,.T.);
#3592=ORIENTED_EDGE('',*,*,#5013,.F.);
#3593=ORIENTED_EDGE('',*,*,#4334,.T.);
#3594=ORIENTED_EDGE('',*,*,#5016,.T.);
#3595=ORIENTED_EDGE('',*,*,#4351,.T.);
#3596=ORIENTED_EDGE('',*,*,#5015,.F.);
#3597=ORIENTED_EDGE('',*,*,#4333,.T.);
#3598=ORIENTED_EDGE('',*,*,#5017,.T.);
#3599=ORIENTED_EDGE('',*,*,#4352,.T.);
#3600=ORIENTED_EDGE('',*,*,#5016,.F.);
#3601=ORIENTED_EDGE('',*,*,#4332,.T.);
#3602=ORIENTED_EDGE('',*,*,#5018,.T.);
#3603=ORIENTED_EDGE('',*,*,#4353,.T.);
#3604=ORIENTED_EDGE('',*,*,#5017,.F.);
#3605=ORIENTED_EDGE('',*,*,#4331,.T.);
#3606=ORIENTED_EDGE('',*,*,#5019,.T.);
#3607=ORIENTED_EDGE('',*,*,#4354,.T.);
#3608=ORIENTED_EDGE('',*,*,#5018,.F.);
#3609=ORIENTED_EDGE('',*,*,#4330,.T.);
#3610=ORIENTED_EDGE('',*,*,#5020,.T.);
#3611=ORIENTED_EDGE('',*,*,#4355,.T.);
#3612=ORIENTED_EDGE('',*,*,#5019,.F.);
#3613=ORIENTED_EDGE('',*,*,#4329,.T.);
#3614=ORIENTED_EDGE('',*,*,#5014,.T.);
#3615=ORIENTED_EDGE('',*,*,#4356,.T.);
#3616=ORIENTED_EDGE('',*,*,#5020,.F.);
#3617=ORIENTED_EDGE('',*,*,#5021,.F.);
#3618=ORIENTED_EDGE('',*,*,#5022,.T.);
#3619=ORIENTED_EDGE('',*,*,#4337,.T.);
#3620=ORIENTED_EDGE('',*,*,#5023,.F.);
#3621=ORIENTED_EDGE('',*,*,#5024,.F.);
#3622=ORIENTED_EDGE('',*,*,#5023,.T.);
#3623=ORIENTED_EDGE('',*,*,#4340,.T.);
#3624=ORIENTED_EDGE('',*,*,#5025,.F.);
#3625=ORIENTED_EDGE('',*,*,#5026,.F.);
#3626=ORIENTED_EDGE('',*,*,#5025,.T.);
#3627=ORIENTED_EDGE('',*,*,#4339,.T.);
#3628=ORIENTED_EDGE('',*,*,#5027,.F.);
#3629=ORIENTED_EDGE('',*,*,#5028,.F.);
#3630=ORIENTED_EDGE('',*,*,#5027,.T.);
#3631=ORIENTED_EDGE('',*,*,#4338,.T.);
#3632=ORIENTED_EDGE('',*,*,#5022,.F.);
#3633=ORIENTED_EDGE('',*,*,#5028,.T.);
#3634=ORIENTED_EDGE('',*,*,#5021,.T.);
#3635=ORIENTED_EDGE('',*,*,#5024,.T.);
#3636=ORIENTED_EDGE('',*,*,#5026,.T.);
#3637=ORIENTED_EDGE('',*,*,#5029,.F.);
#3638=ORIENTED_EDGE('',*,*,#5030,.F.);
#3639=ORIENTED_EDGE('',*,*,#5031,.F.);
#3640=ORIENTED_EDGE('',*,*,#5032,.F.);
#3641=ORIENTED_EDGE('',*,*,#5033,.F.);
#3642=ORIENTED_EDGE('',*,*,#5034,.F.);
#3643=ORIENTED_EDGE('',*,*,#5035,.F.);
#3644=ORIENTED_EDGE('',*,*,#5036,.F.);
#3645=ORIENTED_EDGE('',*,*,#4258,.F.);
#3646=ORIENTED_EDGE('',*,*,#5037,.F.);
#3647=ORIENTED_EDGE('',*,*,#5029,.T.);
#3648=ORIENTED_EDGE('',*,*,#5038,.T.);
#3649=ORIENTED_EDGE('',*,*,#4259,.F.);
#3650=ORIENTED_EDGE('',*,*,#5038,.F.);
#3651=ORIENTED_EDGE('',*,*,#5036,.T.);
#3652=ORIENTED_EDGE('',*,*,#5039,.T.);
#3653=ORIENTED_EDGE('',*,*,#4260,.F.);
#3654=ORIENTED_EDGE('',*,*,#5039,.F.);
#3655=ORIENTED_EDGE('',*,*,#5035,.T.);
#3656=ORIENTED_EDGE('',*,*,#5040,.T.);
#3657=ORIENTED_EDGE('',*,*,#4261,.F.);
#3658=ORIENTED_EDGE('',*,*,#5040,.F.);
#3659=ORIENTED_EDGE('',*,*,#5034,.T.);
#3660=ORIENTED_EDGE('',*,*,#5041,.T.);
#3661=ORIENTED_EDGE('',*,*,#4262,.F.);
#3662=ORIENTED_EDGE('',*,*,#5041,.F.);
#3663=ORIENTED_EDGE('',*,*,#5033,.T.);
#3664=ORIENTED_EDGE('',*,*,#5042,.T.);
#3665=ORIENTED_EDGE('',*,*,#4263,.F.);
#3666=ORIENTED_EDGE('',*,*,#5042,.F.);
#3667=ORIENTED_EDGE('',*,*,#5032,.T.);
#3668=ORIENTED_EDGE('',*,*,#5043,.T.);
#3669=ORIENTED_EDGE('',*,*,#4264,.F.);
#3670=ORIENTED_EDGE('',*,*,#5043,.F.);
#3671=ORIENTED_EDGE('',*,*,#5031,.T.);
#3672=ORIENTED_EDGE('',*,*,#5044,.T.);
#3673=ORIENTED_EDGE('',*,*,#4257,.F.);
#3674=ORIENTED_EDGE('',*,*,#5044,.F.);
#3675=ORIENTED_EDGE('',*,*,#5030,.T.);
#3676=ORIENTED_EDGE('',*,*,#5037,.T.);
#3677=ORIENTED_EDGE('',*,*,#5045,.F.);
#3678=ORIENTED_EDGE('',*,*,#5046,.F.);
#3679=ORIENTED_EDGE('',*,*,#5047,.F.);
#3680=ORIENTED_EDGE('',*,*,#5048,.F.);
#3681=ORIENTED_EDGE('',*,*,#5049,.F.);
#3682=ORIENTED_EDGE('',*,*,#5050,.F.);
#3683=ORIENTED_EDGE('',*,*,#5051,.F.);
#3684=ORIENTED_EDGE('',*,*,#5052,.F.);
#3685=ORIENTED_EDGE('',*,*,#5053,.F.);
#3686=ORIENTED_EDGE('',*,*,#5054,.F.);
#3687=ORIENTED_EDGE('',*,*,#5055,.F.);
#3688=ORIENTED_EDGE('',*,*,#4105,.F.);
#3689=ORIENTED_EDGE('',*,*,#5056,.F.);
#3690=ORIENTED_EDGE('',*,*,#5051,.T.);
#3691=ORIENTED_EDGE('',*,*,#5057,.T.);
#3692=ORIENTED_EDGE('',*,*,#4106,.F.);
#3693=ORIENTED_EDGE('',*,*,#5057,.F.);
#3694=ORIENTED_EDGE('',*,*,#5055,.T.);
#3695=ORIENTED_EDGE('',*,*,#5058,.T.);
#3696=ORIENTED_EDGE('',*,*,#4107,.F.);
#3697=ORIENTED_EDGE('',*,*,#5058,.F.);
#3698=ORIENTED_EDGE('',*,*,#5054,.T.);
#3699=ORIENTED_EDGE('',*,*,#5059,.T.);
#3700=ORIENTED_EDGE('',*,*,#4108,.F.);
#3701=ORIENTED_EDGE('',*,*,#5059,.F.);
#3702=ORIENTED_EDGE('',*,*,#5053,.T.);
#3703=ORIENTED_EDGE('',*,*,#5060,.T.);
#3704=ORIENTED_EDGE('',*,*,#4104,.F.);
#3705=ORIENTED_EDGE('',*,*,#5060,.F.);
#3706=ORIENTED_EDGE('',*,*,#5052,.T.);
#3707=ORIENTED_EDGE('',*,*,#5056,.T.);
#3708=ORIENTED_EDGE('',*,*,#5061,.F.);
#3709=ORIENTED_EDGE('',*,*,#5062,.F.);
#3710=ORIENTED_EDGE('',*,*,#5048,.T.);
#3711=ORIENTED_EDGE('',*,*,#5063,.T.);
#3712=ORIENTED_EDGE('',*,*,#5064,.F.);
#3713=ORIENTED_EDGE('',*,*,#5065,.F.);
#3714=ORIENTED_EDGE('',*,*,#5049,.T.);
#3715=ORIENTED_EDGE('',*,*,#5062,.T.);
#3716=ORIENTED_EDGE('',*,*,#5066,.F.);
#3717=ORIENTED_EDGE('',*,*,#5063,.F.);
#3718=ORIENTED_EDGE('',*,*,#5050,.T.);
#3719=ORIENTED_EDGE('',*,*,#5065,.T.);
#3720=ORIENTED_EDGE('',*,*,#5067,.F.);
#3721=ORIENTED_EDGE('',*,*,#5068,.F.);
#3722=ORIENTED_EDGE('',*,*,#5045,.T.);
#3723=ORIENTED_EDGE('',*,*,#5069,.T.);
#3724=ORIENTED_EDGE('',*,*,#5070,.F.);
#3725=ORIENTED_EDGE('',*,*,#5071,.F.);
#3726=ORIENTED_EDGE('',*,*,#5046,.T.);
#3727=ORIENTED_EDGE('',*,*,#5068,.T.);
#3728=ORIENTED_EDGE('',*,*,#5072,.F.);
#3729=ORIENTED_EDGE('',*,*,#5069,.F.);
#3730=ORIENTED_EDGE('',*,*,#5047,.T.);
#3731=ORIENTED_EDGE('',*,*,#5071,.T.);
#3732=ORIENTED_EDGE('',*,*,#5064,.T.);
#3733=ORIENTED_EDGE('',*,*,#5061,.T.);
#3734=ORIENTED_EDGE('',*,*,#5066,.T.);
#3735=ORIENTED_EDGE('',*,*,#5073,.F.);
#3736=ORIENTED_EDGE('',*,*,#5074,.F.);
#3737=ORIENTED_EDGE('',*,*,#5075,.F.);
#3738=ORIENTED_EDGE('',*,*,#5076,.F.);
#3739=ORIENTED_EDGE('',*,*,#5077,.F.);
#3740=ORIENTED_EDGE('',*,*,#5078,.F.);
#3741=ORIENTED_EDGE('',*,*,#5079,.F.);
#3742=ORIENTED_EDGE('',*,*,#5080,.F.);
#3743=ORIENTED_EDGE('',*,*,#5081,.F.);
#3744=ORIENTED_EDGE('',*,*,#5082,.F.);
#3745=ORIENTED_EDGE('',*,*,#5083,.F.);
#3746=ORIENTED_EDGE('',*,*,#4266,.F.);
#3747=ORIENTED_EDGE('',*,*,#5084,.F.);
#3748=ORIENTED_EDGE('',*,*,#5079,.T.);
#3749=ORIENTED_EDGE('',*,*,#5085,.T.);
#3750=ORIENTED_EDGE('',*,*,#4267,.F.);
#3751=ORIENTED_EDGE('',*,*,#5085,.F.);
#3752=ORIENTED_EDGE('',*,*,#5083,.T.);
#3753=ORIENTED_EDGE('',*,*,#5086,.T.);
#3754=ORIENTED_EDGE('',*,*,#4268,.F.);
#3755=ORIENTED_EDGE('',*,*,#5086,.F.);
#3756=ORIENTED_EDGE('',*,*,#5082,.T.);
#3757=ORIENTED_EDGE('',*,*,#5087,.T.);
#3758=ORIENTED_EDGE('',*,*,#4269,.F.);
#3759=ORIENTED_EDGE('',*,*,#5087,.F.);
#3760=ORIENTED_EDGE('',*,*,#5081,.T.);
#3761=ORIENTED_EDGE('',*,*,#5088,.T.);
#3762=ORIENTED_EDGE('',*,*,#4265,.F.);
#3763=ORIENTED_EDGE('',*,*,#5088,.F.);
#3764=ORIENTED_EDGE('',*,*,#5080,.T.);
#3765=ORIENTED_EDGE('',*,*,#5084,.T.);
#3766=ORIENTED_EDGE('',*,*,#5089,.F.);
#3767=ORIENTED_EDGE('',*,*,#5090,.F.);
#3768=ORIENTED_EDGE('',*,*,#5076,.T.);
#3769=ORIENTED_EDGE('',*,*,#5091,.T.);
#3770=ORIENTED_EDGE('',*,*,#5092,.F.);
#3771=ORIENTED_EDGE('',*,*,#5093,.F.);
#3772=ORIENTED_EDGE('',*,*,#5077,.T.);
#3773=ORIENTED_EDGE('',*,*,#5090,.T.);
#3774=ORIENTED_EDGE('',*,*,#5094,.F.);
#3775=ORIENTED_EDGE('',*,*,#5091,.F.);
#3776=ORIENTED_EDGE('',*,*,#5078,.T.);
#3777=ORIENTED_EDGE('',*,*,#5093,.T.);
#3778=ORIENTED_EDGE('',*,*,#5095,.F.);
#3779=ORIENTED_EDGE('',*,*,#5096,.F.);
#3780=ORIENTED_EDGE('',*,*,#5073,.T.);
#3781=ORIENTED_EDGE('',*,*,#5097,.T.);
#3782=ORIENTED_EDGE('',*,*,#5098,.F.);
#3783=ORIENTED_EDGE('',*,*,#5099,.F.);
#3784=ORIENTED_EDGE('',*,*,#5074,.T.);
#3785=ORIENTED_EDGE('',*,*,#5096,.T.);
#3786=ORIENTED_EDGE('',*,*,#5100,.F.);
#3787=ORIENTED_EDGE('',*,*,#5097,.F.);
#3788=ORIENTED_EDGE('',*,*,#5075,.T.);
#3789=ORIENTED_EDGE('',*,*,#5099,.T.);
#3790=ORIENTED_EDGE('',*,*,#5092,.T.);
#3791=ORIENTED_EDGE('',*,*,#5089,.T.);
#3792=ORIENTED_EDGE('',*,*,#5094,.T.);
#3793=ORIENTED_EDGE('',*,*,#5101,.F.);
#3794=ORIENTED_EDGE('',*,*,#5102,.F.);
#3795=ORIENTED_EDGE('',*,*,#5103,.F.);
#3796=ORIENTED_EDGE('',*,*,#5104,.F.);
#3797=ORIENTED_EDGE('',*,*,#4271,.F.);
#3798=ORIENTED_EDGE('',*,*,#5105,.F.);
#3799=ORIENTED_EDGE('',*,*,#5101,.T.);
#3800=ORIENTED_EDGE('',*,*,#5106,.T.);
#3801=ORIENTED_EDGE('',*,*,#4272,.F.);
#3802=ORIENTED_EDGE('',*,*,#5106,.F.);
#3803=ORIENTED_EDGE('',*,*,#5104,.T.);
#3804=ORIENTED_EDGE('',*,*,#5107,.T.);
#3805=ORIENTED_EDGE('',*,*,#4273,.F.);
#3806=ORIENTED_EDGE('',*,*,#5107,.F.);
#3807=ORIENTED_EDGE('',*,*,#5103,.T.);
#3808=ORIENTED_EDGE('',*,*,#5108,.T.);
#3809=ORIENTED_EDGE('',*,*,#4270,.F.);
#3810=ORIENTED_EDGE('',*,*,#5108,.F.);
#3811=ORIENTED_EDGE('',*,*,#5102,.T.);
#3812=ORIENTED_EDGE('',*,*,#5105,.T.);
#3813=ORIENTED_EDGE('',*,*,#5109,.F.);
#3814=ORIENTED_EDGE('',*,*,#5110,.F.);
#3815=ORIENTED_EDGE('',*,*,#5111,.F.);
#3816=ORIENTED_EDGE('',*,*,#5112,.F.);
#3817=ORIENTED_EDGE('',*,*,#5113,.F.);
#3818=ORIENTED_EDGE('',*,*,#4275,.F.);
#3819=ORIENTED_EDGE('',*,*,#5114,.F.);
#3820=ORIENTED_EDGE('',*,*,#5109,.T.);
#3821=ORIENTED_EDGE('',*,*,#5115,.T.);
#3822=ORIENTED_EDGE('',*,*,#4276,.F.);
#3823=ORIENTED_EDGE('',*,*,#5115,.F.);
#3824=ORIENTED_EDGE('',*,*,#5113,.T.);
#3825=ORIENTED_EDGE('',*,*,#5116,.T.);
#3826=ORIENTED_EDGE('',*,*,#4277,.F.);
#3827=ORIENTED_EDGE('',*,*,#5116,.F.);
#3828=ORIENTED_EDGE('',*,*,#5112,.T.);
#3829=ORIENTED_EDGE('',*,*,#5117,.T.);
#3830=ORIENTED_EDGE('',*,*,#4278,.F.);
#3831=ORIENTED_EDGE('',*,*,#5117,.F.);
#3832=ORIENTED_EDGE('',*,*,#5111,.T.);
#3833=ORIENTED_EDGE('',*,*,#5118,.T.);
#3834=ORIENTED_EDGE('',*,*,#4274,.F.);
#3835=ORIENTED_EDGE('',*,*,#5118,.F.);
#3836=ORIENTED_EDGE('',*,*,#5110,.T.);
#3837=ORIENTED_EDGE('',*,*,#5114,.T.);
#3838=ORIENTED_EDGE('',*,*,#5119,.F.);
#3839=ORIENTED_EDGE('',*,*,#5120,.F.);
#3840=ORIENTED_EDGE('',*,*,#5121,.F.);
#3841=ORIENTED_EDGE('',*,*,#5122,.F.);
#3842=ORIENTED_EDGE('',*,*,#4280,.F.);
#3843=ORIENTED_EDGE('',*,*,#5123,.F.);
#3844=ORIENTED_EDGE('',*,*,#5119,.T.);
#3845=ORIENTED_EDGE('',*,*,#5124,.T.);
#3846=ORIENTED_EDGE('',*,*,#4281,.F.);
#3847=ORIENTED_EDGE('',*,*,#5124,.F.);
#3848=ORIENTED_EDGE('',*,*,#5122,.T.);
#3849=ORIENTED_EDGE('',*,*,#5125,.T.);
#3850=ORIENTED_EDGE('',*,*,#4282,.F.);
#3851=ORIENTED_EDGE('',*,*,#5125,.F.);
#3852=ORIENTED_EDGE('',*,*,#5121,.T.);
#3853=ORIENTED_EDGE('',*,*,#5126,.T.);
#3854=ORIENTED_EDGE('',*,*,#4279,.F.);
#3855=ORIENTED_EDGE('',*,*,#5126,.F.);
#3856=ORIENTED_EDGE('',*,*,#5120,.T.);
#3857=ORIENTED_EDGE('',*,*,#5123,.T.);
#3858=ORIENTED_EDGE('',*,*,#5127,.F.);
#3859=ORIENTED_EDGE('',*,*,#5128,.F.);
#3860=ORIENTED_EDGE('',*,*,#5129,.F.);
#3861=ORIENTED_EDGE('',*,*,#5130,.F.);
#3862=ORIENTED_EDGE('',*,*,#5131,.F.);
#3863=ORIENTED_EDGE('',*,*,#5132,.F.);
#3864=ORIENTED_EDGE('',*,*,#5133,.F.);
#3865=ORIENTED_EDGE('',*,*,#5134,.F.);
#3866=ORIENTED_EDGE('',*,*,#4284,.F.);
#3867=ORIENTED_EDGE('',*,*,#5135,.F.);
#3868=ORIENTED_EDGE('',*,*,#5127,.T.);
#3869=ORIENTED_EDGE('',*,*,#5136,.T.);
#3870=ORIENTED_EDGE('',*,*,#4285,.F.);
#3871=ORIENTED_EDGE('',*,*,#5136,.F.);
#3872=ORIENTED_EDGE('',*,*,#5134,.T.);
#3873=ORIENTED_EDGE('',*,*,#5137,.T.);
#3874=ORIENTED_EDGE('',*,*,#4286,.F.);
#3875=ORIENTED_EDGE('',*,*,#5137,.F.);
#3876=ORIENTED_EDGE('',*,*,#5133,.T.);
#3877=ORIENTED_EDGE('',*,*,#5138,.T.);
#3878=ORIENTED_EDGE('',*,*,#4287,.F.);
#3879=ORIENTED_EDGE('',*,*,#5138,.F.);
#3880=ORIENTED_EDGE('',*,*,#5132,.T.);
#3881=ORIENTED_EDGE('',*,*,#5139,.T.);
#3882=ORIENTED_EDGE('',*,*,#4288,.F.);
#3883=ORIENTED_EDGE('',*,*,#5139,.F.);
#3884=ORIENTED_EDGE('',*,*,#5131,.T.);
#3885=ORIENTED_EDGE('',*,*,#5140,.T.);
#3886=ORIENTED_EDGE('',*,*,#4289,.F.);
#3887=ORIENTED_EDGE('',*,*,#5140,.F.);
#3888=ORIENTED_EDGE('',*,*,#5130,.T.);
#3889=ORIENTED_EDGE('',*,*,#5141,.T.);
#3890=ORIENTED_EDGE('',*,*,#4290,.F.);
#3891=ORIENTED_EDGE('',*,*,#5141,.F.);
#3892=ORIENTED_EDGE('',*,*,#5129,.T.);
#3893=ORIENTED_EDGE('',*,*,#5142,.T.);
#3894=ORIENTED_EDGE('',*,*,#4283,.F.);
#3895=ORIENTED_EDGE('',*,*,#5142,.F.);
#3896=ORIENTED_EDGE('',*,*,#5128,.T.);
#3897=ORIENTED_EDGE('',*,*,#5135,.T.);
#3898=ORIENTED_EDGE('',*,*,#5143,.F.);
#3899=ORIENTED_EDGE('',*,*,#5144,.F.);
#3900=ORIENTED_EDGE('',*,*,#5145,.F.);
#3901=ORIENTED_EDGE('',*,*,#5146,.F.);
#3902=ORIENTED_EDGE('',*,*,#5147,.F.);
#3903=ORIENTED_EDGE('',*,*,#5148,.F.);
#3904=ORIENTED_EDGE('',*,*,#5149,.F.);
#3905=ORIENTED_EDGE('',*,*,#5150,.F.);
#3906=ORIENTED_EDGE('',*,*,#5151,.F.);
#3907=ORIENTED_EDGE('',*,*,#5152,.F.);
#3908=ORIENTED_EDGE('',*,*,#5153,.F.);
#3909=ORIENTED_EDGE('',*,*,#5154,.F.);
#3910=ORIENTED_EDGE('',*,*,#4292,.F.);
#3911=ORIENTED_EDGE('',*,*,#5155,.F.);
#3912=ORIENTED_EDGE('',*,*,#5143,.T.);
#3913=ORIENTED_EDGE('',*,*,#5156,.T.);
#3914=ORIENTED_EDGE('',*,*,#4293,.F.);
#3915=ORIENTED_EDGE('',*,*,#5156,.F.);
#3916=ORIENTED_EDGE('',*,*,#5154,.T.);
#3917=ORIENTED_EDGE('',*,*,#5157,.T.);
#3918=ORIENTED_EDGE('',*,*,#4294,.F.);
#3919=ORIENTED_EDGE('',*,*,#5157,.F.);
#3920=ORIENTED_EDGE('',*,*,#5153,.T.);
#3921=ORIENTED_EDGE('',*,*,#5158,.T.);
#3922=ORIENTED_EDGE('',*,*,#4295,.F.);
#3923=ORIENTED_EDGE('',*,*,#5158,.F.);
#3924=ORIENTED_EDGE('',*,*,#5152,.T.);
#3925=ORIENTED_EDGE('',*,*,#5159,.T.);
#3926=ORIENTED_EDGE('',*,*,#4296,.F.);
#3927=ORIENTED_EDGE('',*,*,#5159,.F.);
#3928=ORIENTED_EDGE('',*,*,#5151,.T.);
#3929=ORIENTED_EDGE('',*,*,#5160,.T.);
#3930=ORIENTED_EDGE('',*,*,#4297,.F.);
#3931=ORIENTED_EDGE('',*,*,#5160,.F.);
#3932=ORIENTED_EDGE('',*,*,#5150,.T.);
#3933=ORIENTED_EDGE('',*,*,#5161,.T.);
#3934=ORIENTED_EDGE('',*,*,#4298,.F.);
#3935=ORIENTED_EDGE('',*,*,#5161,.F.);
#3936=ORIENTED_EDGE('',*,*,#5149,.T.);
#3937=ORIENTED_EDGE('',*,*,#5162,.T.);
#3938=ORIENTED_EDGE('',*,*,#4299,.F.);
#3939=ORIENTED_EDGE('',*,*,#5162,.F.);
#3940=ORIENTED_EDGE('',*,*,#5148,.T.);
#3941=ORIENTED_EDGE('',*,*,#5163,.T.);
#3942=ORIENTED_EDGE('',*,*,#4300,.F.);
#3943=ORIENTED_EDGE('',*,*,#5163,.F.);
#3944=ORIENTED_EDGE('',*,*,#5147,.T.);
#3945=ORIENTED_EDGE('',*,*,#5164,.T.);
#3946=ORIENTED_EDGE('',*,*,#4301,.F.);
#3947=ORIENTED_EDGE('',*,*,#5164,.F.);
#3948=ORIENTED_EDGE('',*,*,#5146,.T.);
#3949=ORIENTED_EDGE('',*,*,#5165,.T.);
#3950=ORIENTED_EDGE('',*,*,#4302,.F.);
#3951=ORIENTED_EDGE('',*,*,#5165,.F.);
#3952=ORIENTED_EDGE('',*,*,#5145,.T.);
#3953=ORIENTED_EDGE('',*,*,#5166,.T.);
#3954=ORIENTED_EDGE('',*,*,#4291,.F.);
#3955=ORIENTED_EDGE('',*,*,#5166,.F.);
#3956=ORIENTED_EDGE('',*,*,#5144,.T.);
#3957=ORIENTED_EDGE('',*,*,#5155,.T.);
#3958=ORIENTED_EDGE('',*,*,#5167,.F.);
#3959=ORIENTED_EDGE('',*,*,#5168,.F.);
#3960=ORIENTED_EDGE('',*,*,#5169,.F.);
#3961=ORIENTED_EDGE('',*,*,#5170,.F.);
#3962=ORIENTED_EDGE('',*,*,#5171,.F.);
#3963=ORIENTED_EDGE('',*,*,#5172,.F.);
#3964=ORIENTED_EDGE('',*,*,#5173,.F.);
#3965=ORIENTED_EDGE('',*,*,#5174,.F.);
#3966=ORIENTED_EDGE('',*,*,#5175,.F.);
#3967=ORIENTED_EDGE('',*,*,#5176,.F.);
#3968=ORIENTED_EDGE('',*,*,#5177,.F.);
#3969=ORIENTED_EDGE('',*,*,#5178,.F.);
#3970=ORIENTED_EDGE('',*,*,#4304,.F.);
#3971=ORIENTED_EDGE('',*,*,#5179,.F.);
#3972=ORIENTED_EDGE('',*,*,#5167,.T.);
#3973=ORIENTED_EDGE('',*,*,#5180,.T.);
#3974=ORIENTED_EDGE('',*,*,#4305,.F.);
#3975=ORIENTED_EDGE('',*,*,#5180,.F.);
#3976=ORIENTED_EDGE('',*,*,#5178,.T.);
#3977=ORIENTED_EDGE('',*,*,#5181,.T.);
#3978=ORIENTED_EDGE('',*,*,#4306,.F.);
#3979=ORIENTED_EDGE('',*,*,#5181,.F.);
#3980=ORIENTED_EDGE('',*,*,#5177,.T.);
#3981=ORIENTED_EDGE('',*,*,#5182,.T.);
#3982=ORIENTED_EDGE('',*,*,#4307,.F.);
#3983=ORIENTED_EDGE('',*,*,#5182,.F.);
#3984=ORIENTED_EDGE('',*,*,#5176,.T.);
#3985=ORIENTED_EDGE('',*,*,#5183,.T.);
#3986=ORIENTED_EDGE('',*,*,#4308,.F.);
#3987=ORIENTED_EDGE('',*,*,#5183,.F.);
#3988=ORIENTED_EDGE('',*,*,#5175,.T.);
#3989=ORIENTED_EDGE('',*,*,#5184,.T.);
#3990=ORIENTED_EDGE('',*,*,#4309,.F.);
#3991=ORIENTED_EDGE('',*,*,#5184,.F.);
#3992=ORIENTED_EDGE('',*,*,#5174,.T.);
#3993=ORIENTED_EDGE('',*,*,#5185,.T.);
#3994=ORIENTED_EDGE('',*,*,#4310,.F.);
#3995=ORIENTED_EDGE('',*,*,#5185,.F.);
#3996=ORIENTED_EDGE('',*,*,#5173,.T.);
#3997=ORIENTED_EDGE('',*,*,#5186,.T.);
#3998=ORIENTED_EDGE('',*,*,#4311,.F.);
#3999=ORIENTED_EDGE('',*,*,#5186,.F.);
#4000=ORIENTED_EDGE('',*,*,#5172,.T.);
#4001=ORIENTED_EDGE('',*,*,#5187,.T.);
#4002=ORIENTED_EDGE('',*,*,#4312,.F.);
#4003=ORIENTED_EDGE('',*,*,#5187,.F.);
#4004=ORIENTED_EDGE('',*,*,#5171,.T.);
#4005=ORIENTED_EDGE('',*,*,#5188,.T.);
#4006=ORIENTED_EDGE('',*,*,#4313,.F.);
#4007=ORIENTED_EDGE('',*,*,#5188,.F.);
#4008=ORIENTED_EDGE('',*,*,#5170,.T.);
#4009=ORIENTED_EDGE('',*,*,#5189,.T.);
#4010=ORIENTED_EDGE('',*,*,#4314,.F.);
#4011=ORIENTED_EDGE('',*,*,#5189,.F.);
#4012=ORIENTED_EDGE('',*,*,#5169,.T.);
#4013=ORIENTED_EDGE('',*,*,#5190,.T.);
#4014=ORIENTED_EDGE('',*,*,#4303,.F.);
#4015=ORIENTED_EDGE('',*,*,#5190,.F.);
#4016=ORIENTED_EDGE('',*,*,#5168,.T.);
#4017=ORIENTED_EDGE('',*,*,#5179,.T.);
#4018=ORIENTED_EDGE('',*,*,#5191,.F.);
#4019=ORIENTED_EDGE('',*,*,#5192,.F.);
#4020=ORIENTED_EDGE('',*,*,#5193,.F.);
#4021=ORIENTED_EDGE('',*,*,#5194,.F.);
#4022=ORIENTED_EDGE('',*,*,#5195,.F.);
#4023=ORIENTED_EDGE('',*,*,#4316,.F.);
#4024=ORIENTED_EDGE('',*,*,#5196,.F.);
#4025=ORIENTED_EDGE('',*,*,#5195,.T.);
#4026=ORIENTED_EDGE('',*,*,#5197,.T.);
#4027=ORIENTED_EDGE('',*,*,#4317,.F.);
#4028=ORIENTED_EDGE('',*,*,#5197,.F.);
#4029=ORIENTED_EDGE('',*,*,#5194,.T.);
#4030=ORIENTED_EDGE('',*,*,#5198,.T.);
#4031=ORIENTED_EDGE('',*,*,#4318,.F.);
#4032=ORIENTED_EDGE('',*,*,#5198,.F.);
#4033=ORIENTED_EDGE('',*,*,#5193,.T.);
#4034=ORIENTED_EDGE('',*,*,#5199,.T.);
#4035=ORIENTED_EDGE('',*,*,#4319,.F.);
#4036=ORIENTED_EDGE('',*,*,#5199,.F.);
#4037=ORIENTED_EDGE('',*,*,#5192,.T.);
#4038=ORIENTED_EDGE('',*,*,#5200,.T.);
#4039=ORIENTED_EDGE('',*,*,#4315,.F.);
#4040=ORIENTED_EDGE('',*,*,#5200,.F.);
#4041=ORIENTED_EDGE('',*,*,#5191,.T.);
#4042=ORIENTED_EDGE('',*,*,#5196,.T.);
#4043=ORIENTED_EDGE('',*,*,#5201,.F.);
#4044=ORIENTED_EDGE('',*,*,#5202,.F.);
#4045=ORIENTED_EDGE('',*,*,#5202,.T.);
#4046=ORIENTED_EDGE('',*,*,#4103,.F.);
#4047=ORIENTED_EDGE('',*,*,#5201,.T.);
#4048=ORIENTED_EDGE('',*,*,#5203,.F.);
#4049=ORIENTED_EDGE('',*,*,#5203,.T.);
#4050=ORIENTED_EDGE('',*,*,#5204,.F.);
#4051=ORIENTED_EDGE('',*,*,#5205,.F.);
#4052=ORIENTED_EDGE('',*,*,#5205,.T.);
#4053=ORIENTED_EDGE('',*,*,#4320,.F.);
#4054=ORIENTED_EDGE('',*,*,#5204,.T.);
#4055=ORIENTED_EDGE('',*,*,#5206,.F.);
#4056=ORIENTED_EDGE('',*,*,#5206,.T.);
#4057=ORIENTED_EDGE('',*,*,#5070,.T.);
#4058=ORIENTED_EDGE('',*,*,#5067,.T.);
#4059=ORIENTED_EDGE('',*,*,#5072,.T.);
#4060=ORIENTED_EDGE('',*,*,#5098,.T.);
#4061=ORIENTED_EDGE('',*,*,#5095,.T.);
#4062=ORIENTED_EDGE('',*,*,#5100,.T.);
#4063=ORIENTED_EDGE('',*,*,#5207,.T.);
#4064=ORIENTED_EDGE('',*,*,#5208,.T.);
#4065=ORIENTED_EDGE('',*,*,#5209,.T.);
#4066=ORIENTED_EDGE('',*,*,#5210,.T.);
#4067=ORIENTED_EDGE('',*,*,#4322,.T.);
#4068=ORIENTED_EDGE('',*,*,#5211,.F.);
#4069=ORIENTED_EDGE('',*,*,#5207,.F.);
#4070=ORIENTED_EDGE('',*,*,#5212,.T.);
#4071=ORIENTED_EDGE('',*,*,#4321,.T.);
#4072=ORIENTED_EDGE('',*,*,#5213,.F.);
#4073=ORIENTED_EDGE('',*,*,#5208,.F.);
#4074=ORIENTED_EDGE('',*,*,#5211,.T.);
#4075=ORIENTED_EDGE('',*,*,#4324,.T.);
#4076=ORIENTED_EDGE('',*,*,#5214,.F.);
#4077=ORIENTED_EDGE('',*,*,#5209,.F.);
#4078=ORIENTED_EDGE('',*,*,#5213,.T.);
#4079=ORIENTED_EDGE('',*,*,#4323,.T.);
#4080=ORIENTED_EDGE('',*,*,#5212,.F.);
#4081=ORIENTED_EDGE('',*,*,#5210,.F.);
#4082=ORIENTED_EDGE('',*,*,#5214,.T.);
#4083=ORIENTED_EDGE('',*,*,#5215,.T.);
#4084=ORIENTED_EDGE('',*,*,#5216,.T.);
#4085=ORIENTED_EDGE('',*,*,#5217,.T.);
#4086=ORIENTED_EDGE('',*,*,#5218,.T.);
#4087=ORIENTED_EDGE('',*,*,#4326,.T.);
#4088=ORIENTED_EDGE('',*,*,#5219,.F.);
#4089=ORIENTED_EDGE('',*,*,#5216,.F.);
#4090=ORIENTED_EDGE('',*,*,#5220,.T.);
#4091=ORIENTED_EDGE('',*,*,#4325,.T.);
#4092=ORIENTED_EDGE('',*,*,#5221,.F.);
#4093=ORIENTED_EDGE('',*,*,#5217,.F.);
#4094=ORIENTED_EDGE('',*,*,#5219,.T.);
#4095=ORIENTED_EDGE('',*,*,#4328,.T.);
#4096=ORIENTED_EDGE('',*,*,#5222,.F.);
#4097=ORIENTED_EDGE('',*,*,#5218,.F.);
#4098=ORIENTED_EDGE('',*,*,#5221,.T.);
#4099=ORIENTED_EDGE('',*,*,#4327,.T.);
#4100=ORIENTED_EDGE('',*,*,#5220,.F.);
#4101=ORIENTED_EDGE('',*,*,#5215,.F.);
#4102=ORIENTED_EDGE('',*,*,#5222,.T.);
#4103=EDGE_CURVE('',#5223,#5223,#5975,.T.);
#4104=EDGE_CURVE('',#5224,#5225,#5976,.T.);
#4105=EDGE_CURVE('',#5225,#5226,#5977,.T.);
#4106=EDGE_CURVE('',#5226,#5227,#5978,.T.);
#4107=EDGE_CURVE('',#5227,#5228,#5979,.T.);
#4108=EDGE_CURVE('',#5228,#5224,#5980,.T.);
#4109=EDGE_CURVE('',#5229,#5230,#383,.T.);
#4110=EDGE_CURVE('',#5230,#5231,#384,.T.);
#4111=EDGE_CURVE('',#5231,#5232,#385,.F.);
#4112=EDGE_CURVE('',#5229,#5232,#386,.T.);
#4113=EDGE_CURVE('',#5233,#5234,#387,.T.);
#4114=EDGE_CURVE('',#5234,#5235,#388,.T.);
#4115=EDGE_CURVE('',#5235,#5236,#389,.F.);
#4116=EDGE_CURVE('',#5233,#5236,#390,.T.);
#4117=EDGE_CURVE('',#5237,#5238,#391,.T.);
#4118=EDGE_CURVE('',#5238,#5239,#392,.T.);
#4119=EDGE_CURVE('',#5239,#5240,#393,.F.);
#4120=EDGE_CURVE('',#5237,#5240,#394,.T.);
#4121=EDGE_CURVE('',#5241,#5242,#395,.T.);
#4122=EDGE_CURVE('',#5241,#5243,#396,.T.);
#4123=EDGE_CURVE('',#5244,#5243,#397,.F.);
#4124=EDGE_CURVE('',#5242,#5244,#398,.T.);
#4125=EDGE_CURVE('',#5245,#5246,#399,.T.);
#4126=EDGE_CURVE('',#5245,#5247,#400,.T.);
#4127=EDGE_CURVE('',#5248,#5247,#401,.F.);
#4128=EDGE_CURVE('',#5246,#5248,#402,.T.);
#4129=EDGE_CURVE('',#5249,#5250,#403,.T.);
#4130=EDGE_CURVE('',#5250,#5251,#404,.T.);
#4131=EDGE_CURVE('',#5251,#5252,#405,.F.);
#4132=EDGE_CURVE('',#5249,#5252,#406,.T.);
#4133=EDGE_CURVE('',#5253,#5254,#407,.T.);
#4134=EDGE_CURVE('',#5254,#5255,#408,.T.);
#4135=EDGE_CURVE('',#5255,#5256,#409,.F.);
#4136=EDGE_CURVE('',#5253,#5256,#410,.T.);
#4137=EDGE_CURVE('',#5257,#5258,#411,.T.);
#4138=EDGE_CURVE('',#5258,#5259,#412,.T.);
#4139=EDGE_CURVE('',#5259,#5260,#413,.F.);
#4140=EDGE_CURVE('',#5257,#5260,#414,.T.);
#4141=EDGE_CURVE('',#5261,#5262,#415,.T.);
#4142=EDGE_CURVE('',#5262,#5263,#416,.T.);
#4143=EDGE_CURVE('',#5263,#5264,#417,.F.);
#4144=EDGE_CURVE('',#5261,#5264,#418,.T.);
#4145=EDGE_CURVE('',#5265,#5266,#419,.T.);
#4146=EDGE_CURVE('',#5265,#5267,#420,.T.);
#4147=EDGE_CURVE('',#5268,#5267,#421,.F.);
#4148=EDGE_CURVE('',#5266,#5268,#422,.T.);
#4149=EDGE_CURVE('',#5269,#5270,#423,.T.);
#4150=EDGE_CURVE('',#5269,#5271,#424,.T.);
#4151=EDGE_CURVE('',#5272,#5271,#425,.F.);
#4152=EDGE_CURVE('',#5270,#5272,#426,.T.);
#4153=EDGE_CURVE('',#5273,#5274,#427,.T.);
#4154=EDGE_CURVE('',#5273,#5275,#428,.T.);
#4155=EDGE_CURVE('',#5276,#5275,#429,.F.);
#4156=EDGE_CURVE('',#5274,#5276,#430,.T.);
#4157=EDGE_CURVE('',#5277,#5278,#431,.T.);
#4158=EDGE_CURVE('',#5278,#5279,#432,.T.);
#4159=EDGE_CURVE('',#5279,#5280,#433,.F.);
#4160=EDGE_CURVE('',#5277,#5280,#434,.T.);
#4161=EDGE_CURVE('',#5281,#5282,#435,.T.);
#4162=EDGE_CURVE('',#5282,#5283,#436,.T.);
#4163=EDGE_CURVE('',#5283,#5284,#437,.F.);
#4164=EDGE_CURVE('',#5281,#5284,#438,.T.);
#4165=EDGE_CURVE('',#5285,#5286,#439,.T.);
#4166=EDGE_CURVE('',#5286,#5287,#440,.T.);
#4167=EDGE_CURVE('',#5287,#5288,#441,.F.);
#4168=EDGE_CURVE('',#5285,#5288,#442,.T.);
#4169=EDGE_CURVE('',#5289,#5290,#443,.T.);
#4170=EDGE_CURVE('',#5290,#5291,#444,.T.);
#4171=EDGE_CURVE('',#5291,#5292,#445,.F.);
#4172=EDGE_CURVE('',#5289,#5292,#446,.T.);
#4173=EDGE_CURVE('',#5293,#5294,#447,.T.);
#4174=EDGE_CURVE('',#5293,#5295,#448,.T.);
#4175=EDGE_CURVE('',#5296,#5295,#449,.F.);
#4176=EDGE_CURVE('',#5294,#5296,#450,.T.);
#4177=EDGE_CURVE('',#5297,#5298,#451,.T.);
#4178=EDGE_CURVE('',#5297,#5299,#452,.T.);
#4179=EDGE_CURVE('',#5300,#5299,#453,.F.);
#4180=EDGE_CURVE('',#5298,#5300,#454,.T.);
#4181=EDGE_CURVE('',#5301,#5302,#455,.T.);
#4182=EDGE_CURVE('',#5301,#5303,#456,.T.);
#4183=EDGE_CURVE('',#5304,#5303,#457,.F.);
#4184=EDGE_CURVE('',#5302,#5304,#458,.T.);
#4185=EDGE_CURVE('',#5305,#5306,#459,.T.);
#4186=EDGE_CURVE('',#5307,#5305,#460,.T.);
#4187=EDGE_CURVE('',#5308,#5307,#461,.T.);
#4188=EDGE_CURVE('',#5306,#5308,#462,.T.);
#4189=EDGE_CURVE('',#5309,#5310,#463,.T.);
#4190=EDGE_CURVE('',#5311,#5309,#464,.T.);
#4191=EDGE_CURVE('',#5312,#5311,#465,.T.);
#4192=EDGE_CURVE('',#5310,#5312,#466,.T.);
#4193=EDGE_CURVE('',#5313,#5314,#467,.T.);
#4194=EDGE_CURVE('',#5315,#5313,#468,.T.);
#4195=EDGE_CURVE('',#5316,#5315,#469,.T.);
#4196=EDGE_CURVE('',#5314,#5316,#470,.T.);
#4197=EDGE_CURVE('',#5317,#5318,#471,.T.);
#4198=EDGE_CURVE('',#5319,#5317,#472,.T.);
#4199=EDGE_CURVE('',#5320,#5319,#473,.T.);
#4200=EDGE_CURVE('',#5318,#5320,#474,.T.);
#4201=EDGE_CURVE('',#5321,#5322,#475,.T.);
#4202=EDGE_CURVE('',#5321,#5323,#476,.T.);
#4203=EDGE_CURVE('',#5323,#5324,#477,.T.);
#4204=EDGE_CURVE('',#5324,#5325,#478,.T.);
#4205=EDGE_CURVE('',#5325,#5326,#479,.T.);
#4206=EDGE_CURVE('',#5327,#5326,#480,.T.);
#4207=EDGE_CURVE('',#5327,#5328,#481,.T.);
#4208=EDGE_CURVE('',#5328,#5329,#173,.F.);
#4209=EDGE_CURVE('',#5330,#5329,#482,.T.);
#4210=EDGE_CURVE('',#5331,#5330,#483,.T.);
#4211=EDGE_CURVE('',#5331,#5332,#484,.T.);
#4212=EDGE_CURVE('',#5332,#5333,#174,.F.);
#4213=EDGE_CURVE('',#5334,#5333,#485,.T.);
#4214=EDGE_CURVE('',#5335,#5334,#486,.T.);
#4215=EDGE_CURVE('',#5335,#5336,#487,.T.);
#4216=EDGE_CURVE('',#5336,#5337,#488,.T.);
#4217=EDGE_CURVE('',#5337,#5338,#489,.T.);
#4218=EDGE_CURVE('',#5338,#5339,#490,.T.);
#4219=EDGE_CURVE('',#5340,#5339,#491,.T.);
#4220=EDGE_CURVE('',#5341,#5340,#492,.T.);
#4221=EDGE_CURVE('',#5342,#5341,#493,.T.);
#4222=EDGE_CURVE('',#5343,#5342,#494,.T.);
#4223=EDGE_CURVE('',#5344,#5343,#175,.T.);
#4224=EDGE_CURVE('',#5345,#5344,#495,.T.);
#4225=EDGE_CURVE('',#5346,#5345,#176,.T.);
#4226=EDGE_CURVE('',#5347,#5346,#496,.T.);
#4227=EDGE_CURVE('',#5348,#5347,#497,.T.);
#4228=EDGE_CURVE('',#5322,#5348,#498,.T.);
#4229=EDGE_CURVE('',#5349,#5350,#499,.T.);
#4230=EDGE_CURVE('',#5351,#5349,#500,.T.);
#4231=EDGE_CURVE('',#5352,#5351,#501,.T.);
#4232=EDGE_CURVE('',#5350,#5352,#502,.T.);
#4233=EDGE_CURVE('',#5353,#5354,#503,.T.);
#4234=EDGE_CURVE('',#5355,#5353,#504,.T.);
#4235=EDGE_CURVE('',#5356,#5355,#505,.T.);
#4236=EDGE_CURVE('',#5354,#5356,#506,.T.);
#4237=EDGE_CURVE('',#5357,#5358,#507,.T.);
#4238=EDGE_CURVE('',#5359,#5357,#508,.T.);
#4239=EDGE_CURVE('',#5360,#5359,#509,.T.);
#4240=EDGE_CURVE('',#5358,#5360,#510,.T.);
#4241=EDGE_CURVE('',#5361,#5362,#511,.T.);
#4242=EDGE_CURVE('',#5363,#5361,#512,.T.);
#4243=EDGE_CURVE('',#5364,#5363,#513,.T.);
#4244=EDGE_CURVE('',#5362,#5364,#514,.T.);
#4245=EDGE_CURVE('',#5365,#5366,#515,.T.);
#4246=EDGE_CURVE('',#5365,#5367,#516,.T.);
#4247=EDGE_CURVE('',#5368,#5367,#517,.F.);
#4248=EDGE_CURVE('',#5366,#5368,#518,.T.);
#4249=EDGE_CURVE('',#5369,#5370,#519,.T.);
#4250=EDGE_CURVE('',#5369,#5371,#520,.T.);
#4251=EDGE_CURVE('',#5372,#5371,#521,.F.);
#4252=EDGE_CURVE('',#5370,#5372,#522,.T.);
#4253=EDGE_CURVE('',#5373,#5374,#523,.T.);
#4254=EDGE_CURVE('',#5373,#5375,#524,.T.);
#4255=EDGE_CURVE('',#5376,#5375,#525,.F.);
#4256=EDGE_CURVE('',#5374,#5376,#526,.T.);
#4257=EDGE_CURVE('',#5377,#5378,#5981,.T.);
#4258=EDGE_CURVE('',#5378,#5379,#5982,.T.);
#4259=EDGE_CURVE('',#5379,#5380,#5983,.T.);
#4260=EDGE_CURVE('',#5380,#5381,#5984,.T.);
#4261=EDGE_CURVE('',#5381,#5382,#5985,.T.);
#4262=EDGE_CURVE('',#5382,#5383,#5986,.T.);
#4263=EDGE_CURVE('',#5383,#5384,#5987,.T.);
#4264=EDGE_CURVE('',#5384,#5377,#5988,.T.);
#4265=EDGE_CURVE('',#5385,#5386,#5989,.T.);
#4266=EDGE_CURVE('',#5386,#5387,#5990,.T.);
#4267=EDGE_CURVE('',#5387,#5388,#5991,.T.);
#4268=EDGE_CURVE('',#5388,#5389,#5992,.T.);
#4269=EDGE_CURVE('',#5389,#5385,#5993,.T.);
#4270=EDGE_CURVE('',#5390,#5391,#5994,.T.);
#4271=EDGE_CURVE('',#5391,#5392,#5995,.T.);
#4272=EDGE_CURVE('',#5392,#5393,#5996,.T.);
#4273=EDGE_CURVE('',#5393,#5390,#5997,.T.);
#4274=EDGE_CURVE('',#5394,#5395,#5998,.T.);
#4275=EDGE_CURVE('',#5395,#5396,#5999,.T.);
#4276=EDGE_CURVE('',#5396,#5397,#6000,.T.);
#4277=EDGE_CURVE('',#5397,#5398,#6001,.T.);
#4278=EDGE_CURVE('',#5398,#5394,#6002,.T.);
#4279=EDGE_CURVE('',#5399,#5400,#6003,.T.);
#4280=EDGE_CURVE('',#5400,#5401,#6004,.T.);
#4281=EDGE_CURVE('',#5401,#5402,#6005,.T.);
#4282=EDGE_CURVE('',#5402,#5399,#6006,.T.);
#4283=EDGE_CURVE('',#5403,#5404,#6007,.T.);
#4284=EDGE_CURVE('',#5404,#5405,#6008,.T.);
#4285=EDGE_CURVE('',#5405,#5406,#6009,.T.);
#4286=EDGE_CURVE('',#5406,#5407,#6010,.T.);
#4287=EDGE_CURVE('',#5407,#5408,#6011,.T.);
#4288=EDGE_CURVE('',#5408,#5409,#6012,.T.);
#4289=EDGE_CURVE('',#5409,#5410,#6013,.T.);
#4290=EDGE_CURVE('',#5410,#5403,#6014,.T.);
#4291=EDGE_CURVE('',#5411,#5412,#6015,.T.);
#4292=EDGE_CURVE('',#5412,#5413,#6016,.T.);
#4293=EDGE_CURVE('',#5413,#5414,#6017,.T.);
#4294=EDGE_CURVE('',#5414,#5415,#6018,.T.);
#4295=EDGE_CURVE('',#5415,#5416,#6019,.T.);
#4296=EDGE_CURVE('',#5416,#5417,#6020,.T.);
#4297=EDGE_CURVE('',#5417,#5418,#6021,.T.);
#4298=EDGE_CURVE('',#5418,#5419,#6022,.T.);
#4299=EDGE_CURVE('',#5419,#5420,#6023,.T.);
#4300=EDGE_CURVE('',#5420,#5421,#6024,.T.);
#4301=EDGE_CURVE('',#5421,#5422,#6025,.T.);
#4302=EDGE_CURVE('',#5422,#5411,#6026,.T.);
#4303=EDGE_CURVE('',#5423,#5424,#6027,.T.);
#4304=EDGE_CURVE('',#5424,#5425,#6028,.T.);
#4305=EDGE_CURVE('',#5425,#5426,#6029,.T.);
#4306=EDGE_CURVE('',#5426,#5427,#6030,.T.);
#4307=EDGE_CURVE('',#5427,#5428,#6031,.T.);
#4308=EDGE_CURVE('',#5428,#5429,#6032,.T.);
#4309=EDGE_CURVE('',#5429,#5430,#6033,.T.);
#4310=EDGE_CURVE('',#5430,#5431,#6034,.T.);
#4311=EDGE_CURVE('',#5431,#5432,#6035,.T.);
#4312=EDGE_CURVE('',#5432,#5433,#6036,.T.);
#4313=EDGE_CURVE('',#5433,#5434,#6037,.T.);
#4314=EDGE_CURVE('',#5434,#5423,#6038,.T.);
#4315=EDGE_CURVE('',#5435,#5436,#6039,.T.);
#4316=EDGE_CURVE('',#5436,#5437,#6040,.T.);
#4317=EDGE_CURVE('',#5437,#5438,#6041,.T.);
#4318=EDGE_CURVE('',#5438,#5439,#6042,.T.);
#4319=EDGE_CURVE('',#5439,#5435,#6043,.T.);
#4320=EDGE_CURVE('',#5440,#5440,#6044,.T.);
#4321=EDGE_CURVE('',#5441,#5442,#527,.T.);
#4322=EDGE_CURVE('',#5443,#5441,#528,.T.);
#4323=EDGE_CURVE('',#5444,#5443,#529,.T.);
#4324=EDGE_CURVE('',#5442,#5444,#530,.T.);
#4325=EDGE_CURVE('',#5445,#5446,#531,.T.);
#4326=EDGE_CURVE('',#5447,#5445,#532,.T.);
#4327=EDGE_CURVE('',#5448,#5447,#533,.T.);
#4328=EDGE_CURVE('',#5446,#5448,#534,.T.);
#4329=EDGE_CURVE('',#5449,#5450,#535,.T.);
#4330=EDGE_CURVE('',#5451,#5449,#177,.T.);
#4331=EDGE_CURVE('',#5452,#5451,#536,.T.);
#4332=EDGE_CURVE('',#5453,#5452,#178,.T.);
#4333=EDGE_CURVE('',#5454,#5453,#537,.T.);
#4334=EDGE_CURVE('',#5455,#5454,#179,.T.);
#4335=EDGE_CURVE('',#5456,#5455,#538,.T.);
#4336=EDGE_CURVE('',#5450,#5456,#180,.T.);
#4337=EDGE_CURVE('',#5457,#5458,#539,.T.);
#4338=EDGE_CURVE('',#5459,#5457,#540,.T.);
#4339=EDGE_CURVE('',#5460,#5459,#541,.T.);
#4340=EDGE_CURVE('',#5458,#5460,#542,.T.);
#4341=EDGE_CURVE('',#5461,#5462,#543,.T.);
#4342=EDGE_CURVE('',#5463,#5461,#181,.T.);
#4343=EDGE_CURVE('',#5464,#5463,#544,.T.);
#4344=EDGE_CURVE('',#5465,#5464,#182,.T.);
#4345=EDGE_CURVE('',#5466,#5465,#545,.T.);
#4346=EDGE_CURVE('',#5467,#5466,#183,.T.);
#4347=EDGE_CURVE('',#5468,#5467,#546,.T.);
#4348=EDGE_CURVE('',#5462,#5468,#184,.T.);
#4349=EDGE_CURVE('',#5469,#5470,#185,.T.);
#4350=EDGE_CURVE('',#5471,#5469,#547,.T.);
#4351=EDGE_CURVE('',#5472,#5471,#186,.T.);
#4352=EDGE_CURVE('',#5473,#5472,#548,.T.);
#4353=EDGE_CURVE('',#5474,#5473,#187,.T.);
#4354=EDGE_CURVE('',#5475,#5474,#549,.T.);
#4355=EDGE_CURVE('',#5476,#5475,#188,.T.);
#4356=EDGE_CURVE('',#5470,#5476,#550,.T.);
#4357=EDGE_CURVE('',#5477,#5478,#189,.T.);
#4358=EDGE_CURVE('',#5479,#5478,#551,.T.);
#4359=EDGE_CURVE('',#5480,#5479,#190,.T.);
#4360=EDGE_CURVE('',#5480,#5477,#552,.T.);
#4361=EDGE_CURVE('',#5478,#5481,#553,.T.);
#4362=EDGE_CURVE('',#5482,#5481,#554,.T.);
#4363=EDGE_CURVE('',#5479,#5482,#555,.T.);
#4364=EDGE_CURVE('',#5481,#5230,#191,.T.);
#4365=EDGE_CURVE('',#5482,#5229,#192,.T.);
#4366=EDGE_CURVE('',#5231,#5483,#193,.T.);
#4367=EDGE_CURVE('',#5484,#5483,#556,.T.);
#4368=EDGE_CURVE('',#5232,#5484,#194,.T.);
#4369=EDGE_CURVE('',#5483,#5485,#557,.T.);
#4370=EDGE_CURVE('',#5486,#5485,#558,.T.);
#4371=EDGE_CURVE('',#5484,#5486,#559,.T.);
#4372=EDGE_CURVE('',#5485,#5487,#195,.T.);
#4373=EDGE_CURVE('',#5488,#5487,#560,.T.);
#4374=EDGE_CURVE('',#5486,#5488,#196,.T.);
#4375=EDGE_CURVE('',#5489,#5490,#197,.T.);
#4376=EDGE_CURVE('',#5491,#5490,#561,.T.);
#4377=EDGE_CURVE('',#5492,#5491,#198,.T.);
#4378=EDGE_CURVE('',#5492,#5489,#562,.T.);
#4379=EDGE_CURVE('',#5490,#5493,#563,.T.);
#4380=EDGE_CURVE('',#5494,#5493,#564,.T.);
#4381=EDGE_CURVE('',#5491,#5494,#565,.T.);
#4382=EDGE_CURVE('',#5493,#5234,#199,.T.);
#4383=EDGE_CURVE('',#5494,#5233,#200,.T.);
#4384=EDGE_CURVE('',#5235,#5495,#201,.T.);
#4385=EDGE_CURVE('',#5496,#5495,#566,.T.);
#4386=EDGE_CURVE('',#5236,#5496,#202,.T.);
#4387=EDGE_CURVE('',#5495,#5497,#567,.T.);
#4388=EDGE_CURVE('',#5498,#5497,#568,.T.);
#4389=EDGE_CURVE('',#5496,#5498,#569,.T.);
#4390=EDGE_CURVE('',#5497,#5499,#203,.T.);
#4391=EDGE_CURVE('',#5500,#5499,#570,.T.);
#4392=EDGE_CURVE('',#5498,#5500,#204,.T.);
#4393=EDGE_CURVE('',#5501,#5502,#205,.T.);
#4394=EDGE_CURVE('',#5503,#5502,#571,.T.);
#4395=EDGE_CURVE('',#5504,#5503,#206,.T.);
#4396=EDGE_CURVE('',#5504,#5501,#572,.T.);
#4397=EDGE_CURVE('',#5502,#5505,#573,.T.);
#4398=EDGE_CURVE('',#5506,#5505,#574,.T.);
#4399=EDGE_CURVE('',#5503,#5506,#575,.T.);
#4400=EDGE_CURVE('',#5505,#5238,#207,.T.);
#4401=EDGE_CURVE('',#5506,#5237,#208,.T.);
#4402=EDGE_CURVE('',#5239,#5507,#209,.T.);
#4403=EDGE_CURVE('',#5508,#5507,#576,.T.);
#4404=EDGE_CURVE('',#5240,#5508,#210,.T.);
#4405=EDGE_CURVE('',#5507,#5509,#577,.T.);
#4406=EDGE_CURVE('',#5510,#5509,#578,.T.);
#4407=EDGE_CURVE('',#5508,#5510,#579,.T.);
#4408=EDGE_CURVE('',#5509,#5511,#211,.T.);
#4409=EDGE_CURVE('',#5512,#5511,#580,.T.);
#4410=EDGE_CURVE('',#5510,#5512,#212,.T.);
#4411=EDGE_CURVE('',#5477,#5513,#581,.T.);
#4412=EDGE_CURVE('',#5480,#5514,#582,.T.);
#4413=EDGE_CURVE('',#5514,#5513,#583,.T.);
#4414=EDGE_CURVE('',#5513,#5515,#213,.T.);
#4415=EDGE_CURVE('',#5514,#5516,#214,.T.);
#4416=EDGE_CURVE('',#5516,#5515,#584,.T.);
#4417=EDGE_CURVE('',#5515,#5517,#585,.T.);
#4418=EDGE_CURVE('',#5516,#5518,#586,.T.);
#4419=EDGE_CURVE('',#5518,#5517,#587,.T.);
#4420=EDGE_CURVE('',#5517,#5242,#215,.T.);
#4421=EDGE_CURVE('',#5518,#5241,#216,.T.);
#4422=EDGE_CURVE('',#5244,#5519,#217,.T.);
#4423=EDGE_CURVE('',#5243,#5520,#218,.T.);
#4424=EDGE_CURVE('',#5520,#5519,#588,.T.);
#4425=EDGE_CURVE('',#5519,#5521,#589,.T.);
#4426=EDGE_CURVE('',#5520,#5522,#590,.T.);
#4427=EDGE_CURVE('',#5522,#5521,#591,.T.);
#4428=EDGE_CURVE('',#5521,#5523,#219,.T.);
#4429=EDGE_CURVE('',#5522,#5524,#220,.T.);
#4430=EDGE_CURVE('',#5524,#5523,#592,.T.);
#4431=EDGE_CURVE('',#5523,#5487,#593,.T.);
#4432=EDGE_CURVE('',#5524,#5488,#594,.T.);
#4433=EDGE_CURVE('',#5489,#5525,#595,.T.);
#4434=EDGE_CURVE('',#5492,#5526,#596,.T.);
#4435=EDGE_CURVE('',#5526,#5525,#597,.T.);
#4436=EDGE_CURVE('',#5525,#5527,#221,.T.);
#4437=EDGE_CURVE('',#5526,#5528,#222,.T.);
#4438=EDGE_CURVE('',#5528,#5527,#598,.T.);
#4439=EDGE_CURVE('',#5527,#5529,#599,.T.);
#4440=EDGE_CURVE('',#5528,#5530,#600,.T.);
#4441=EDGE_CURVE('',#5530,#5529,#601,.T.);
#4442=EDGE_CURVE('',#5529,#5246,#223,.T.);
#4443=EDGE_CURVE('',#5530,#5245,#224,.T.);
#4444=EDGE_CURVE('',#5248,#5531,#225,.T.);
#4445=EDGE_CURVE('',#5247,#5532,#226,.T.);
#4446=EDGE_CURVE('',#5532,#5531,#602,.T.);
#4447=EDGE_CURVE('',#5531,#5533,#603,.T.);
#4448=EDGE_CURVE('',#5532,#5534,#604,.T.);
#4449=EDGE_CURVE('',#5534,#5533,#605,.T.);
#4450=EDGE_CURVE('',#5533,#5535,#227,.T.);
#4451=EDGE_CURVE('',#5534,#5536,#228,.T.);
#4452=EDGE_CURVE('',#5536,#5535,#606,.T.);
#4453=EDGE_CURVE('',#5535,#5499,#607,.T.);
#4454=EDGE_CURVE('',#5536,#5500,#608,.T.);
#4455=EDGE_CURVE('',#5537,#5538,#229,.T.);
#4456=EDGE_CURVE('',#5539,#5538,#609,.T.);
#4457=EDGE_CURVE('',#5540,#5539,#230,.T.);
#4458=EDGE_CURVE('',#5540,#5537,#610,.T.);
#4459=EDGE_CURVE('',#5538,#5541,#611,.T.);
#4460=EDGE_CURVE('',#5542,#5541,#612,.T.);
#4461=EDGE_CURVE('',#5539,#5542,#613,.T.);
#4462=EDGE_CURVE('',#5541,#5250,#231,.T.);
#4463=EDGE_CURVE('',#5542,#5249,#232,.T.);
#4464=EDGE_CURVE('',#5251,#5543,#233,.T.);
#4465=EDGE_CURVE('',#5544,#5543,#614,.T.);
#4466=EDGE_CURVE('',#5252,#5544,#234,.T.);
#4467=EDGE_CURVE('',#5543,#5545,#615,.T.);
#4468=EDGE_CURVE('',#5546,#5545,#616,.T.);
#4469=EDGE_CURVE('',#5544,#5546,#617,.T.);
#4470=EDGE_CURVE('',#5545,#5547,#235,.T.);
#4471=EDGE_CURVE('',#5548,#5547,#618,.T.);
#4472=EDGE_CURVE('',#5546,#5548,#236,.T.);
#4473=EDGE_CURVE('',#5549,#5550,#237,.T.);
#4474=EDGE_CURVE('',#5551,#5550,#619,.T.);
#4475=EDGE_CURVE('',#5552,#5551,#238,.T.);
#4476=EDGE_CURVE('',#5552,#5549,#620,.T.);
#4477=EDGE_CURVE('',#5550,#5553,#621,.T.);
#4478=EDGE_CURVE('',#5554,#5553,#622,.T.);
#4479=EDGE_CURVE('',#5551,#5554,#623,.T.);
#4480=EDGE_CURVE('',#5553,#5254,#239,.T.);
#4481=EDGE_CURVE('',#5554,#5253,#240,.T.);
#4482=EDGE_CURVE('',#5255,#5555,#241,.T.);
#4483=EDGE_CURVE('',#5556,#5555,#624,.T.);
#4484=EDGE_CURVE('',#5256,#5556,#242,.T.);
#4485=EDGE_CURVE('',#5555,#5557,#625,.T.);
#4486=EDGE_CURVE('',#5558,#5557,#626,.T.);
#4487=EDGE_CURVE('',#5556,#5558,#627,.T.);
#4488=EDGE_CURVE('',#5557,#5559,#243,.T.);
#4489=EDGE_CURVE('',#5560,#5559,#628,.T.);
#4490=EDGE_CURVE('',#5558,#5560,#244,.T.);
#4491=EDGE_CURVE('',#5561,#5562,#245,.T.);
#4492=EDGE_CURVE('',#5563,#5562,#629,.T.);
#4493=EDGE_CURVE('',#5564,#5563,#246,.T.);
#4494=EDGE_CURVE('',#5564,#5561,#630,.T.);
#4495=EDGE_CURVE('',#5562,#5565,#631,.T.);
#4496=EDGE_CURVE('',#5566,#5565,#632,.T.);
#4497=EDGE_CURVE('',#5563,#5566,#633,.T.);
#4498=EDGE_CURVE('',#5565,#5258,#247,.T.);
#4499=EDGE_CURVE('',#5566,#5257,#248,.T.);
#4500=EDGE_CURVE('',#5259,#5567,#249,.T.);
#4501=EDGE_CURVE('',#5568,#5567,#634,.T.);
#4502=EDGE_CURVE('',#5260,#5568,#250,.T.);
#4503=EDGE_CURVE('',#5567,#5569,#635,.T.);
#4504=EDGE_CURVE('',#5570,#5569,#636,.T.);
#4505=EDGE_CURVE('',#5568,#5570,#637,.T.);
#4506=EDGE_CURVE('',#5569,#5571,#251,.T.);
#4507=EDGE_CURVE('',#5572,#5571,#638,.T.);
#4508=EDGE_CURVE('',#5570,#5572,#252,.T.);
#4509=EDGE_CURVE('',#5573,#5574,#253,.T.);
#4510=EDGE_CURVE('',#5575,#5574,#639,.T.);
#4511=EDGE_CURVE('',#5576,#5575,#254,.T.);
#4512=EDGE_CURVE('',#5576,#5573,#640,.T.);
#4513=EDGE_CURVE('',#5574,#5577,#641,.T.);
#4514=EDGE_CURVE('',#5578,#5577,#642,.T.);
#4515=EDGE_CURVE('',#5575,#5578,#643,.T.);
#4516=EDGE_CURVE('',#5577,#5262,#255,.T.);
#4517=EDGE_CURVE('',#5578,#5261,#256,.T.);
#4518=EDGE_CURVE('',#5263,#5579,#257,.T.);
#4519=EDGE_CURVE('',#5580,#5579,#644,.T.);
#4520=EDGE_CURVE('',#5264,#5580,#258,.T.);
#4521=EDGE_CURVE('',#5579,#5581,#645,.T.);
#4522=EDGE_CURVE('',#5582,#5581,#646,.T.);
#4523=EDGE_CURVE('',#5580,#5582,#647,.T.);
#4524=EDGE_CURVE('',#5581,#5583,#259,.T.);
#4525=EDGE_CURVE('',#5584,#5583,#648,.T.);
#4526=EDGE_CURVE('',#5582,#5584,#260,.T.);
#4527=EDGE_CURVE('',#5537,#5585,#649,.T.);
#4528=EDGE_CURVE('',#5540,#5586,#650,.T.);
#4529=EDGE_CURVE('',#5586,#5585,#651,.T.);
#4530=EDGE_CURVE('',#5585,#5587,#261,.T.);
#4531=EDGE_CURVE('',#5586,#5588,#262,.T.);
#4532=EDGE_CURVE('',#5588,#5587,#652,.T.);
#4533=EDGE_CURVE('',#5587,#5589,#653,.T.);
#4534=EDGE_CURVE('',#5588,#5590,#654,.T.);
#4535=EDGE_CURVE('',#5590,#5589,#655,.T.);
#4536=EDGE_CURVE('',#5589,#5266,#263,.T.);
#4537=EDGE_CURVE('',#5590,#5265,#264,.T.);
#4538=EDGE_CURVE('',#5268,#5591,#265,.T.);
#4539=EDGE_CURVE('',#5267,#5592,#266,.T.);
#4540=EDGE_CURVE('',#5592,#5591,#656,.T.);
#4541=EDGE_CURVE('',#5591,#5593,#657,.T.);
#4542=EDGE_CURVE('',#5592,#5594,#658,.T.);
#4543=EDGE_CURVE('',#5594,#5593,#659,.T.);
#4544=EDGE_CURVE('',#5593,#5595,#267,.T.);
#4545=EDGE_CURVE('',#5594,#5596,#268,.T.);
#4546=EDGE_CURVE('',#5596,#5595,#660,.T.);
#4547=EDGE_CURVE('',#5595,#5547,#661,.T.);
#4548=EDGE_CURVE('',#5596,#5548,#662,.T.);
#4549=EDGE_CURVE('',#5549,#5597,#663,.T.);
#4550=EDGE_CURVE('',#5552,#5598,#664,.T.);
#4551=EDGE_CURVE('',#5598,#5597,#665,.T.);
#4552=EDGE_CURVE('',#5597,#5599,#269,.T.);
#4553=EDGE_CURVE('',#5598,#5600,#270,.T.);
#4554=EDGE_CURVE('',#5600,#5599,#666,.T.);
#4555=EDGE_CURVE('',#5599,#5601,#667,.T.);
#4556=EDGE_CURVE('',#5600,#5602,#668,.T.);
#4557=EDGE_CURVE('',#5602,#5601,#669,.T.);
#4558=EDGE_CURVE('',#5601,#5270,#271,.T.);
#4559=EDGE_CURVE('',#5602,#5269,#272,.T.);
#4560=EDGE_CURVE('',#5272,#5603,#273,.T.);
#4561=EDGE_CURVE('',#5271,#5604,#274,.T.);
#4562=EDGE_CURVE('',#5604,#5603,#670,.T.);
#4563=EDGE_CURVE('',#5603,#5605,#671,.T.);
#4564=EDGE_CURVE('',#5604,#5606,#672,.T.);
#4565=EDGE_CURVE('',#5606,#5605,#673,.T.);
#4566=EDGE_CURVE('',#5605,#5607,#275,.T.);
#4567=EDGE_CURVE('',#5606,#5608,#276,.T.);
#4568=EDGE_CURVE('',#5608,#5607,#674,.T.);
#4569=EDGE_CURVE('',#5607,#5559,#675,.T.);
#4570=EDGE_CURVE('',#5608,#5560,#676,.T.);
#4571=EDGE_CURVE('',#5561,#5609,#677,.T.);
#4572=EDGE_CURVE('',#5564,#5610,#678,.T.);
#4573=EDGE_CURVE('',#5610,#5609,#679,.T.);
#4574=EDGE_CURVE('',#5609,#5611,#277,.T.);
#4575=EDGE_CURVE('',#5610,#5612,#278,.T.);
#4576=EDGE_CURVE('',#5612,#5611,#680,.T.);
#4577=EDGE_CURVE('',#5611,#5613,#681,.T.);
#4578=EDGE_CURVE('',#5612,#5614,#682,.T.);
#4579=EDGE_CURVE('',#5614,#5613,#683,.T.);
#4580=EDGE_CURVE('',#5613,#5274,#279,.T.);
#4581=EDGE_CURVE('',#5614,#5273,#280,.T.);
#4582=EDGE_CURVE('',#5276,#5615,#281,.T.);
#4583=EDGE_CURVE('',#5275,#5616,#282,.T.);
#4584=EDGE_CURVE('',#5616,#5615,#684,.T.);
#4585=EDGE_CURVE('',#5615,#5617,#685,.T.);
#4586=EDGE_CURVE('',#5616,#5618,#686,.T.);
#4587=EDGE_CURVE('',#5618,#5617,#687,.T.);
#4588=EDGE_CURVE('',#5617,#5619,#283,.T.);
#4589=EDGE_CURVE('',#5618,#5620,#284,.T.);
#4590=EDGE_CURVE('',#5620,#5619,#688,.T.);
#4591=EDGE_CURVE('',#5619,#5571,#689,.T.);
#4592=EDGE_CURVE('',#5620,#5572,#690,.T.);
#4593=EDGE_CURVE('',#5621,#5622,#285,.T.);
#4594=EDGE_CURVE('',#5623,#5622,#691,.T.);
#4595=EDGE_CURVE('',#5624,#5623,#286,.T.);
#4596=EDGE_CURVE('',#5624,#5621,#692,.T.);
#4597=EDGE_CURVE('',#5622,#5625,#693,.T.);
#4598=EDGE_CURVE('',#5626,#5625,#694,.T.);
#4599=EDGE_CURVE('',#5623,#5626,#695,.T.);
#4600=EDGE_CURVE('',#5625,#5278,#287,.T.);
#4601=EDGE_CURVE('',#5626,#5277,#288,.T.);
#4602=EDGE_CURVE('',#5279,#5627,#289,.T.);
#4603=EDGE_CURVE('',#5628,#5627,#696,.T.);
#4604=EDGE_CURVE('',#5280,#5628,#290,.T.);
#4605=EDGE_CURVE('',#5627,#5629,#697,.T.);
#4606=EDGE_CURVE('',#5630,#5629,#698,.T.);
#4607=EDGE_CURVE('',#5628,#5630,#699,.T.);
#4608=EDGE_CURVE('',#5629,#5631,#291,.T.);
#4609=EDGE_CURVE('',#5632,#5631,#700,.T.);
#4610=EDGE_CURVE('',#5630,#5632,#292,.T.);
#4611=EDGE_CURVE('',#5633,#5634,#293,.T.);
#4612=EDGE_CURVE('',#5635,#5634,#701,.T.);
#4613=EDGE_CURVE('',#5636,#5635,#294,.T.);
#4614=EDGE_CURVE('',#5636,#5633,#702,.T.);
#4615=EDGE_CURVE('',#5634,#5637,#703,.T.);
#4616=EDGE_CURVE('',#5638,#5637,#704,.T.);
#4617=EDGE_CURVE('',#5635,#5638,#705,.T.);
#4618=EDGE_CURVE('',#5637,#5282,#295,.T.);
#4619=EDGE_CURVE('',#5638,#5281,#296,.T.);
#4620=EDGE_CURVE('',#5283,#5639,#297,.T.);
#4621=EDGE_CURVE('',#5640,#5639,#706,.T.);
#4622=EDGE_CURVE('',#5284,#5640,#298,.T.);
#4623=EDGE_CURVE('',#5639,#5641,#707,.T.);
#4624=EDGE_CURVE('',#5642,#5641,#708,.T.);
#4625=EDGE_CURVE('',#5640,#5642,#709,.T.);
#4626=EDGE_CURVE('',#5641,#5643,#299,.T.);
#4627=EDGE_CURVE('',#5644,#5643,#710,.T.);
#4628=EDGE_CURVE('',#5642,#5644,#300,.T.);
#4629=EDGE_CURVE('',#5645,#5646,#301,.T.);
#4630=EDGE_CURVE('',#5647,#5646,#711,.T.);
#4631=EDGE_CURVE('',#5648,#5647,#302,.T.);
#4632=EDGE_CURVE('',#5648,#5645,#712,.T.);
#4633=EDGE_CURVE('',#5646,#5649,#713,.T.);
#4634=EDGE_CURVE('',#5650,#5649,#714,.T.);
#4635=EDGE_CURVE('',#5647,#5650,#715,.T.);
#4636=EDGE_CURVE('',#5649,#5286,#303,.T.);
#4637=EDGE_CURVE('',#5650,#5285,#304,.T.);
#4638=EDGE_CURVE('',#5287,#5651,#305,.T.);
#4639=EDGE_CURVE('',#5652,#5651,#716,.T.);
#4640=EDGE_CURVE('',#5288,#5652,#306,.T.);
#4641=EDGE_CURVE('',#5651,#5653,#717,.T.);
#4642=EDGE_CURVE('',#5654,#5653,#718,.T.);
#4643=EDGE_CURVE('',#5652,#5654,#719,.T.);
#4644=EDGE_CURVE('',#5653,#5655,#307,.T.);
#4645=EDGE_CURVE('',#5656,#5655,#720,.T.);
#4646=EDGE_CURVE('',#5654,#5656,#308,.T.);
#4647=EDGE_CURVE('',#5657,#5658,#309,.T.);
#4648=EDGE_CURVE('',#5659,#5658,#721,.T.);
#4649=EDGE_CURVE('',#5660,#5659,#310,.T.);
#4650=EDGE_CURVE('',#5660,#5657,#722,.T.);
#4651=EDGE_CURVE('',#5658,#5661,#723,.T.);
#4652=EDGE_CURVE('',#5662,#5661,#724,.T.);
#4653=EDGE_CURVE('',#5659,#5662,#725,.T.);
#4654=EDGE_CURVE('',#5661,#5290,#311,.T.);
#4655=EDGE_CURVE('',#5662,#5289,#312,.T.);
#4656=EDGE_CURVE('',#5291,#5663,#313,.T.);
#4657=EDGE_CURVE('',#5664,#5663,#726,.T.);
#4658=EDGE_CURVE('',#5292,#5664,#314,.T.);
#4659=EDGE_CURVE('',#5663,#5665,#727,.T.);
#4660=EDGE_CURVE('',#5666,#5665,#728,.T.);
#4661=EDGE_CURVE('',#5664,#5666,#729,.T.);
#4662=EDGE_CURVE('',#5665,#5667,#315,.T.);
#4663=EDGE_CURVE('',#5668,#5667,#730,.T.);
#4664=EDGE_CURVE('',#5666,#5668,#316,.T.);
#4665=EDGE_CURVE('',#5621,#5669,#731,.T.);
#4666=EDGE_CURVE('',#5624,#5670,#732,.T.);
#4667=EDGE_CURVE('',#5670,#5669,#733,.T.);
#4668=EDGE_CURVE('',#5669,#5671,#317,.T.);
#4669=EDGE_CURVE('',#5670,#5672,#318,.T.);
#4670=EDGE_CURVE('',#5672,#5671,#734,.T.);
#4671=EDGE_CURVE('',#5671,#5673,#735,.T.);
#4672=EDGE_CURVE('',#5672,#5674,#736,.T.);
#4673=EDGE_CURVE('',#5674,#5673,#737,.T.);
#4674=EDGE_CURVE('',#5673,#5294,#319,.T.);
#4675=EDGE_CURVE('',#5674,#5293,#320,.T.);
#4676=EDGE_CURVE('',#5296,#5675,#321,.T.);
#4677=EDGE_CURVE('',#5295,#5676,#322,.T.);
#4678=EDGE_CURVE('',#5676,#5675,#738,.T.);
#4679=EDGE_CURVE('',#5675,#5677,#739,.T.);
#4680=EDGE_CURVE('',#5676,#5678,#740,.T.);
#4681=EDGE_CURVE('',#5678,#5677,#741,.T.);
#4682=EDGE_CURVE('',#5677,#5679,#323,.T.);
#4683=EDGE_CURVE('',#5678,#5680,#324,.T.);
#4684=EDGE_CURVE('',#5680,#5679,#742,.T.);
#4685=EDGE_CURVE('',#5679,#5631,#743,.T.);
#4686=EDGE_CURVE('',#5680,#5632,#744,.T.);
#4687=EDGE_CURVE('',#5633,#5681,#745,.T.);
#4688=EDGE_CURVE('',#5636,#5682,#746,.T.);
#4689=EDGE_CURVE('',#5682,#5681,#747,.T.);
#4690=EDGE_CURVE('',#5681,#5683,#325,.T.);
#4691=EDGE_CURVE('',#5682,#5684,#326,.T.);
#4692=EDGE_CURVE('',#5684,#5683,#748,.T.);
#4693=EDGE_CURVE('',#5683,#5685,#749,.T.);
#4694=EDGE_CURVE('',#5684,#5686,#750,.T.);
#4695=EDGE_CURVE('',#5686,#5685,#751,.T.);
#4696=EDGE_CURVE('',#5685,#5298,#327,.T.);
#4697=EDGE_CURVE('',#5686,#5297,#328,.T.);
#4698=EDGE_CURVE('',#5300,#5687,#329,.T.);
#4699=EDGE_CURVE('',#5299,#5688,#330,.T.);
#4700=EDGE_CURVE('',#5688,#5687,#752,.T.);
#4701=EDGE_CURVE('',#5687,#5689,#753,.T.);
#4702=EDGE_CURVE('',#5688,#5690,#754,.T.);
#4703=EDGE_CURVE('',#5690,#5689,#755,.T.);
#4704=EDGE_CURVE('',#5689,#5691,#331,.T.);
#4705=EDGE_CURVE('',#5690,#5692,#332,.T.);
#4706=EDGE_CURVE('',#5692,#5691,#756,.T.);
#4707=EDGE_CURVE('',#5691,#5643,#757,.T.);
#4708=EDGE_CURVE('',#5692,#5644,#758,.T.);
#4709=EDGE_CURVE('',#5645,#5693,#759,.T.);
#4710=EDGE_CURVE('',#5648,#5694,#760,.T.);
#4711=EDGE_CURVE('',#5694,#5693,#761,.T.);
#4712=EDGE_CURVE('',#5693,#5695,#333,.T.);
#4713=EDGE_CURVE('',#5694,#5696,#334,.T.);
#4714=EDGE_CURVE('',#5696,#5695,#762,.T.);
#4715=EDGE_CURVE('',#5695,#5697,#763,.T.);
#4716=EDGE_CURVE('',#5696,#5698,#764,.T.);
#4717=EDGE_CURVE('',#5698,#5697,#765,.T.);
#4718=EDGE_CURVE('',#5697,#5302,#335,.T.);
#4719=EDGE_CURVE('',#5698,#5301,#336,.T.);
#4720=EDGE_CURVE('',#5304,#5699,#337,.T.);
#4721=EDGE_CURVE('',#5303,#5700,#338,.T.);
#4722=EDGE_CURVE('',#5700,#5699,#766,.T.);
#4723=EDGE_CURVE('',#5699,#5701,#767,.T.);
#4724=EDGE_CURVE('',#5700,#5702,#768,.T.);
#4725=EDGE_CURVE('',#5702,#5701,#769,.T.);
#4726=EDGE_CURVE('',#5701,#5703,#339,.T.);
#4727=EDGE_CURVE('',#5702,#5704,#340,.T.);
#4728=EDGE_CURVE('',#5704,#5703,#770,.T.);
#4729=EDGE_CURVE('',#5703,#5655,#771,.T.);
#4730=EDGE_CURVE('',#5704,#5656,#772,.T.);
#4731=EDGE_CURVE('',#5705,#5706,#773,.T.);
#4732=EDGE_CURVE('',#5707,#5705,#774,.T.);
#4733=EDGE_CURVE('',#5707,#5708,#775,.T.);
#4734=EDGE_CURVE('',#5708,#5706,#776,.T.);
#4735=EDGE_CURVE('',#5709,#5705,#777,.T.);
#4736=EDGE_CURVE('',#5710,#5709,#778,.T.);
#4737=EDGE_CURVE('',#5710,#5707,#779,.T.);
#4738=EDGE_CURVE('',#5711,#5711,#341,.F.);
#4739=EDGE_CURVE('',#5712,#5710,#780,.T.);
#4740=EDGE_CURVE('',#5708,#5712,#781,.T.);
#4741=EDGE_CURVE('',#5706,#5713,#782,.T.);
#4742=EDGE_CURVE('',#5712,#5713,#783,.T.);
#4743=EDGE_CURVE('',#5713,#5709,#784,.T.);
#4744=EDGE_CURVE('',#5714,#5715,#785,.T.);
#4745=EDGE_CURVE('',#5716,#5715,#786,.T.);
#4746=EDGE_CURVE('',#5717,#5716,#787,.T.);
#4747=EDGE_CURVE('',#5717,#5714,#788,.T.);
#4748=EDGE_CURVE('',#5718,#5714,#789,.T.);
#4749=EDGE_CURVE('',#5719,#5717,#790,.T.);
#4750=EDGE_CURVE('',#5719,#5718,#791,.T.);
#4751=EDGE_CURVE('',#5720,#5718,#792,.T.);
#4752=EDGE_CURVE('',#5721,#5719,#793,.T.);
#4753=EDGE_CURVE('',#5721,#5720,#794,.T.);
#4754=EDGE_CURVE('',#5722,#5722,#342,.F.);
#4755=EDGE_CURVE('',#5716,#5723,#795,.T.);
#4756=EDGE_CURVE('',#5723,#5721,#796,.T.);
#4757=EDGE_CURVE('',#5723,#5724,#797,.T.);
#4758=EDGE_CURVE('',#5724,#5720,#798,.T.);
#4759=EDGE_CURVE('',#5725,#5725,#343,.F.);
#4760=EDGE_CURVE('',#5726,#5727,#799,.T.);
#4761=EDGE_CURVE('',#5727,#5728,#800,.T.);
#4762=EDGE_CURVE('',#5728,#5729,#801,.T.);
#4763=EDGE_CURVE('',#5729,#5730,#802,.T.);
#4764=EDGE_CURVE('',#5730,#5726,#803,.T.);
#4765=EDGE_CURVE('',#5731,#5732,#804,.T.);
#4766=EDGE_CURVE('',#5727,#5732,#805,.T.);
#4767=EDGE_CURVE('',#5726,#5731,#806,.T.);
#4768=EDGE_CURVE('',#5733,#5734,#807,.T.);
#4769=EDGE_CURVE('',#5729,#5734,#808,.T.);
#4770=EDGE_CURVE('',#5728,#5733,#809,.T.);
#4771=EDGE_CURVE('',#5734,#5735,#810,.T.);
#4772=EDGE_CURVE('',#5730,#5735,#811,.T.);
#4773=EDGE_CURVE('',#5735,#5731,#812,.T.);
#4774=EDGE_CURVE('',#5736,#5737,#813,.T.);
#4775=EDGE_CURVE('',#5738,#5736,#814,.T.);
#4776=EDGE_CURVE('',#5738,#5739,#815,.T.);
#4777=EDGE_CURVE('',#5739,#5737,#816,.T.);
#4778=EDGE_CURVE('',#5740,#5736,#817,.T.);
#4779=EDGE_CURVE('',#5741,#5740,#818,.T.);
#4780=EDGE_CURVE('',#5741,#5738,#819,.T.);
#4781=EDGE_CURVE('',#5742,#5742,#344,.F.);
#4782=EDGE_CURVE('',#5739,#5743,#820,.T.);
#4783=EDGE_CURVE('',#5743,#5741,#821,.T.);
#4784=EDGE_CURVE('',#5737,#5744,#822,.T.);
#4785=EDGE_CURVE('',#5743,#5744,#823,.T.);
#4786=EDGE_CURVE('',#5744,#5740,#824,.T.);
#4787=EDGE_CURVE('',#5745,#5746,#825,.T.);
#4788=EDGE_CURVE('',#5747,#5745,#826,.T.);
#4789=EDGE_CURVE('',#5747,#5748,#827,.T.);
#4790=EDGE_CURVE('',#5748,#5746,#828,.T.);
#4791=EDGE_CURVE('',#5749,#5745,#829,.T.);
#4792=EDGE_CURVE('',#5750,#5749,#830,.T.);
#4793=EDGE_CURVE('',#5750,#5747,#831,.T.);
#4794=EDGE_CURVE('',#5751,#5751,#345,.F.);
#4795=EDGE_CURVE('',#5752,#5750,#832,.T.);
#4796=EDGE_CURVE('',#5748,#5752,#833,.T.);
#4797=EDGE_CURVE('',#5746,#5753,#834,.T.);
#4798=EDGE_CURVE('',#5752,#5753,#835,.T.);
#4799=EDGE_CURVE('',#5753,#5749,#836,.T.);
#4800=EDGE_CURVE('',#5754,#5755,#837,.T.);
#4801=EDGE_CURVE('',#5756,#5754,#838,.T.);
#4802=EDGE_CURVE('',#5756,#5757,#839,.T.);
#4803=EDGE_CURVE('',#5757,#5755,#840,.T.);
#4804=EDGE_CURVE('',#5758,#5754,#841,.T.);
#4805=EDGE_CURVE('',#5759,#5758,#842,.T.);
#4806=EDGE_CURVE('',#5759,#5756,#843,.T.);
#4807=EDGE_CURVE('',#5760,#5760,#346,.F.);
#4808=EDGE_CURVE('',#5761,#5759,#844,.T.);
#4809=EDGE_CURVE('',#5757,#5761,#845,.T.);
#4810=EDGE_CURVE('',#5755,#5762,#846,.T.);
#4811=EDGE_CURVE('',#5761,#5762,#847,.T.);
#4812=EDGE_CURVE('',#5762,#5758,#848,.T.);
#4813=EDGE_CURVE('',#5763,#5467,#849,.T.);
#4814=EDGE_CURVE('',#5764,#5466,#850,.T.);
#4815=EDGE_CURVE('',#5763,#5764,#347,.T.);
#4816=EDGE_CURVE('',#5765,#5468,#851,.T.);
#4817=EDGE_CURVE('',#5765,#5763,#852,.T.);
#4818=EDGE_CURVE('',#5766,#5462,#853,.T.);
#4819=EDGE_CURVE('',#5766,#5765,#348,.T.);
#4820=EDGE_CURVE('',#5767,#5332,#854,.T.);
#4821=EDGE_CURVE('',#5333,#5767,#65,.T.);
#4822=EDGE_CURVE('',#5465,#5767,#855,.T.);
#4823=EDGE_CURVE('',#5764,#5331,#856,.T.);
#4824=EDGE_CURVE('',#5330,#5766,#857,.T.);
#4825=EDGE_CURVE('',#5329,#5768,#858,.T.);
#4826=EDGE_CURVE('',#5461,#5768,#859,.T.);
#4827=EDGE_CURVE('',#5768,#5328,#66,.F.);
#4828=EDGE_CURVE('',#5769,#5319,#860,.T.);
#4829=EDGE_CURVE('',#5770,#5769,#861,.T.);
#4830=EDGE_CURVE('',#5770,#5320,#862,.T.);
#4831=EDGE_CURVE('',#5771,#5770,#863,.T.);
#4832=EDGE_CURVE('',#5771,#5318,#864,.T.);
#4833=EDGE_CURVE('',#5772,#5771,#865,.T.);
#4834=EDGE_CURVE('',#5772,#5317,#866,.T.);
#4835=EDGE_CURVE('',#5769,#5772,#867,.T.);
#4836=EDGE_CURVE('',#5773,#5773,#349,.F.);
#4837=EDGE_CURVE('',#5774,#5313,#868,.T.);
#4838=EDGE_CURVE('',#5775,#5774,#869,.T.);
#4839=EDGE_CURVE('',#5775,#5315,#870,.T.);
#4840=EDGE_CURVE('',#5776,#5775,#871,.T.);
#4841=EDGE_CURVE('',#5776,#5316,#872,.T.);
#4842=EDGE_CURVE('',#5777,#5776,#873,.T.);
#4843=EDGE_CURVE('',#5777,#5314,#874,.T.);
#4844=EDGE_CURVE('',#5774,#5777,#875,.T.);
#4845=EDGE_CURVE('',#5778,#5778,#350,.F.);
#4846=EDGE_CURVE('',#5779,#5309,#876,.T.);
#4847=EDGE_CURVE('',#5780,#5779,#877,.T.);
#4848=EDGE_CURVE('',#5780,#5311,#878,.T.);
#4849=EDGE_CURVE('',#5781,#5780,#879,.T.);
#4850=EDGE_CURVE('',#5781,#5312,#880,.T.);
#4851=EDGE_CURVE('',#5782,#5781,#881,.T.);
#4852=EDGE_CURVE('',#5782,#5310,#882,.T.);
#4853=EDGE_CURVE('',#5779,#5782,#883,.T.);
#4854=EDGE_CURVE('',#5783,#5783,#351,.F.);
#4855=EDGE_CURVE('',#5784,#5305,#884,.T.);
#4856=EDGE_CURVE('',#5785,#5784,#885,.T.);
#4857=EDGE_CURVE('',#5785,#5307,#886,.T.);
#4858=EDGE_CURVE('',#5786,#5785,#887,.T.);
#4859=EDGE_CURVE('',#5786,#5308,#888,.T.);
#4860=EDGE_CURVE('',#5787,#5786,#889,.T.);
#4861=EDGE_CURVE('',#5787,#5306,#890,.T.);
#4862=EDGE_CURVE('',#5784,#5787,#891,.T.);
#4863=EDGE_CURVE('',#5788,#5788,#352,.F.);
#4864=EDGE_CURVE('',#5789,#5336,#892,.T.);
#4865=EDGE_CURVE('',#5789,#5790,#893,.T.);
#4866=EDGE_CURVE('',#5790,#5337,#894,.T.);
#4867=EDGE_CURVE('',#5790,#5791,#895,.T.);
#4868=EDGE_CURVE('',#5791,#5338,#896,.T.);
#4869=EDGE_CURVE('',#5792,#5323,#897,.T.);
#4870=EDGE_CURVE('',#5792,#5793,#898,.T.);
#4871=EDGE_CURVE('',#5793,#5324,#899,.T.);
#4872=EDGE_CURVE('',#5793,#5794,#900,.T.);
#4873=EDGE_CURVE('',#5794,#5325,#901,.T.);
#4874=EDGE_CURVE('',#5321,#5795,#902,.T.);
#4875=EDGE_CURVE('',#5795,#5792,#903,.T.);
#4876=EDGE_CURVE('',#5791,#5796,#904,.T.);
#4877=EDGE_CURVE('',#5339,#5796,#905,.T.);
#4878=EDGE_CURVE('',#5797,#5795,#906,.T.);
#4879=EDGE_CURVE('',#5794,#5797,#907,.T.);
#4880=EDGE_CURVE('',#5798,#5798,#353,.F.);
#4881=EDGE_CURVE('',#5797,#5326,#908,.T.);
#4882=EDGE_CURVE('',#5799,#5327,#354,.T.);
#4883=EDGE_CURVE('',#5463,#5799,#909,.T.);
#4884=EDGE_CURVE('',#5800,#5799,#910,.T.);
#4885=EDGE_CURVE('',#5464,#5800,#911,.T.);
#4886=EDGE_CURVE('',#5334,#5800,#355,.T.);
#4887=EDGE_CURVE('',#5801,#5335,#912,.T.);
#4888=EDGE_CURVE('',#5801,#5789,#913,.T.);
#4889=EDGE_CURVE('',#5796,#5801,#914,.T.);
#4890=EDGE_CURVE('',#5802,#5802,#356,.F.);
#4891=EDGE_CURVE('',#5733,#5715,#915,.T.);
#4892=EDGE_CURVE('',#5796,#5727,#916,.T.);
#4893=EDGE_CURVE('',#5795,#5723,#917,.T.);
#4894=EDGE_CURVE('',#5803,#5732,#918,.T.);
#4895=EDGE_CURVE('',#5340,#5803,#919,.T.);
#4896=EDGE_CURVE('',#5804,#5803,#920,.T.);
#4897=EDGE_CURVE('',#5341,#5804,#921,.T.);
#4898=EDGE_CURVE('',#5805,#5804,#922,.T.);
#4899=EDGE_CURVE('',#5342,#5805,#923,.T.);
#4900=EDGE_CURVE('',#5806,#5805,#924,.T.);
#4901=EDGE_CURVE('',#5343,#5806,#925,.T.);
#4902=EDGE_CURVE('',#5807,#5806,#357,.T.);
#4903=EDGE_CURVE('',#5344,#5807,#926,.T.);
#4904=EDGE_CURVE('',#5808,#5807,#927,.T.);
#4905=EDGE_CURVE('',#5345,#5808,#928,.T.);
#4906=EDGE_CURVE('',#5809,#5808,#358,.T.);
#4907=EDGE_CURVE('',#5346,#5809,#929,.T.);
#4908=EDGE_CURVE('',#5810,#5809,#930,.T.);
#4909=EDGE_CURVE('',#5347,#5810,#931,.T.);
#4910=EDGE_CURVE('',#5811,#5810,#932,.T.);
#4911=EDGE_CURVE('',#5348,#5811,#933,.T.);
#4912=EDGE_CURVE('',#5812,#5811,#934,.T.);
#4913=EDGE_CURVE('',#5322,#5812,#935,.T.);
#4914=EDGE_CURVE('',#5724,#5812,#936,.T.);
#4915=EDGE_CURVE('',#5813,#5814,#937,.T.);
#4916=EDGE_CURVE('',#5814,#5815,#938,.T.);
#4917=EDGE_CURVE('',#5815,#5816,#939,.T.);
#4918=EDGE_CURVE('',#5816,#5813,#940,.T.);
#4919=EDGE_CURVE('',#5814,#5349,#941,.T.);
#4920=EDGE_CURVE('',#5813,#5351,#942,.T.);
#4921=EDGE_CURVE('',#5815,#5350,#943,.T.);
#4922=EDGE_CURVE('',#5816,#5352,#944,.T.);
#4923=EDGE_CURVE('',#5817,#5818,#945,.T.);
#4924=EDGE_CURVE('',#5818,#5819,#946,.T.);
#4925=EDGE_CURVE('',#5819,#5820,#947,.T.);
#4926=EDGE_CURVE('',#5820,#5817,#948,.T.);
#4927=EDGE_CURVE('',#5819,#5353,#949,.T.);
#4928=EDGE_CURVE('',#5818,#5355,#950,.T.);
#4929=EDGE_CURVE('',#5820,#5354,#951,.T.);
#4930=EDGE_CURVE('',#5817,#5356,#952,.T.);
#4931=EDGE_CURVE('',#5821,#5822,#953,.T.);
#4932=EDGE_CURVE('',#5822,#5823,#954,.T.);
#4933=EDGE_CURVE('',#5823,#5824,#955,.T.);
#4934=EDGE_CURVE('',#5824,#5821,#956,.T.);
#4935=EDGE_CURVE('',#5822,#5357,#957,.T.);
#4936=EDGE_CURVE('',#5821,#5359,#958,.T.);
#4937=EDGE_CURVE('',#5823,#5358,#959,.T.);
#4938=EDGE_CURVE('',#5824,#5360,#960,.T.);
#4939=EDGE_CURVE('',#5825,#5826,#961,.T.);
#4940=EDGE_CURVE('',#5826,#5827,#962,.T.);
#4941=EDGE_CURVE('',#5827,#5828,#963,.T.);
#4942=EDGE_CURVE('',#5828,#5825,#964,.T.);
#4943=EDGE_CURVE('',#5827,#5361,#965,.T.);
#4944=EDGE_CURVE('',#5826,#5363,#966,.T.);
#4945=EDGE_CURVE('',#5828,#5362,#967,.T.);
#4946=EDGE_CURVE('',#5825,#5364,#968,.T.);
#4947=EDGE_CURVE('',#5657,#5829,#969,.T.);
#4948=EDGE_CURVE('',#5660,#5830,#970,.T.);
#4949=EDGE_CURVE('',#5830,#5829,#971,.T.);
#4950=EDGE_CURVE('',#5829,#5831,#359,.T.);
#4951=EDGE_CURVE('',#5830,#5832,#360,.T.);
#4952=EDGE_CURVE('',#5832,#5831,#972,.T.);
#4953=EDGE_CURVE('',#5831,#5833,#973,.T.);
#4954=EDGE_CURVE('',#5832,#5834,#974,.T.);
#4955=EDGE_CURVE('',#5834,#5833,#975,.T.);
#4956=EDGE_CURVE('',#5833,#5366,#361,.T.);
#4957=EDGE_CURVE('',#5834,#5365,#362,.T.);
#4958=EDGE_CURVE('',#5368,#5835,#363,.T.);
#4959=EDGE_CURVE('',#5367,#5836,#364,.T.);
#4960=EDGE_CURVE('',#5836,#5835,#976,.T.);
#4961=EDGE_CURVE('',#5835,#5837,#977,.T.);
#4962=EDGE_CURVE('',#5836,#5838,#978,.T.);
#4963=EDGE_CURVE('',#5838,#5837,#979,.T.);
#4964=EDGE_CURVE('',#5837,#5839,#365,.T.);
#4965=EDGE_CURVE('',#5838,#5840,#366,.T.);
#4966=EDGE_CURVE('',#5840,#5839,#980,.T.);
#4967=EDGE_CURVE('',#5839,#5667,#981,.T.);
#4968=EDGE_CURVE('',#5840,#5668,#982,.T.);
#4969=EDGE_CURVE('',#5573,#5841,#983,.T.);
#4970=EDGE_CURVE('',#5576,#5842,#984,.T.);
#4971=EDGE_CURVE('',#5842,#5841,#985,.T.);
#4972=EDGE_CURVE('',#5841,#5843,#367,.T.);
#4973=EDGE_CURVE('',#5842,#5844,#368,.T.);
#4974=EDGE_CURVE('',#5844,#5843,#986,.T.);
#4975=EDGE_CURVE('',#5843,#5845,#987,.T.);
#4976=EDGE_CURVE('',#5844,#5846,#988,.T.);
#4977=EDGE_CURVE('',#5846,#5845,#989,.T.);
#4978=EDGE_CURVE('',#5845,#5370,#369,.T.);
#4979=EDGE_CURVE('',#5846,#5369,#370,.T.);
#4980=EDGE_CURVE('',#5372,#5847,#371,.T.);
#4981=EDGE_CURVE('',#5371,#5848,#372,.T.);
#4982=EDGE_CURVE('',#5848,#5847,#990,.T.);
#4983=EDGE_CURVE('',#5847,#5849,#991,.T.);
#4984=EDGE_CURVE('',#5848,#5850,#992,.T.);
#4985=EDGE_CURVE('',#5850,#5849,#993,.T.);
#4986=EDGE_CURVE('',#5849,#5851,#373,.T.);
#4987=EDGE_CURVE('',#5850,#5852,#374,.T.);
#4988=EDGE_CURVE('',#5852,#5851,#994,.T.);
#4989=EDGE_CURVE('',#5851,#5583,#995,.T.);
#4990=EDGE_CURVE('',#5852,#5584,#996,.T.);
#4991=EDGE_CURVE('',#5501,#5853,#997,.T.);
#4992=EDGE_CURVE('',#5504,#5854,#998,.T.);
#4993=EDGE_CURVE('',#5854,#5853,#999,.T.);
#4994=EDGE_CURVE('',#5853,#5855,#375,.T.);
#4995=EDGE_CURVE('',#5854,#5856,#376,.T.);
#4996=EDGE_CURVE('',#5856,#5855,#1000,.T.);
#4997=EDGE_CURVE('',#5855,#5857,#1001,.T.);
#4998=EDGE_CURVE('',#5856,#5858,#1002,.T.);
#4999=EDGE_CURVE('',#5858,#5857,#1003,.T.);
#5000=EDGE_CURVE('',#5857,#5374,#377,.T.);
#5001=EDGE_CURVE('',#5858,#5373,#378,.T.);
#5002=EDGE_CURVE('',#5376,#5859,#379,.T.);
#5003=EDGE_CURVE('',#5375,#5860,#380,.T.);
#5004=EDGE_CURVE('',#5860,#5859,#1004,.T.);
#5005=EDGE_CURVE('',#5859,#5861,#1005,.T.);
#5006=EDGE_CURVE('',#5860,#5862,#1006,.T.);
#5007=EDGE_CURVE('',#5862,#5861,#1007,.T.);
#5008=EDGE_CURVE('',#5861,#5863,#381,.T.);
#5009=EDGE_CURVE('',#5862,#5864,#382,.T.);
#5010=EDGE_CURVE('',#5864,#5863,#1008,.T.);
#5011=EDGE_CURVE('',#5863,#5511,#1009,.T.);
#5012=EDGE_CURVE('',#5864,#5512,#1010,.T.);
#5013=EDGE_CURVE('',#5456,#5469,#1011,.T.);
#5014=EDGE_CURVE('',#5450,#5470,#1012,.T.);
#5015=EDGE_CURVE('',#5455,#5471,#1013,.T.);
#5016=EDGE_CURVE('',#5454,#5472,#1014,.T.);
#5017=EDGE_CURVE('',#5453,#5473,#1015,.T.);
#5018=EDGE_CURVE('',#5452,#5474,#1016,.T.);
#5019=EDGE_CURVE('',#5451,#5475,#1017,.T.);
#5020=EDGE_CURVE('',#5449,#5476,#1018,.T.);
#5021=EDGE_CURVE('',#5865,#5866,#1019,.T.);
#5022=EDGE_CURVE('',#5865,#5457,#1020,.T.);
#5023=EDGE_CURVE('',#5866,#5458,#1021,.T.);
#5024=EDGE_CURVE('',#5866,#5867,#1022,.T.);
#5025=EDGE_CURVE('',#5867,#5460,#1023,.T.);
#5026=EDGE_CURVE('',#5867,#5868,#1024,.T.);
#5027=EDGE_CURVE('',#5868,#5459,#1025,.T.);
#5028=EDGE_CURVE('',#5868,#5865,#1026,.T.);
#5029=EDGE_CURVE('',#5869,#5870,#6045,.T.);
#5030=EDGE_CURVE('',#5871,#5869,#6046,.T.);
#5031=EDGE_CURVE('',#5872,#5871,#6047,.T.);
#5032=EDGE_CURVE('',#5873,#5872,#6048,.T.);
#5033=EDGE_CURVE('',#5874,#5873,#6049,.T.);
#5034=EDGE_CURVE('',#5875,#5874,#6050,.T.);
#5035=EDGE_CURVE('',#5876,#5875,#6051,.T.);
#5036=EDGE_CURVE('',#5870,#5876,#6052,.T.);
#5037=EDGE_CURVE('',#5869,#5378,#1027,.T.);
#5038=EDGE_CURVE('',#5870,#5379,#1028,.T.);
#5039=EDGE_CURVE('',#5876,#5380,#1029,.T.);
#5040=EDGE_CURVE('',#5875,#5381,#1030,.T.);
#5041=EDGE_CURVE('',#5874,#5382,#1031,.T.);
#5042=EDGE_CURVE('',#5873,#5383,#1032,.T.);
#5043=EDGE_CURVE('',#5872,#5384,#1033,.T.);
#5044=EDGE_CURVE('',#5871,#5377,#1034,.T.);
#5045=EDGE_CURVE('',#5877,#5878,#6053,.T.);
#5046=EDGE_CURVE('',#5879,#5877,#6054,.T.);
#5047=EDGE_CURVE('',#5878,#5879,#6055,.T.);
#5048=EDGE_CURVE('',#5880,#5881,#6056,.T.);
#5049=EDGE_CURVE('',#5882,#5880,#6057,.T.);
#5050=EDGE_CURVE('',#5881,#5882,#6058,.T.);
#5051=EDGE_CURVE('',#5883,#5884,#6059,.T.);
#5052=EDGE_CURVE('',#5885,#5883,#6060,.T.);
#5053=EDGE_CURVE('',#5886,#5885,#6061,.T.);
#5054=EDGE_CURVE('',#5887,#5886,#6062,.T.);
#5055=EDGE_CURVE('',#5884,#5887,#6063,.T.);
#5056=EDGE_CURVE('',#5883,#5225,#1035,.T.);
#5057=EDGE_CURVE('',#5884,#5226,#1036,.T.);
#5058=EDGE_CURVE('',#5887,#5227,#1037,.T.);
#5059=EDGE_CURVE('',#5886,#5228,#1038,.T.);
#5060=EDGE_CURVE('',#5885,#5224,#1039,.T.);
#5061=EDGE_CURVE('',#5888,#5889,#6064,.T.);
#5062=EDGE_CURVE('',#5880,#5888,#1040,.T.);
#5063=EDGE_CURVE('',#5881,#5889,#1041,.T.);
#5064=EDGE_CURVE('',#5890,#5888,#6065,.T.);
#5065=EDGE_CURVE('',#5882,#5890,#1042,.T.);
#5066=EDGE_CURVE('',#5889,#5890,#6066,.T.);
#5067=EDGE_CURVE('',#5891,#5892,#6067,.T.);
#5068=EDGE_CURVE('',#5877,#5891,#1043,.T.);
#5069=EDGE_CURVE('',#5878,#5892,#1044,.T.);
#5070=EDGE_CURVE('',#5893,#5891,#6068,.T.);
#5071=EDGE_CURVE('',#5879,#5893,#1045,.T.);
#5072=EDGE_CURVE('',#5892,#5893,#6069,.T.);
#5073=EDGE_CURVE('',#5894,#5895,#6070,.T.);
#5074=EDGE_CURVE('',#5896,#5894,#6071,.T.);
#5075=EDGE_CURVE('',#5895,#5896,#6072,.T.);
#5076=EDGE_CURVE('',#5897,#5898,#6073,.T.);
#5077=EDGE_CURVE('',#5899,#5897,#6074,.T.);
#5078=EDGE_CURVE('',#5898,#5899,#6075,.T.);
#5079=EDGE_CURVE('',#5900,#5901,#6076,.T.);
#5080=EDGE_CURVE('',#5902,#5900,#6077,.T.);
#5081=EDGE_CURVE('',#5903,#5902,#6078,.T.);
#5082=EDGE_CURVE('',#5904,#5903,#6079,.T.);
#5083=EDGE_CURVE('',#5901,#5904,#6080,.T.);
#5084=EDGE_CURVE('',#5900,#5386,#1046,.T.);
#5085=EDGE_CURVE('',#5901,#5387,#1047,.T.);
#5086=EDGE_CURVE('',#5904,#5388,#1048,.T.);
#5087=EDGE_CURVE('',#5903,#5389,#1049,.T.);
#5088=EDGE_CURVE('',#5902,#5385,#1050,.T.);
#5089=EDGE_CURVE('',#5905,#5906,#6081,.T.);
#5090=EDGE_CURVE('',#5897,#5905,#1051,.T.);
#5091=EDGE_CURVE('',#5898,#5906,#1052,.T.);
#5092=EDGE_CURVE('',#5907,#5905,#6082,.T.);
#5093=EDGE_CURVE('',#5899,#5907,#1053,.T.);
#5094=EDGE_CURVE('',#5906,#5907,#6083,.T.);
#5095=EDGE_CURVE('',#5908,#5909,#6084,.T.);
#5096=EDGE_CURVE('',#5894,#5908,#1054,.T.);
#5097=EDGE_CURVE('',#5895,#5909,#1055,.T.);
#5098=EDGE_CURVE('',#5910,#5908,#6085,.T.);
#5099=EDGE_CURVE('',#5896,#5910,#1056,.T.);
#5100=EDGE_CURVE('',#5909,#5910,#6086,.T.);
#5101=EDGE_CURVE('',#5911,#5912,#6087,.T.);
#5102=EDGE_CURVE('',#5913,#5911,#6088,.T.);
#5103=EDGE_CURVE('',#5914,#5913,#6089,.T.);
#5104=EDGE_CURVE('',#5912,#5914,#6090,.T.);
#5105=EDGE_CURVE('',#5911,#5391,#1057,.T.);
#5106=EDGE_CURVE('',#5912,#5392,#1058,.T.);
#5107=EDGE_CURVE('',#5914,#5393,#1059,.T.);
#5108=EDGE_CURVE('',#5913,#5390,#1060,.T.);
#5109=EDGE_CURVE('',#5915,#5916,#6091,.T.);
#5110=EDGE_CURVE('',#5917,#5915,#6092,.T.);
#5111=EDGE_CURVE('',#5918,#5917,#6093,.T.);
#5112=EDGE_CURVE('',#5919,#5918,#6094,.T.);
#5113=EDGE_CURVE('',#5916,#5919,#6095,.T.);
#5114=EDGE_CURVE('',#5915,#5395,#1061,.T.);
#5115=EDGE_CURVE('',#5916,#5396,#1062,.T.);
#5116=EDGE_CURVE('',#5919,#5397,#1063,.T.);
#5117=EDGE_CURVE('',#5918,#5398,#1064,.T.);
#5118=EDGE_CURVE('',#5917,#5394,#1065,.T.);
#5119=EDGE_CURVE('',#5920,#5921,#6096,.T.);
#5120=EDGE_CURVE('',#5922,#5920,#6097,.T.);
#5121=EDGE_CURVE('',#5923,#5922,#6098,.T.);
#5122=EDGE_CURVE('',#5921,#5923,#6099,.T.);
#5123=EDGE_CURVE('',#5920,#5400,#1066,.T.);
#5124=EDGE_CURVE('',#5921,#5401,#1067,.T.);
#5125=EDGE_CURVE('',#5923,#5402,#1068,.T.);
#5126=EDGE_CURVE('',#5922,#5399,#1069,.T.);
#5127=EDGE_CURVE('',#5924,#5925,#6100,.T.);
#5128=EDGE_CURVE('',#5926,#5924,#6101,.T.);
#5129=EDGE_CURVE('',#5927,#5926,#6102,.T.);
#5130=EDGE_CURVE('',#5928,#5927,#6103,.T.);
#5131=EDGE_CURVE('',#5929,#5928,#6104,.T.);
#5132=EDGE_CURVE('',#5930,#5929,#6105,.T.);
#5133=EDGE_CURVE('',#5931,#5930,#6106,.T.);
#5134=EDGE_CURVE('',#5925,#5931,#6107,.T.);
#5135=EDGE_CURVE('',#5924,#5404,#1070,.T.);
#5136=EDGE_CURVE('',#5925,#5405,#1071,.T.);
#5137=EDGE_CURVE('',#5931,#5406,#1072,.T.);
#5138=EDGE_CURVE('',#5930,#5407,#1073,.T.);
#5139=EDGE_CURVE('',#5929,#5408,#1074,.T.);
#5140=EDGE_CURVE('',#5928,#5409,#1075,.T.);
#5141=EDGE_CURVE('',#5927,#5410,#1076,.T.);
#5142=EDGE_CURVE('',#5926,#5403,#1077,.T.);
#5143=EDGE_CURVE('',#5932,#5933,#6108,.T.);
#5144=EDGE_CURVE('',#5934,#5932,#6109,.T.);
#5145=EDGE_CURVE('',#5935,#5934,#6110,.T.);
#5146=EDGE_CURVE('',#5936,#5935,#6111,.T.);
#5147=EDGE_CURVE('',#5937,#5936,#6112,.T.);
#5148=EDGE_CURVE('',#5938,#5937,#6113,.T.);
#5149=EDGE_CURVE('',#5939,#5938,#6114,.T.);
#5150=EDGE_CURVE('',#5940,#5939,#6115,.T.);
#5151=EDGE_CURVE('',#5941,#5940,#6116,.T.);
#5152=EDGE_CURVE('',#5942,#5941,#6117,.T.);
#5153=EDGE_CURVE('',#5943,#5942,#6118,.T.);
#5154=EDGE_CURVE('',#5933,#5943,#6119,.T.);
#5155=EDGE_CURVE('',#5932,#5412,#1078,.T.);
#5156=EDGE_CURVE('',#5933,#5413,#1079,.T.);
#5157=EDGE_CURVE('',#5943,#5414,#1080,.T.);
#5158=EDGE_CURVE('',#5942,#5415,#1081,.T.);
#5159=EDGE_CURVE('',#5941,#5416,#1082,.T.);
#5160=EDGE_CURVE('',#5940,#5417,#1083,.T.);
#5161=EDGE_CURVE('',#5939,#5418,#1084,.T.);
#5162=EDGE_CURVE('',#5938,#5419,#1085,.T.);
#5163=EDGE_CURVE('',#5937,#5420,#1086,.T.);
#5164=EDGE_CURVE('',#5936,#5421,#1087,.T.);
#5165=EDGE_CURVE('',#5935,#5422,#1088,.T.);
#5166=EDGE_CURVE('',#5934,#5411,#1089,.T.);
#5167=EDGE_CURVE('',#5944,#5945,#6120,.T.);
#5168=EDGE_CURVE('',#5946,#5944,#6121,.T.);
#5169=EDGE_CURVE('',#5947,#5946,#6122,.T.);
#5170=EDGE_CURVE('',#5948,#5947,#6123,.T.);
#5171=EDGE_CURVE('',#5949,#5948,#6124,.T.);
#5172=EDGE_CURVE('',#5950,#5949,#6125,.T.);
#5173=EDGE_CURVE('',#5951,#5950,#6126,.T.);
#5174=EDGE_CURVE('',#5952,#5951,#6127,.T.);
#5175=EDGE_CURVE('',#5953,#5952,#6128,.T.);
#5176=EDGE_CURVE('',#5954,#5953,#6129,.T.);
#5177=EDGE_CURVE('',#5955,#5954,#6130,.T.);
#5178=EDGE_CURVE('',#5945,#5955,#6131,.T.);
#5179=EDGE_CURVE('',#5944,#5424,#1090,.T.);
#5180=EDGE_CURVE('',#5945,#5425,#1091,.T.);
#5181=EDGE_CURVE('',#5955,#5426,#1092,.T.);
#5182=EDGE_CURVE('',#5954,#5427,#1093,.T.);
#5183=EDGE_CURVE('',#5953,#5428,#1094,.T.);
#5184=EDGE_CURVE('',#5952,#5429,#1095,.T.);
#5185=EDGE_CURVE('',#5951,#5430,#1096,.T.);
#5186=EDGE_CURVE('',#5950,#5431,#1097,.T.);
#5187=EDGE_CURVE('',#5949,#5432,#1098,.T.);
#5188=EDGE_CURVE('',#5948,#5433,#1099,.T.);
#5189=EDGE_CURVE('',#5947,#5434,#1100,.T.);
#5190=EDGE_CURVE('',#5946,#5423,#1101,.T.);
#5191=EDGE_CURVE('',#5956,#5957,#6132,.T.);
#5192=EDGE_CURVE('',#5958,#5956,#6133,.T.);
#5193=EDGE_CURVE('',#5959,#5958,#6134,.T.);
#5194=EDGE_CURVE('',#5960,#5959,#6135,.T.);
#5195=EDGE_CURVE('',#5957,#5960,#6136,.T.);
#5196=EDGE_CURVE('',#5957,#5436,#1102,.T.);
#5197=EDGE_CURVE('',#5960,#5437,#1103,.T.);
#5198=EDGE_CURVE('',#5959,#5438,#1104,.T.);
#5199=EDGE_CURVE('',#5958,#5439,#1105,.T.);
#5200=EDGE_CURVE('',#5956,#5435,#1106,.T.);
#5201=EDGE_CURVE('',#5961,#5961,#6137,.T.);
#5202=EDGE_CURVE('',#5962,#5962,#6138,.T.);
#5203=EDGE_CURVE('',#5963,#5963,#6139,.T.);
#5204=EDGE_CURVE('',#5964,#5964,#6140,.T.);
#5205=EDGE_CURVE('',#5965,#5965,#6141,.T.);
#5206=EDGE_CURVE('',#5966,#5966,#6142,.T.);
#5207=EDGE_CURVE('',#5967,#5968,#1107,.T.);
#5208=EDGE_CURVE('',#5968,#5969,#1108,.T.);
#5209=EDGE_CURVE('',#5969,#5970,#1109,.T.);
#5210=EDGE_CURVE('',#5970,#5967,#1110,.T.);
#5211=EDGE_CURVE('',#5968,#5441,#1111,.T.);
#5212=EDGE_CURVE('',#5967,#5443,#1112,.T.);
#5213=EDGE_CURVE('',#5969,#5442,#1113,.T.);
#5214=EDGE_CURVE('',#5970,#5444,#1114,.T.);
#5215=EDGE_CURVE('',#5971,#5972,#1115,.T.);
#5216=EDGE_CURVE('',#5972,#5973,#1116,.T.);
#5217=EDGE_CURVE('',#5973,#5974,#1117,.T.);
#5218=EDGE_CURVE('',#5974,#5971,#1118,.T.);
#5219=EDGE_CURVE('',#5973,#5445,#1119,.T.);
#5220=EDGE_CURVE('',#5972,#5447,#1120,.T.);
#5221=EDGE_CURVE('',#5974,#5446,#1121,.T.);
#5222=EDGE_CURVE('',#5971,#5448,#1122,.T.);
#5223=VERTEX_POINT('',#13329);
#5224=VERTEX_POINT('',#13334);
#5225=VERTEX_POINT('',#13335);
#5226=VERTEX_POINT('',#13343);
#5227=VERTEX_POINT('',#13358);
#5228=VERTEX_POINT('',#13363);
#5229=VERTEX_POINT('',#13385);
#5230=VERTEX_POINT('',#13386);
#5231=VERTEX_POINT('',#13388);
#5232=VERTEX_POINT('',#13390);
#5233=VERTEX_POINT('',#13393);
#5234=VERTEX_POINT('',#13394);
#5235=VERTEX_POINT('',#13396);
#5236=VERTEX_POINT('',#13398);
#5237=VERTEX_POINT('',#13401);
#5238=VERTEX_POINT('',#13402);
#5239=VERTEX_POINT('',#13404);
#5240=VERTEX_POINT('',#13406);
#5241=VERTEX_POINT('',#13409);
#5242=VERTEX_POINT('',#13410);
#5243=VERTEX_POINT('',#13412);
#5244=VERTEX_POINT('',#13414);
#5245=VERTEX_POINT('',#13417);
#5246=VERTEX_POINT('',#13418);
#5247=VERTEX_POINT('',#13420);
#5248=VERTEX_POINT('',#13422);
#5249=VERTEX_POINT('',#13425);
#5250=VERTEX_POINT('',#13426);
#5251=VERTEX_POINT('',#13428);
#5252=VERTEX_POINT('',#13430);
#5253=VERTEX_POINT('',#13433);
#5254=VERTEX_POINT('',#13434);
#5255=VERTEX_POINT('',#13436);
#5256=VERTEX_POINT('',#13438);
#5257=VERTEX_POINT('',#13441);
#5258=VERTEX_POINT('',#13442);
#5259=VERTEX_POINT('',#13444);
#5260=VERTEX_POINT('',#13446);
#5261=VERTEX_POINT('',#13449);
#5262=VERTEX_POINT('',#13450);
#5263=VERTEX_POINT('',#13452);
#5264=VERTEX_POINT('',#13454);
#5265=VERTEX_POINT('',#13457);
#5266=VERTEX_POINT('',#13458);
#5267=VERTEX_POINT('',#13460);
#5268=VERTEX_POINT('',#13462);
#5269=VERTEX_POINT('',#13465);
#5270=VERTEX_POINT('',#13466);
#5271=VERTEX_POINT('',#13468);
#5272=VERTEX_POINT('',#13470);
#5273=VERTEX_POINT('',#13473);
#5274=VERTEX_POINT('',#13474);
#5275=VERTEX_POINT('',#13476);
#5276=VERTEX_POINT('',#13478);
#5277=VERTEX_POINT('',#13481);
#5278=VERTEX_POINT('',#13482);
#5279=VERTEX_POINT('',#13484);
#5280=VERTEX_POINT('',#13486);
#5281=VERTEX_POINT('',#13489);
#5282=VERTEX_POINT('',#13490);
#5283=VERTEX_POINT('',#13492);
#5284=VERTEX_POINT('',#13494);
#5285=VERTEX_POINT('',#13497);
#5286=VERTEX_POINT('',#13498);
#5287=VERTEX_POINT('',#13500);
#5288=VERTEX_POINT('',#13502);
#5289=VERTEX_POINT('',#13505);
#5290=VERTEX_POINT('',#13506);
#5291=VERTEX_POINT('',#13508);
#5292=VERTEX_POINT('',#13510);
#5293=VERTEX_POINT('',#13513);
#5294=VERTEX_POINT('',#13514);
#5295=VERTEX_POINT('',#13516);
#5296=VERTEX_POINT('',#13518);
#5297=VERTEX_POINT('',#13521);
#5298=VERTEX_POINT('',#13522);
#5299=VERTEX_POINT('',#13524);
#5300=VERTEX_POINT('',#13526);
#5301=VERTEX_POINT('',#13529);
#5302=VERTEX_POINT('',#13530);
#5303=VERTEX_POINT('',#13532);
#5304=VERTEX_POINT('',#13534);
#5305=VERTEX_POINT('',#13537);
#5306=VERTEX_POINT('',#13538);
#5307=VERTEX_POINT('',#13540);
#5308=VERTEX_POINT('',#13542);
#5309=VERTEX_POINT('',#13545);
#5310=VERTEX_POINT('',#13546);
#5311=VERTEX_POINT('',#13548);
#5312=VERTEX_POINT('',#13550);
#5313=VERTEX_POINT('',#13553);
#5314=VERTEX_POINT('',#13554);
#5315=VERTEX_POINT('',#13556);
#5316=VERTEX_POINT('',#13558);
#5317=VERTEX_POINT('',#13561);
#5318=VERTEX_POINT('',#13562);
#5319=VERTEX_POINT('',#13564);
#5320=VERTEX_POINT('',#13566);
#5321=VERTEX_POINT('',#13569);
#5322=VERTEX_POINT('',#13570);
#5323=VERTEX_POINT('',#13572);
#5324=VERTEX_POINT('',#13574);
#5325=VERTEX_POINT('',#13576);
#5326=VERTEX_POINT('',#13578);
#5327=VERTEX_POINT('',#13580);
#5328=VERTEX_POINT('',#13582);
#5329=VERTEX_POINT('',#13584);
#5330=VERTEX_POINT('',#13586);
#5331=VERTEX_POINT('',#13588);
#5332=VERTEX_POINT('',#13590);
#5333=VERTEX_POINT('',#13592);
#5334=VERTEX_POINT('',#13594);
#5335=VERTEX_POINT('',#13596);
#5336=VERTEX_POINT('',#13598);
#5337=VERTEX_POINT('',#13600);
#5338=VERTEX_POINT('',#13602);
#5339=VERTEX_POINT('',#13604);
#5340=VERTEX_POINT('',#13606);
#5341=VERTEX_POINT('',#13608);
#5342=VERTEX_POINT('',#13610);
#5343=VERTEX_POINT('',#13612);
#5344=VERTEX_POINT('',#13614);
#5345=VERTEX_POINT('',#13616);
#5346=VERTEX_POINT('',#13618);
#5347=VERTEX_POINT('',#13620);
#5348=VERTEX_POINT('',#13622);
#5349=VERTEX_POINT('',#13625);
#5350=VERTEX_POINT('',#13626);
#5351=VERTEX_POINT('',#13628);
#5352=VERTEX_POINT('',#13630);
#5353=VERTEX_POINT('',#13633);
#5354=VERTEX_POINT('',#13634);
#5355=VERTEX_POINT('',#13636);
#5356=VERTEX_POINT('',#13638);
#5357=VERTEX_POINT('',#13641);
#5358=VERTEX_POINT('',#13642);
#5359=VERTEX_POINT('',#13644);
#5360=VERTEX_POINT('',#13646);
#5361=VERTEX_POINT('',#13649);
#5362=VERTEX_POINT('',#13650);
#5363=VERTEX_POINT('',#13652);
#5364=VERTEX_POINT('',#13654);
#5365=VERTEX_POINT('',#13657);
#5366=VERTEX_POINT('',#13658);
#5367=VERTEX_POINT('',#13660);
#5368=VERTEX_POINT('',#13662);
#5369=VERTEX_POINT('',#13665);
#5370=VERTEX_POINT('',#13666);
#5371=VERTEX_POINT('',#13668);
#5372=VERTEX_POINT('',#13670);
#5373=VERTEX_POINT('',#13673);
#5374=VERTEX_POINT('',#13674);
#5375=VERTEX_POINT('',#13676);
#5376=VERTEX_POINT('',#13678);
#5377=VERTEX_POINT('',#13682);
#5378=VERTEX_POINT('',#13683);
#5379=VERTEX_POINT('',#13686);
#5380=VERTEX_POINT('',#13689);
#5381=VERTEX_POINT('',#13692);
#5382=VERTEX_POINT('',#13695);
#5383=VERTEX_POINT('',#13698);
#5384=VERTEX_POINT('',#13701);
#5385=VERTEX_POINT('',#13708);
#5386=VERTEX_POINT('',#13709);
#5387=VERTEX_POINT('',#13717);
#5388=VERTEX_POINT('',#13732);
#5389=VERTEX_POINT('',#13737);
#5390=VERTEX_POINT('',#13760);
#5391=VERTEX_POINT('',#13761);
#5392=VERTEX_POINT('',#13764);
#5393=VERTEX_POINT('',#13767);
#5394=VERTEX_POINT('',#13774);
#5395=VERTEX_POINT('',#13775);
#5396=VERTEX_POINT('',#13792);
#5397=VERTEX_POINT('',#13808);
#5398=VERTEX_POINT('',#13813);
#5399=VERTEX_POINT('',#13846);
#5400=VERTEX_POINT('',#13847);
#5401=VERTEX_POINT('',#13850);
#5402=VERTEX_POINT('',#13853);
#5403=VERTEX_POINT('',#13858);
#5404=VERTEX_POINT('',#13859);
#5405=VERTEX_POINT('',#13862);
#5406=VERTEX_POINT('',#13865);
#5407=VERTEX_POINT('',#13868);
#5408=VERTEX_POINT('',#13871);
#5409=VERTEX_POINT('',#13874);
#5410=VERTEX_POINT('',#13877);
#5411=VERTEX_POINT('',#13882);
#5412=VERTEX_POINT('',#13883);
#5413=VERTEX_POINT('',#13886);
#5414=VERTEX_POINT('',#13889);
#5415=VERTEX_POINT('',#13892);
#5416=VERTEX_POINT('',#13895);
#5417=VERTEX_POINT('',#13898);
#5418=VERTEX_POINT('',#13901);
#5419=VERTEX_POINT('',#13904);
#5420=VERTEX_POINT('',#13907);
#5421=VERTEX_POINT('',#13910);
#5422=VERTEX_POINT('',#13913);
#5423=VERTEX_POINT('',#13918);
#5424=VERTEX_POINT('',#13919);
#5425=VERTEX_POINT('',#13922);
#5426=VERTEX_POINT('',#13925);
#5427=VERTEX_POINT('',#13928);
#5428=VERTEX_POINT('',#13931);
#5429=VERTEX_POINT('',#13934);
#5430=VERTEX_POINT('',#13937);
#5431=VERTEX_POINT('',#13940);
#5432=VERTEX_POINT('',#13943);
#5433=VERTEX_POINT('',#13946);
#5434=VERTEX_POINT('',#13949);
#5435=VERTEX_POINT('',#13968);
#5436=VERTEX_POINT('',#13969);
#5437=VERTEX_POINT('',#13985);
#5438=VERTEX_POINT('',#13990);
#5439=VERTEX_POINT('',#14021);
#5440=VERTEX_POINT('',#14069);
#5441=VERTEX_POINT('',#14071);
#5442=VERTEX_POINT('',#14072);
#5443=VERTEX_POINT('',#14074);
#5444=VERTEX_POINT('',#14076);
#5445=VERTEX_POINT('',#14079);
#5446=VERTEX_POINT('',#14080);
#5447=VERTEX_POINT('',#14082);
#5448=VERTEX_POINT('',#14084);
#5449=VERTEX_POINT('',#14088);
#5450=VERTEX_POINT('',#14089);
#5451=VERTEX_POINT('',#14091);
#5452=VERTEX_POINT('',#14093);
#5453=VERTEX_POINT('',#14095);
#5454=VERTEX_POINT('',#14097);
#5455=VERTEX_POINT('',#14099);
#5456=VERTEX_POINT('',#14101);
#5457=VERTEX_POINT('',#14104);
#5458=VERTEX_POINT('',#14105);
#5459=VERTEX_POINT('',#14107);
#5460=VERTEX_POINT('',#14109);
#5461=VERTEX_POINT('',#14113);
#5462=VERTEX_POINT('',#14114);
#5463=VERTEX_POINT('',#14116);
#5464=VERTEX_POINT('',#14118);
#5465=VERTEX_POINT('',#14120);
#5466=VERTEX_POINT('',#14122);
#5467=VERTEX_POINT('',#14124);
#5468=VERTEX_POINT('',#14126);
#5469=VERTEX_POINT('',#14129);
#5470=VERTEX_POINT('',#14130);
#5471=VERTEX_POINT('',#14132);
#5472=VERTEX_POINT('',#14134);
#5473=VERTEX_POINT('',#14136);
#5474=VERTEX_POINT('',#14138);
#5475=VERTEX_POINT('',#14140);
#5476=VERTEX_POINT('',#14142);
#5477=VERTEX_POINT('',#14146);
#5478=VERTEX_POINT('',#14147);
#5479=VERTEX_POINT('',#14149);
#5480=VERTEX_POINT('',#14151);
#5481=VERTEX_POINT('',#14155);
#5482=VERTEX_POINT('',#14157);
#5483=VERTEX_POINT('',#14164);
#5484=VERTEX_POINT('',#14166);
#5485=VERTEX_POINT('',#14170);
#5486=VERTEX_POINT('',#14172);
#5487=VERTEX_POINT('',#14176);
#5488=VERTEX_POINT('',#14178);
#5489=VERTEX_POINT('',#14182);
#5490=VERTEX_POINT('',#14183);
#5491=VERTEX_POINT('',#14185);
#5492=VERTEX_POINT('',#14187);
#5493=VERTEX_POINT('',#14191);
#5494=VERTEX_POINT('',#14193);
#5495=VERTEX_POINT('',#14200);
#5496=VERTEX_POINT('',#14202);
#5497=VERTEX_POINT('',#14206);
#5498=VERTEX_POINT('',#14208);
#5499=VERTEX_POINT('',#14212);
#5500=VERTEX_POINT('',#14214);
#5501=VERTEX_POINT('',#14218);
#5502=VERTEX_POINT('',#14219);
#5503=VERTEX_POINT('',#14221);
#5504=VERTEX_POINT('',#14223);
#5505=VERTEX_POINT('',#14227);
#5506=VERTEX_POINT('',#14229);
#5507=VERTEX_POINT('',#14236);
#5508=VERTEX_POINT('',#14238);
#5509=VERTEX_POINT('',#14242);
#5510=VERTEX_POINT('',#14244);
#5511=VERTEX_POINT('',#14248);
#5512=VERTEX_POINT('',#14250);
#5513=VERTEX_POINT('',#14254);
#5514=VERTEX_POINT('',#14256);
#5515=VERTEX_POINT('',#14260);
#5516=VERTEX_POINT('',#14262);
#5517=VERTEX_POINT('',#14266);
#5518=VERTEX_POINT('',#14268);
#5519=VERTEX_POINT('',#14275);
#5520=VERTEX_POINT('',#14277);
#5521=VERTEX_POINT('',#14281);
#5522=VERTEX_POINT('',#14283);
#5523=VERTEX_POINT('',#14287);
#5524=VERTEX_POINT('',#14289);
#5525=VERTEX_POINT('',#14298);
#5526=VERTEX_POINT('',#14300);
#5527=VERTEX_POINT('',#14304);
#5528=VERTEX_POINT('',#14306);
#5529=VERTEX_POINT('',#14310);
#5530=VERTEX_POINT('',#14312);
#5531=VERTEX_POINT('',#14319);
#5532=VERTEX_POINT('',#14321);
#5533=VERTEX_POINT('',#14325);
#5534=VERTEX_POINT('',#14327);
#5535=VERTEX_POINT('',#14331);
#5536=VERTEX_POINT('',#14333);
#5537=VERTEX_POINT('',#14342);
#5538=VERTEX_POINT('',#14343);
#5539=VERTEX_POINT('',#14345);
#5540=VERTEX_POINT('',#14347);
#5541=VERTEX_POINT('',#14351);
#5542=VERTEX_POINT('',#14353);
#5543=VERTEX_POINT('',#14360);
#5544=VERTEX_POINT('',#14362);
#5545=VERTEX_POINT('',#14366);
#5546=VERTEX_POINT('',#14368);
#5547=VERTEX_POINT('',#14372);
#5548=VERTEX_POINT('',#14374);
#5549=VERTEX_POINT('',#14378);
#5550=VERTEX_POINT('',#14379);
#5551=VERTEX_POINT('',#14381);
#5552=VERTEX_POINT('',#14383);
#5553=VERTEX_POINT('',#14387);
#5554=VERTEX_POINT('',#14389);
#5555=VERTEX_POINT('',#14396);
#5556=VERTEX_POINT('',#14398);
#5557=VERTEX_POINT('',#14402);
#5558=VERTEX_POINT('',#14404);
#5559=VERTEX_POINT('',#14408);
#5560=VERTEX_POINT('',#14410);
#5561=VERTEX_POINT('',#14414);
#5562=VERTEX_POINT('',#14415);
#5563=VERTEX_POINT('',#14417);
#5564=VERTEX_POINT('',#14419);
#5565=VERTEX_POINT('',#14423);
#5566=VERTEX_POINT('',#14425);
#5567=VERTEX_POINT('',#14432);
#5568=VERTEX_POINT('',#14434);
#5569=VERTEX_POINT('',#14438);
#5570=VERTEX_POINT('',#14440);
#5571=VERTEX_POINT('',#14444);
#5572=VERTEX_POINT('',#14446);
#5573=VERTEX_POINT('',#14450);
#5574=VERTEX_POINT('',#14451);
#5575=VERTEX_POINT('',#14453);
#5576=VERTEX_POINT('',#14455);
#5577=VERTEX_POINT('',#14459);
#5578=VERTEX_POINT('',#14461);
#5579=VERTEX_POINT('',#14468);
#5580=VERTEX_POINT('',#14470);
#5581=VERTEX_POINT('',#14474);
#5582=VERTEX_POINT('',#14476);
#5583=VERTEX_POINT('',#14480);
#5584=VERTEX_POINT('',#14482);
#5585=VERTEX_POINT('',#14486);
#5586=VERTEX_POINT('',#14488);
#5587=VERTEX_POINT('',#14492);
#5588=VERTEX_POINT('',#14494);
#5589=VERTEX_POINT('',#14498);
#5590=VERTEX_POINT('',#14500);
#5591=VERTEX_POINT('',#14507);
#5592=VERTEX_POINT('',#14509);
#5593=VERTEX_POINT('',#14513);
#5594=VERTEX_POINT('',#14515);
#5595=VERTEX_POINT('',#14519);
#5596=VERTEX_POINT('',#14521);
#5597=VERTEX_POINT('',#14530);
#5598=VERTEX_POINT('',#14532);
#5599=VERTEX_POINT('',#14536);
#5600=VERTEX_POINT('',#14538);
#5601=VERTEX_POINT('',#14542);
#5602=VERTEX_POINT('',#14544);
#5603=VERTEX_POINT('',#14551);
#5604=VERTEX_POINT('',#14553);
#5605=VERTEX_POINT('',#14557);
#5606=VERTEX_POINT('',#14559);
#5607=VERTEX_POINT('',#14563);
#5608=VERTEX_POINT('',#14565);
#5609=VERTEX_POINT('',#14574);
#5610=VERTEX_POINT('',#14576);
#5611=VERTEX_POINT('',#14580);
#5612=VERTEX_POINT('',#14582);
#5613=VERTEX_POINT('',#14586);
#5614=VERTEX_POINT('',#14588);
#5615=VERTEX_POINT('',#14595);
#5616=VERTEX_POINT('',#14597);
#5617=VERTEX_POINT('',#14601);
#5618=VERTEX_POINT('',#14603);
#5619=VERTEX_POINT('',#14607);
#5620=VERTEX_POINT('',#14609);
#5621=VERTEX_POINT('',#14618);
#5622=VERTEX_POINT('',#14619);
#5623=VERTEX_POINT('',#14621);
#5624=VERTEX_POINT('',#14623);
#5625=VERTEX_POINT('',#14627);
#5626=VERTEX_POINT('',#14629);
#5627=VERTEX_POINT('',#14636);
#5628=VERTEX_POINT('',#14638);
#5629=VERTEX_POINT('',#14642);
#5630=VERTEX_POINT('',#14644);
#5631=VERTEX_POINT('',#14648);
#5632=VERTEX_POINT('',#14650);
#5633=VERTEX_POINT('',#14654);
#5634=VERTEX_POINT('',#14655);
#5635=VERTEX_POINT('',#14657);
#5636=VERTEX_POINT('',#14659);
#5637=VERTEX_POINT('',#14663);
#5638=VERTEX_POINT('',#14665);
#5639=VERTEX_POINT('',#14672);
#5640=VERTEX_POINT('',#14674);
#5641=VERTEX_POINT('',#14678);
#5642=VERTEX_POINT('',#14680);
#5643=VERTEX_POINT('',#14684);
#5644=VERTEX_POINT('',#14686);
#5645=VERTEX_POINT('',#14690);
#5646=VERTEX_POINT('',#14691);
#5647=VERTEX_POINT('',#14693);
#5648=VERTEX_POINT('',#14695);
#5649=VERTEX_POINT('',#14699);
#5650=VERTEX_POINT('',#14701);
#5651=VERTEX_POINT('',#14708);
#5652=VERTEX_POINT('',#14710);
#5653=VERTEX_POINT('',#14714);
#5654=VERTEX_POINT('',#14716);
#5655=VERTEX_POINT('',#14720);
#5656=VERTEX_POINT('',#14722);
#5657=VERTEX_POINT('',#14726);
#5658=VERTEX_POINT('',#14727);
#5659=VERTEX_POINT('',#14729);
#5660=VERTEX_POINT('',#14731);
#5661=VERTEX_POINT('',#14735);
#5662=VERTEX_POINT('',#14737);
#5663=VERTEX_POINT('',#14744);
#5664=VERTEX_POINT('',#14746);
#5665=VERTEX_POINT('',#14750);
#5666=VERTEX_POINT('',#14752);
#5667=VERTEX_POINT('',#14756);
#5668=VERTEX_POINT('',#14758);
#5669=VERTEX_POINT('',#14762);
#5670=VERTEX_POINT('',#14764);
#5671=VERTEX_POINT('',#14768);
#5672=VERTEX_POINT('',#14770);
#5673=VERTEX_POINT('',#14774);
#5674=VERTEX_POINT('',#14776);
#5675=VERTEX_POINT('',#14783);
#5676=VERTEX_POINT('',#14785);
#5677=VERTEX_POINT('',#14789);
#5678=VERTEX_POINT('',#14791);
#5679=VERTEX_POINT('',#14795);
#5680=VERTEX_POINT('',#14797);
#5681=VERTEX_POINT('',#14806);
#5682=VERTEX_POINT('',#14808);
#5683=VERTEX_POINT('',#14812);
#5684=VERTEX_POINT('',#14814);
#5685=VERTEX_POINT('',#14818);
#5686=VERTEX_POINT('',#14820);
#5687=VERTEX_POINT('',#14827);
#5688=VERTEX_POINT('',#14829);
#5689=VERTEX_POINT('',#14833);
#5690=VERTEX_POINT('',#14835);
#5691=VERTEX_POINT('',#14839);
#5692=VERTEX_POINT('',#14841);
#5693=VERTEX_POINT('',#14850);
#5694=VERTEX_POINT('',#14852);
#5695=VERTEX_POINT('',#14856);
#5696=VERTEX_POINT('',#14858);
#5697=VERTEX_POINT('',#14862);
#5698=VERTEX_POINT('',#14864);
#5699=VERTEX_POINT('',#14871);
#5700=VERTEX_POINT('',#14873);
#5701=VERTEX_POINT('',#14877);
#5702=VERTEX_POINT('',#14879);
#5703=VERTEX_POINT('',#14883);
#5704=VERTEX_POINT('',#14885);
#5705=VERTEX_POINT('',#14894);
#5706=VERTEX_POINT('',#14895);
#5707=VERTEX_POINT('',#14897);
#5708=VERTEX_POINT('',#14899);
#5709=VERTEX_POINT('',#14903);
#5710=VERTEX_POINT('',#14905);
#5711=VERTEX_POINT('',#14909);
#5712=VERTEX_POINT('',#14911);
#5713=VERTEX_POINT('',#14915);
#5714=VERTEX_POINT('',#14921);
#5715=VERTEX_POINT('',#14922);
#5716=VERTEX_POINT('',#14924);
#5717=VERTEX_POINT('',#14926);
#5718=VERTEX_POINT('',#14930);
#5719=VERTEX_POINT('',#14932);
#5720=VERTEX_POINT('',#14936);
#5721=VERTEX_POINT('',#14938);
#5722=VERTEX_POINT('',#14942);
#5723=VERTEX_POINT('',#14944);
#5724=VERTEX_POINT('',#14948);
#5725=VERTEX_POINT('',#14952);
#5726=VERTEX_POINT('',#14954);
#5727=VERTEX_POINT('',#14955);
#5728=VERTEX_POINT('',#14957);
#5729=VERTEX_POINT('',#14959);
#5730=VERTEX_POINT('',#14961);
#5731=VERTEX_POINT('',#14965);
#5732=VERTEX_POINT('',#14966);
#5733=VERTEX_POINT('',#14971);
#5734=VERTEX_POINT('',#14972);
#5735=VERTEX_POINT('',#14977);
#5736=VERTEX_POINT('',#14983);
#5737=VERTEX_POINT('',#14984);
#5738=VERTEX_POINT('',#14986);
#5739=VERTEX_POINT('',#14988);
#5740=VERTEX_POINT('',#14992);
#5741=VERTEX_POINT('',#14994);
#5742=VERTEX_POINT('',#14998);
#5743=VERTEX_POINT('',#15000);
#5744=VERTEX_POINT('',#15004);
#5745=VERTEX_POINT('',#15010);
#5746=VERTEX_POINT('',#15011);
#5747=VERTEX_POINT('',#15013);
#5748=VERTEX_POINT('',#15015);
#5749=VERTEX_POINT('',#15019);
#5750=VERTEX_POINT('',#15021);
#5751=VERTEX_POINT('',#15025);
#5752=VERTEX_POINT('',#15027);
#5753=VERTEX_POINT('',#15031);
#5754=VERTEX_POINT('',#15037);
#5755=VERTEX_POINT('',#15038);
#5756=VERTEX_POINT('',#15040);
#5757=VERTEX_POINT('',#15042);
#5758=VERTEX_POINT('',#15046);
#5759=VERTEX_POINT('',#15048);
#5760=VERTEX_POINT('',#15052);
#5761=VERTEX_POINT('',#15054);
#5762=VERTEX_POINT('',#15058);
#5763=VERTEX_POINT('',#15064);
#5764=VERTEX_POINT('',#15066);
#5765=VERTEX_POINT('',#15070);
#5766=VERTEX_POINT('',#15074);
#5767=VERTEX_POINT('',#15078);
#5768=VERTEX_POINT('',#15087);
#5769=VERTEX_POINT('',#15093);
#5770=VERTEX_POINT('',#15095);
#5771=VERTEX_POINT('',#15099);
#5772=VERTEX_POINT('',#15103);
#5773=VERTEX_POINT('',#15109);
#5774=VERTEX_POINT('',#15113);
#5775=VERTEX_POINT('',#15115);
#5776=VERTEX_POINT('',#15119);
#5777=VERTEX_POINT('',#15123);
#5778=VERTEX_POINT('',#15129);
#5779=VERTEX_POINT('',#15133);
#5780=VERTEX_POINT('',#15135);
#5781=VERTEX_POINT('',#15139);
#5782=VERTEX_POINT('',#15143);
#5783=VERTEX_POINT('',#15149);
#5784=VERTEX_POINT('',#15153);
#5785=VERTEX_POINT('',#15155);
#5786=VERTEX_POINT('',#15159);
#5787=VERTEX_POINT('',#15163);
#5788=VERTEX_POINT('',#15169);
#5789=VERTEX_POINT('',#15173);
#5790=VERTEX_POINT('',#15175);
#5791=VERTEX_POINT('',#15179);
#5792=VERTEX_POINT('',#15183);
#5793=VERTEX_POINT('',#15185);
#5794=VERTEX_POINT('',#15189);
#5795=VERTEX_POINT('',#15193);
#5796=VERTEX_POINT('',#15197);
#5797=VERTEX_POINT('',#15201);
#5798=VERTEX_POINT('',#15204);
#5799=VERTEX_POINT('',#15210);
#5800=VERTEX_POINT('',#15214);
#5801=VERTEX_POINT('',#15220);
#5802=VERTEX_POINT('',#15225);
#5803=VERTEX_POINT('',#15233);
#5804=VERTEX_POINT('',#15237);
#5805=VERTEX_POINT('',#15241);
#5806=VERTEX_POINT('',#15245);
#5807=VERTEX_POINT('',#15249);
#5808=VERTEX_POINT('',#15253);
#5809=VERTEX_POINT('',#15257);
#5810=VERTEX_POINT('',#15261);
#5811=VERTEX_POINT('',#15265);
#5812=VERTEX_POINT('',#15269);
#5813=VERTEX_POINT('',#15276);
#5814=VERTEX_POINT('',#15277);
#5815=VERTEX_POINT('',#15279);
#5816=VERTEX_POINT('',#15281);
#5817=VERTEX_POINT('',#15293);
#5818=VERTEX_POINT('',#15294);
#5819=VERTEX_POINT('',#15296);
#5820=VERTEX_POINT('',#15298);
#5821=VERTEX_POINT('',#15310);
#5822=VERTEX_POINT('',#15311);
#5823=VERTEX_POINT('',#15313);
#5824=VERTEX_POINT('',#15315);
#5825=VERTEX_POINT('',#15327);
#5826=VERTEX_POINT('',#15328);
#5827=VERTEX_POINT('',#15330);
#5828=VERTEX_POINT('',#15332);
#5829=VERTEX_POINT('',#15344);
#5830=VERTEX_POINT('',#15346);
#5831=VERTEX_POINT('',#15350);
#5832=VERTEX_POINT('',#15352);
#5833=VERTEX_POINT('',#15356);
#5834=VERTEX_POINT('',#15358);
#5835=VERTEX_POINT('',#15365);
#5836=VERTEX_POINT('',#15367);
#5837=VERTEX_POINT('',#15371);
#5838=VERTEX_POINT('',#15373);
#5839=VERTEX_POINT('',#15377);
#5840=VERTEX_POINT('',#15379);
#5841=VERTEX_POINT('',#15388);
#5842=VERTEX_POINT('',#15390);
#5843=VERTEX_POINT('',#15394);
#5844=VERTEX_POINT('',#15396);
#5845=VERTEX_POINT('',#15400);
#5846=VERTEX_POINT('',#15402);
#5847=VERTEX_POINT('',#15409);
#5848=VERTEX_POINT('',#15411);
#5849=VERTEX_POINT('',#15415);
#5850=VERTEX_POINT('',#15417);
#5851=VERTEX_POINT('',#15421);
#5852=VERTEX_POINT('',#15423);
#5853=VERTEX_POINT('',#15432);
#5854=VERTEX_POINT('',#15434);
#5855=VERTEX_POINT('',#15438);
#5856=VERTEX_POINT('',#15440);
#5857=VERTEX_POINT('',#15444);
#5858=VERTEX_POINT('',#15446);
#5859=VERTEX_POINT('',#15453);
#5860=VERTEX_POINT('',#15455);
#5861=VERTEX_POINT('',#15459);
#5862=VERTEX_POINT('',#15461);
#5863=VERTEX_POINT('',#15465);
#5864=VERTEX_POINT('',#15467);
#5865=VERTEX_POINT('',#15492);
#5866=VERTEX_POINT('',#15493);
#5867=VERTEX_POINT('',#15498);
#5868=VERTEX_POINT('',#15502);
#5869=VERTEX_POINT('',#15510);
#5870=VERTEX_POINT('',#15511);
#5871=VERTEX_POINT('',#15514);
#5872=VERTEX_POINT('',#15517);
#5873=VERTEX_POINT('',#15520);
#5874=VERTEX_POINT('',#15523);
#5875=VERTEX_POINT('',#15526);
#5876=VERTEX_POINT('',#15529);
#5877=VERTEX_POINT('',#15553);
#5878=VERTEX_POINT('',#15554);
#5879=VERTEX_POINT('',#15570);
#5880=VERTEX_POINT('',#15591);
#5881=VERTEX_POINT('',#15592);
#5882=VERTEX_POINT('',#15609);
#5883=VERTEX_POINT('',#15632);
#5884=VERTEX_POINT('',#15633);
#5885=VERTEX_POINT('',#15638);
#5886=VERTEX_POINT('',#15659);
#5887=VERTEX_POINT('',#15664);
#5888=VERTEX_POINT('',#15731);
#5889=VERTEX_POINT('',#15732);
#5890=VERTEX_POINT('',#15761);
#5891=VERTEX_POINT('',#15791);
#5892=VERTEX_POINT('',#15792);
#5893=VERTEX_POINT('',#15822);
#5894=VERTEX_POINT('',#15856);
#5895=VERTEX_POINT('',#15857);
#5896=VERTEX_POINT('',#15873);
#5897=VERTEX_POINT('',#15894);
#5898=VERTEX_POINT('',#15895);
#5899=VERTEX_POINT('',#15912);
#5900=VERTEX_POINT('',#15935);
#5901=VERTEX_POINT('',#15936);
#5902=VERTEX_POINT('',#15941);
#5903=VERTEX_POINT('',#15962);
#5904=VERTEX_POINT('',#15967);
#5905=VERTEX_POINT('',#16034);
#5906=VERTEX_POINT('',#16035);
#5907=VERTEX_POINT('',#16064);
#5908=VERTEX_POINT('',#16094);
#5909=VERTEX_POINT('',#16095);
#5910=VERTEX_POINT('',#16125);
#5911=VERTEX_POINT('',#16157);
#5912=VERTEX_POINT('',#16158);
#5913=VERTEX_POINT('',#16161);
#5914=VERTEX_POINT('',#16164);
#5915=VERTEX_POINT('',#16192);
#5916=VERTEX_POINT('',#16193);
#5917=VERTEX_POINT('',#16198);
#5918=VERTEX_POINT('',#16229);
#5919=VERTEX_POINT('',#16234);
#5920=VERTEX_POINT('',#16314);
#5921=VERTEX_POINT('',#16315);
#5922=VERTEX_POINT('',#16318);
#5923=VERTEX_POINT('',#16321);
#5924=VERTEX_POINT('',#16335);
#5925=VERTEX_POINT('',#16336);
#5926=VERTEX_POINT('',#16339);
#5927=VERTEX_POINT('',#16342);
#5928=VERTEX_POINT('',#16345);
#5929=VERTEX_POINT('',#16348);
#5930=VERTEX_POINT('',#16351);
#5931=VERTEX_POINT('',#16354);
#5932=VERTEX_POINT('',#16376);
#5933=VERTEX_POINT('',#16377);
#5934=VERTEX_POINT('',#16380);
#5935=VERTEX_POINT('',#16383);
#5936=VERTEX_POINT('',#16386);
#5937=VERTEX_POINT('',#16389);
#5938=VERTEX_POINT('',#16392);
#5939=VERTEX_POINT('',#16395);
#5940=VERTEX_POINT('',#16398);
#5941=VERTEX_POINT('',#16401);
#5942=VERTEX_POINT('',#16404);
#5943=VERTEX_POINT('',#16407);
#5944=VERTEX_POINT('',#16437);
#5945=VERTEX_POINT('',#16438);
#5946=VERTEX_POINT('',#16441);
#5947=VERTEX_POINT('',#16444);
#5948=VERTEX_POINT('',#16447);
#5949=VERTEX_POINT('',#16450);
#5950=VERTEX_POINT('',#16453);
#5951=VERTEX_POINT('',#16456);
#5952=VERTEX_POINT('',#16459);
#5953=VERTEX_POINT('',#16462);
#5954=VERTEX_POINT('',#16465);
#5955=VERTEX_POINT('',#16468);
#5956=VERTEX_POINT('',#16512);
#5957=VERTEX_POINT('',#16513);
#5958=VERTEX_POINT('',#16518);
#5959=VERTEX_POINT('',#16549);
#5960=VERTEX_POINT('',#16554);
#5961=VERTEX_POINT('',#16665);
#5962=VERTEX_POINT('',#16709);
#5963=VERTEX_POINT('',#16801);
#5964=VERTEX_POINT('',#16837);
#5965=VERTEX_POINT('',#16881);
#5966=VERTEX_POINT('',#16973);
#5967=VERTEX_POINT('',#16979);
#5968=VERTEX_POINT('',#16980);
#5969=VERTEX_POINT('',#16982);
#5970=VERTEX_POINT('',#16984);
#5971=VERTEX_POINT('',#16996);
#5972=VERTEX_POINT('',#16997);
#5973=VERTEX_POINT('',#16999);
#5974=VERTEX_POINT('',#17001);
#5975=B_SPLINE_CURVE_WITH_KNOTS('',3,(#13286,#13287,#13288,#13289,#13290,
#13291,#13292,#13293,#13294,#13295,#13296,#13297,#13298,#13299,#13300,#13301,
#13302,#13303,#13304,#13305,#13306,#13307,#13308,#13309,#13310,#13311,#13312,
#13313,#13314,#13315,#13316,#13317,#13318,#13319,#13320,#13321,#13322,#13323,
#13324,#13325,#13326,#13327,#13328),.UNSPECIFIED.,.T.,.F.,(4,2,2,3,3,3,
2,2,3,3,2,2,3,3,3,3,4),(0.,0.0690272691224329,0.138054538244866,0.205451241954958,
0.266468596069876,0.324003321265972,0.38167256091177,0.441071877746941,
0.500471194582112,0.561079688192304,0.628166729858259,0.697400556857524,
0.76663438385679,0.822811371811405,0.883365779885392,0.944461740199689,
1.),.UNSPECIFIED.);
#5976=B_SPLINE_CURVE_WITH_KNOTS('',3,(#13330,#13331,#13332,#13333),
 .UNSPECIFIED.,.F.,.F.,(4,4),(0.893396801132095,0.89502134640039),
 .UNSPECIFIED.);
#5977=B_SPLINE_CURVE_WITH_KNOTS('',3,(#13336,#13337,#13338,#13339,#13340,
#13341,#13342),.UNSPECIFIED.,.F.,.F.,(4,3,4),(0.89502134640039,0.946990284033831,
1.),.UNSPECIFIED.);
#5978=B_SPLINE_CURVE_WITH_KNOTS('',3,(#13344,#13345,#13346,#13347,#13348,
#13349,#13350,#13351,#13352,#13353,#13354,#13355,#13356,#13357),
 .UNSPECIFIED.,.F.,.F.,(4,2,3,2,3,4),(0.,0.0400870295059833,0.0801740590119669,
0.127597516623468,0.175020974234968,0.26397147567556),.UNSPECIFIED.);
#5979=B_SPLINE_CURVE_WITH_KNOTS('',3,(#13359,#13360,#13361,#13362),
 .UNSPECIFIED.,.F.,.F.,(4,4),(0.26397147567556,0.574259621919985),
 .UNSPECIFIED.);
#5980=B_SPLINE_CURVE_WITH_KNOTS('',3,(#13364,#13365,#13366,#13367,#13368,
#13369,#13370,#13371,#13372,#13373,#13374,#13375,#13376,#13377,#13378,#13379,
#13380,#13381,#13382,#13383),.UNSPECIFIED.,.F.,.F.,(4,3,3,3,3,2,2,4),(0.574259621919985,
0.656502226127441,0.706333609660926,0.74004711852271,0.774298424673098,
0.810944078968174,0.852170440050134,0.893396801132095),.UNSPECIFIED.);
#5981=B_SPLINE_CURVE_WITH_KNOTS('',1,(#13680,#13681),.UNSPECIFIED.,.F.,
 .F.,(2,2),(0.719101123595505,0.963211308445089),.UNSPECIFIED.);
#5982=B_SPLINE_CURVE_WITH_KNOTS('',1,(#13684,#13685),.UNSPECIFIED.,.F.,
 .F.,(2,2),(0.963211308445089,1.),.UNSPECIFIED.);
#5983=B_SPLINE_CURVE_WITH_KNOTS('',1,(#13687,#13688),.UNSPECIFIED.,.F.,
 .F.,(2,2),(0.,0.244110184849583),.UNSPECIFIED.);
#5984=B_SPLINE_CURVE_WITH_KNOTS('',1,(#13690,#13691),.UNSPECIFIED.,.F.,
 .F.,(2,2),(0.244110184849583,0.337259876766945),.UNSPECIFIED.);
#5985=B_SPLINE_CURVE_WITH_KNOTS('',1,(#13693,#13694),.UNSPECIFIED.,.F.,
 .F.,(2,2),(0.337259876766945,0.370061616527727),.UNSPECIFIED.);
#5986=B_SPLINE_CURVE_WITH_KNOTS('',1,(#13696,#13697),.UNSPECIFIED.,.F.,
 .F.,(2,2),(0.370061616527727,0.593149691917361),.UNSPECIFIED.);
#5987=B_SPLINE_CURVE_WITH_KNOTS('',1,(#13699,#13700),.UNSPECIFIED.,.F.,
 .F.,(2,2),(0.593149691917361,0.625951431678144),.UNSPECIFIED.);
#5988=B_SPLINE_CURVE_WITH_KNOTS('',1,(#13702,#13703),.UNSPECIFIED.,.F.,
 .F.,(2,2),(0.625951431678144,0.719101123595505),.UNSPECIFIED.);
#5989=B_SPLINE_CURVE_WITH_KNOTS('',3,(#13704,#13705,#13706,#13707),
 .UNSPECIFIED.,.F.,.F.,(4,4),(0.893396801132095,0.89502134640039),
 .UNSPECIFIED.);
#5990=B_SPLINE_CURVE_WITH_KNOTS('',3,(#13710,#13711,#13712,#13713,#13714,
#13715,#13716),.UNSPECIFIED.,.F.,.F.,(4,3,4),(0.89502134640039,0.946990284033831,
1.),.UNSPECIFIED.);
#5991=B_SPLINE_CURVE_WITH_KNOTS('',3,(#13718,#13719,#13720,#13721,#13722,
#13723,#13724,#13725,#13726,#13727,#13728,#13729,#13730,#13731),
 .UNSPECIFIED.,.F.,.F.,(4,2,3,2,3,4),(0.,0.0400870295059833,0.080174059011967,
0.127597516623468,0.175020974234969,0.26397147567556),.UNSPECIFIED.);
#5992=B_SPLINE_CURVE_WITH_KNOTS('',3,(#13733,#13734,#13735,#13736),
 .UNSPECIFIED.,.F.,.F.,(4,4),(0.26397147567556,0.574259621919985),
 .UNSPECIFIED.);
#5993=B_SPLINE_CURVE_WITH_KNOTS('',3,(#13738,#13739,#13740,#13741,#13742,
#13743,#13744,#13745,#13746,#13747,#13748,#13749,#13750,#13751,#13752,#13753,
#13754,#13755,#13756,#13757),.UNSPECIFIED.,.F.,.F.,(4,3,3,3,3,2,2,4),(0.574259621919985,
0.656502226127441,0.706333609660926,0.74004711852271,0.774298424673098,
0.810944078968174,0.852170440050135,0.893396801132095),.UNSPECIFIED.);
#5994=B_SPLINE_CURVE_WITH_KNOTS('',1,(#13758,#13759),.UNSPECIFIED.,.F.,
 .F.,(2,2),(0.5,0.937405159332322),.UNSPECIFIED.);
#5995=B_SPLINE_CURVE_WITH_KNOTS('',1,(#13762,#13763),.UNSPECIFIED.,.F.,
 .F.,(2,2),(0.937405159332322,1.),.UNSPECIFIED.);
#5996=B_SPLINE_CURVE_WITH_KNOTS('',1,(#13765,#13766),.UNSPECIFIED.,.F.,
 .F.,(2,2),(0.,0.437405159332322),.UNSPECIFIED.);
#5997=B_SPLINE_CURVE_WITH_KNOTS('',1,(#13768,#13769),.UNSPECIFIED.,.F.,
 .F.,(2,2),(0.437405159332322,0.5),.UNSPECIFIED.);
#5998=B_SPLINE_CURVE_WITH_KNOTS('',3,(#13770,#13771,#13772,#13773),
 .UNSPECIFIED.,.F.,.F.,(4,4),(0.715786332357411,0.74311916588091),
 .UNSPECIFIED.);
#5999=B_SPLINE_CURVE_WITH_KNOTS('',3,(#13776,#13777,#13778,#13779,#13780,
#13781,#13782,#13783,#13784,#13785,#13786,#13787,#13788,#13789,#13790,#13791),
 .UNSPECIFIED.,.F.,.F.,(4,3,3,3,3,4),(0.74311916588091,0.872070603246724,
0.909383609430504,0.93998995730862,0.967298852503626,1.),.UNSPECIFIED.);
#6000=B_SPLINE_CURVE_WITH_KNOTS('',3,(#13793,#13794,#13795,#13796,#13797,
#13798,#13799,#13800,#13801,#13802,#13803,#13804,#13805,#13806,#13807),
 .UNSPECIFIED.,.F.,.F.,(4,3,3,2,3,4),(0.,0.0322938132501404,0.0596740498855411,
0.0936559884818089,0.127637927078077,0.256590556430467),.UNSPECIFIED.);
#6001=B_SPLINE_CURVE_WITH_KNOTS('',3,(#13809,#13810,#13811,#13812),
 .UNSPECIFIED.,.F.,.F.,(4,4),(0.256590556430467,0.283923389953966),
 .UNSPECIFIED.);
#6002=B_SPLINE_CURVE_WITH_KNOTS('',3,(#13814,#13815,#13816,#13817,#13818,
#13819,#13820,#13821,#13822,#13823,#13824,#13825,#13826,#13827,#13828,#13829,
#13830,#13831,#13832,#13833,#13834,#13835,#13836,#13837,#13838,#13839,#13840,
#13841,#13842,#13843),.UNSPECIFIED.,.F.,.F.,(4,3,3,3,3,2,3,3,3,3,4),(0.283923389953966,
0.412739516262733,0.436932745192543,0.456017765281505,0.475976041325095,
0.500409717548036,0.523406118699039,0.543695210818956,0.562639150416078,
0.586164291423975,0.715786332357411),.UNSPECIFIED.);
#6003=B_SPLINE_CURVE_WITH_KNOTS('',1,(#13844,#13845),.UNSPECIFIED.,.F.,
 .F.,(2,2),(0.5,0.937357630979499),.UNSPECIFIED.);
#6004=B_SPLINE_CURVE_WITH_KNOTS('',1,(#13848,#13849),.UNSPECIFIED.,.F.,
 .F.,(2,2),(0.937357630979499,1.),.UNSPECIFIED.);
#6005=B_SPLINE_CURVE_WITH_KNOTS('',1,(#13851,#13852),.UNSPECIFIED.,.F.,
 .F.,(2,2),(0.,0.437357630979499),.UNSPECIFIED.);
#6006=B_SPLINE_CURVE_WITH_KNOTS('',1,(#13854,#13855),.UNSPECIFIED.,.F.,
 .F.,(2,2),(0.437357630979499,0.5),.UNSPECIFIED.);
#6007=B_SPLINE_CURVE_WITH_KNOTS('',1,(#13856,#13857),.UNSPECIFIED.,.F.,
 .F.,(2,2),(0.719101123595505,0.963211308445089),.UNSPECIFIED.);
#6008=B_SPLINE_CURVE_WITH_KNOTS('',1,(#13860,#13861),.UNSPECIFIED.,.F.,
 .F.,(2,2),(0.963211308445089,1.),.UNSPECIFIED.);
#6009=B_SPLINE_CURVE_WITH_KNOTS('',1,(#13863,#13864),.UNSPECIFIED.,.F.,
 .F.,(2,2),(0.,0.244110184849583),.UNSPECIFIED.);
#6010=B_SPLINE_CURVE_WITH_KNOTS('',1,(#13866,#13867),.UNSPECIFIED.,.F.,
 .F.,(2,2),(0.244110184849583,0.337259876766945),.UNSPECIFIED.);
#6011=B_SPLINE_CURVE_WITH_KNOTS('',1,(#13869,#13870),.UNSPECIFIED.,.F.,
 .F.,(2,2),(0.337259876766945,0.370061616527727),.UNSPECIFIED.);
#6012=B_SPLINE_CURVE_WITH_KNOTS('',1,(#13872,#13873),.UNSPECIFIED.,.F.,
 .F.,(2,2),(0.370061616527727,0.593149691917361),.UNSPECIFIED.);
#6013=B_SPLINE_CURVE_WITH_KNOTS('',1,(#13875,#13876),.UNSPECIFIED.,.F.,
 .F.,(2,2),(0.593149691917361,0.625951431678144),.UNSPECIFIED.);
#6014=B_SPLINE_CURVE_WITH_KNOTS('',1,(#13878,#13879),.UNSPECIFIED.,.F.,
 .F.,(2,2),(0.625951431678144,0.719101123595505),.UNSPECIFIED.);
#6015=B_SPLINE_CURVE_WITH_KNOTS('',1,(#13880,#13881),.UNSPECIFIED.,.F.,
 .F.,(2,2),(0.858094049105285,0.965667915106117),.UNSPECIFIED.);
#6016=B_SPLINE_CURVE_WITH_KNOTS('',1,(#13884,#13885),.UNSPECIFIED.,.F.,
 .F.,(2,2),(0.965667915106117,1.),.UNSPECIFIED.);
#6017=B_SPLINE_CURVE_WITH_KNOTS('',1,(#13887,#13888),.UNSPECIFIED.,.F.,
 .F.,(2,2),(0.,0.107573866000832),.UNSPECIFIED.);
#6018=B_SPLINE_CURVE_WITH_KNOTS('',1,(#13890,#13891),.UNSPECIFIED.,.F.,
 .F.,(2,2),(0.107573866000832,0.215147732001665),.UNSPECIFIED.);
#6019=B_SPLINE_CURVE_WITH_KNOTS('',1,(#13893,#13894),.UNSPECIFIED.,.F.,
 .F.,(2,2),(0.215147732001665,0.250728256346234),.UNSPECIFIED.);
#6020=B_SPLINE_CURVE_WITH_KNOTS('',1,(#13896,#13897),.UNSPECIFIED.,.F.,
 .F.,(2,2),(0.250728256346234,0.358302122347066),.UNSPECIFIED.);
#6021=B_SPLINE_CURVE_WITH_KNOTS('',1,(#13899,#13900),.UNSPECIFIED.,.F.,
 .F.,(2,2),(0.358302122347066,0.465875988347899),.UNSPECIFIED.);
#6022=B_SPLINE_CURVE_WITH_KNOTS('',1,(#13902,#13903),.UNSPECIFIED.,.F.,
 .F.,(2,2),(0.465875988347899,0.500208073241781),.UNSPECIFIED.);
#6023=B_SPLINE_CURVE_WITH_KNOTS('',1,(#13905,#13906),.UNSPECIFIED.,.F.,
 .F.,(2,2),(0.500208073241781,0.607781939242613),.UNSPECIFIED.);
#6024=B_SPLINE_CURVE_WITH_KNOTS('',1,(#13908,#13909),.UNSPECIFIED.,.F.,
 .F.,(2,2),(0.607781939242613,0.715147732001665),.UNSPECIFIED.);
#6025=B_SPLINE_CURVE_WITH_KNOTS('',1,(#13911,#13912),.UNSPECIFIED.,.F.,
 .F.,(2,2),(0.715147732001665,0.750728256346234),.UNSPECIFIED.);
#6026=B_SPLINE_CURVE_WITH_KNOTS('',1,(#13914,#13915),.UNSPECIFIED.,.F.,
 .F.,(2,2),(0.750728256346234,0.858094049105285),.UNSPECIFIED.);
#6027=B_SPLINE_CURVE_WITH_KNOTS('',1,(#13916,#13917),.UNSPECIFIED.,.F.,
 .F.,(2,2),(0.858094049105285,0.965667915106117),.UNSPECIFIED.);
#6028=B_SPLINE_CURVE_WITH_KNOTS('',1,(#13920,#13921),.UNSPECIFIED.,.F.,
 .F.,(2,2),(0.965667915106117,1.),.UNSPECIFIED.);
#6029=B_SPLINE_CURVE_WITH_KNOTS('',1,(#13923,#13924),.UNSPECIFIED.,.F.,
 .F.,(2,2),(0.,0.107573866000832),.UNSPECIFIED.);
#6030=B_SPLINE_CURVE_WITH_KNOTS('',1,(#13926,#13927),.UNSPECIFIED.,.F.,
 .F.,(2,2),(0.107573866000832,0.215147732001665),.UNSPECIFIED.);
#6031=B_SPLINE_CURVE_WITH_KNOTS('',1,(#13929,#13930),.UNSPECIFIED.,.F.,
 .F.,(2,2),(0.215147732001665,0.250728256346234),.UNSPECIFIED.);
#6032=B_SPLINE_CURVE_WITH_KNOTS('',1,(#13932,#13933),.UNSPECIFIED.,.F.,
 .F.,(2,2),(0.250728256346234,0.358302122347066),.UNSPECIFIED.);
#6033=B_SPLINE_CURVE_WITH_KNOTS('',1,(#13935,#13936),.UNSPECIFIED.,.F.,
 .F.,(2,2),(0.358302122347066,0.465875988347899),.UNSPECIFIED.);
#6034=B_SPLINE_CURVE_WITH_KNOTS('',1,(#13938,#13939),.UNSPECIFIED.,.F.,
 .F.,(2,2),(0.465875988347899,0.500208073241781),.UNSPECIFIED.);
#6035=B_SPLINE_CURVE_WITH_KNOTS('',1,(#13941,#13942),.UNSPECIFIED.,.F.,
 .F.,(2,2),(0.500208073241781,0.607781939242613),.UNSPECIFIED.);
#6036=B_SPLINE_CURVE_WITH_KNOTS('',1,(#13944,#13945),.UNSPECIFIED.,.F.,
 .F.,(2,2),(0.607781939242613,0.715147732001665),.UNSPECIFIED.);
#6037=B_SPLINE_CURVE_WITH_KNOTS('',1,(#13947,#13948),.UNSPECIFIED.,.F.,
 .F.,(2,2),(0.715147732001665,0.750728256346234),.UNSPECIFIED.);
#6038=B_SPLINE_CURVE_WITH_KNOTS('',1,(#13950,#13951),.UNSPECIFIED.,.F.,
 .F.,(2,2),(0.750728256346234,0.858094049105285),.UNSPECIFIED.);
#6039=B_SPLINE_CURVE_WITH_KNOTS('',3,(#13952,#13953,#13954,#13955,#13956,
#13957,#13958,#13959,#13960,#13961,#13962,#13963,#13964,#13965,#13966,#13967),
 .UNSPECIFIED.,.F.,.F.,(4,3,3,3,3,4),(0.743119165880909,0.872070603246724,
0.909383609430503,0.939989957308619,0.967298852503626,1.),.UNSPECIFIED.);
#6040=B_SPLINE_CURVE_WITH_KNOTS('',3,(#13970,#13971,#13972,#13973,#13974,
#13975,#13976,#13977,#13978,#13979,#13980,#13981,#13982,#13983,#13984),
 .UNSPECIFIED.,.F.,.F.,(4,3,3,2,3,4),(0.,0.0322938132501404,0.059674049885541,
0.0936559884818088,0.127637927078077,0.256590556430467),.UNSPECIFIED.);
#6041=B_SPLINE_CURVE_WITH_KNOTS('',3,(#13986,#13987,#13988,#13989),
 .UNSPECIFIED.,.F.,.F.,(4,4),(0.256590556430467,0.283923389953966),
 .UNSPECIFIED.);
#6042=B_SPLINE_CURVE_WITH_KNOTS('',3,(#13991,#13992,#13993,#13994,#13995,
#13996,#13997,#13998,#13999,#14000,#14001,#14002,#14003,#14004,#14005,#14006,
#14007,#14008,#14009,#14010,#14011,#14012,#14013,#14014,#14015,#14016,#14017,
#14018,#14019,#14020),.UNSPECIFIED.,.F.,.F.,(4,3,3,3,3,2,3,3,3,3,4),(0.283923389953966,
0.412739516262733,0.436932745192543,0.456017765281505,0.475976041325095,
0.500409717548036,0.523406118699038,0.543695210818956,0.562639150416078,
0.586164291423975,0.71578633235741),.UNSPECIFIED.);
#6043=B_SPLINE_CURVE_WITH_KNOTS('',3,(#14022,#14023,#14024,#14025),
 .UNSPECIFIED.,.F.,.F.,(4,4),(0.71578633235741,0.743119165880909),
 .UNSPECIFIED.);
#6044=B_SPLINE_CURVE_WITH_KNOTS('',3,(#14026,#14027,#14028,#14029,#14030,
#14031,#14032,#14033,#14034,#14035,#14036,#14037,#14038,#14039,#14040,#14041,
#14042,#14043,#14044,#14045,#14046,#14047,#14048,#14049,#14050,#14051,#14052,
#14053,#14054,#14055,#14056,#14057,#14058,#14059,#14060,#14061,#14062,#14063,
#14064,#14065,#14066,#14067,#14068),.UNSPECIFIED.,.T.,.F.,(4,2,2,3,3,3,
2,2,3,3,2,2,3,3,3,3,4),(0.,0.0690272691224329,0.138054538244866,0.205451241954958,
0.266468596069876,0.324003321265972,0.38167256091177,0.441071877746941,
0.500471194582113,0.561079688192304,0.628166729858259,0.697400556857524,
0.76663438385679,0.822811371811405,0.883365779885392,0.944461740199689,
1.),.UNSPECIFIED.);
#6045=B_SPLINE_CURVE_WITH_KNOTS('',1,(#15508,#15509),.UNSPECIFIED.,.F.,
 .F.,(2,2),(0.963211308445089,1.),.UNSPECIFIED.);
#6046=B_SPLINE_CURVE_WITH_KNOTS('',1,(#15512,#15513),.UNSPECIFIED.,.F.,
 .F.,(2,2),(0.719101123595505,0.963211308445089),.UNSPECIFIED.);
#6047=B_SPLINE_CURVE_WITH_KNOTS('',1,(#15515,#15516),.UNSPECIFIED.,.F.,
 .F.,(2,2),(0.625951431678144,0.719101123595505),.UNSPECIFIED.);
#6048=B_SPLINE_CURVE_WITH_KNOTS('',1,(#15518,#15519),.UNSPECIFIED.,.F.,
 .F.,(2,2),(0.593149691917361,0.625951431678144),.UNSPECIFIED.);
#6049=B_SPLINE_CURVE_WITH_KNOTS('',1,(#15521,#15522),.UNSPECIFIED.,.F.,
 .F.,(2,2),(0.370061616527727,0.593149691917361),.UNSPECIFIED.);
#6050=B_SPLINE_CURVE_WITH_KNOTS('',1,(#15524,#15525),.UNSPECIFIED.,.F.,
 .F.,(2,2),(0.337259876766945,0.370061616527727),.UNSPECIFIED.);
#6051=B_SPLINE_CURVE_WITH_KNOTS('',1,(#15527,#15528),.UNSPECIFIED.,.F.,
 .F.,(2,2),(0.244110184849583,0.337259876766945),.UNSPECIFIED.);
#6052=B_SPLINE_CURVE_WITH_KNOTS('',1,(#15530,#15531),.UNSPECIFIED.,.F.,
 .F.,(2,2),(0.,0.244110184849583),.UNSPECIFIED.);
#6053=B_SPLINE_CURVE_WITH_KNOTS('',3,(#15549,#15550,#15551,#15552),
 .UNSPECIFIED.,.F.,.F.,(4,4),(0.369280164675135,0.633548540281899),
 .UNSPECIFIED.);
#6054=B_SPLINE_CURVE_WITH_KNOTS('',3,(#15555,#15556,#15557,#15558,#15559,
#15560,#15561,#15562,#15563,#15564,#15565,#15566,#15567,#15568,#15569),
 .UNSPECIFIED.,.F.,.F.,(4,3,3,2,3,4),(0.,0.0682764634835188,0.133565617081823,
0.197494020392217,0.261422423702611,0.369280164675135),.UNSPECIFIED.);
#6055=B_SPLINE_CURVE_WITH_KNOTS('',3,(#15571,#15572,#15573,#15574,#15575,
#15576,#15577,#15578,#15579,#15580,#15581,#15582,#15583,#15584,#15585,#15586),
 .UNSPECIFIED.,.F.,.F.,(4,3,3,3,3,4),(0.633548540281899,0.711054812986356,
0.80935449391178,0.878097143226273,0.936528917122148,1.),.UNSPECIFIED.);
#6056=B_SPLINE_CURVE_WITH_KNOTS('',3,(#15587,#15588,#15589,#15590),
 .UNSPECIFIED.,.F.,.F.,(4,4),(0.367802010155569,0.613612084644068),
 .UNSPECIFIED.);
#6057=B_SPLINE_CURVE_WITH_KNOTS('',3,(#15593,#15594,#15595,#15596,#15597,
#15598,#15599,#15600,#15601,#15602,#15603,#15604,#15605,#15606,#15607,#15608),
 .UNSPECIFIED.,.F.,.F.,(4,3,3,3,3,4),(0.,0.053822646217865,0.103165874944726,
0.167195171530374,0.259535864842895,0.367802010155569),.UNSPECIFIED.);
#6058=B_SPLINE_CURVE_WITH_KNOTS('',3,(#15610,#15611,#15612,#15613,#15614,
#15615,#15616,#15617,#15618,#15619,#15620,#15621,#15622,#15623,#15624),
 .UNSPECIFIED.,.F.,.F.,(4,3,3,3,2,4),(0.613612084644068,0.741212370502143,
0.81998119275392,0.876166110080677,0.938083055040339,1.),.UNSPECIFIED.);
#6059=B_SPLINE_CURVE_WITH_KNOTS('',3,(#15625,#15626,#15627,#15628,#15629,
#15630,#15631),.UNSPECIFIED.,.F.,.F.,(4,3,4),(0.89502134640039,0.946990284033831,
1.),.UNSPECIFIED.);
#6060=B_SPLINE_CURVE_WITH_KNOTS('',3,(#15634,#15635,#15636,#15637),
 .UNSPECIFIED.,.F.,.F.,(4,4),(0.893396801132095,0.89502134640039),
 .UNSPECIFIED.);
#6061=B_SPLINE_CURVE_WITH_KNOTS('',3,(#15639,#15640,#15641,#15642,#15643,
#15644,#15645,#15646,#15647,#15648,#15649,#15650,#15651,#15652,#15653,#15654,
#15655,#15656,#15657,#15658),.UNSPECIFIED.,.F.,.F.,(4,3,3,3,3,2,2,4),(0.574259621919985,
0.656502226127441,0.706333609660926,0.74004711852271,0.774298424673098,
0.810944078968174,0.852170440050134,0.893396801132095),.UNSPECIFIED.);
#6062=B_SPLINE_CURVE_WITH_KNOTS('',3,(#15660,#15661,#15662,#15663),
 .UNSPECIFIED.,.F.,.F.,(4,4),(0.26397147567556,0.574259621919985),
 .UNSPECIFIED.);
#6063=B_SPLINE_CURVE_WITH_KNOTS('',3,(#15665,#15666,#15667,#15668,#15669,
#15670,#15671,#15672,#15673,#15674,#15675,#15676,#15677,#15678),
 .UNSPECIFIED.,.F.,.F.,(4,2,3,2,3,4),(0.,0.0400870295059833,0.0801740590119669,
0.127597516623468,0.175020974234968,0.26397147567556),.UNSPECIFIED.);
#6064=B_SPLINE_CURVE_WITH_KNOTS('',3,(#15727,#15728,#15729,#15730),
 .UNSPECIFIED.,.F.,.F.,(4,4),(0.367802010155569,0.613612084644068),
 .UNSPECIFIED.);
#6065=B_SPLINE_CURVE_WITH_KNOTS('',3,(#15745,#15746,#15747,#15748,#15749,
#15750,#15751,#15752,#15753,#15754,#15755,#15756,#15757,#15758,#15759,#15760),
 .UNSPECIFIED.,.F.,.F.,(4,3,3,3,3,4),(0.,0.053822646217865,0.103165874944726,
0.167195171530374,0.259535864842895,0.367802010155569),.UNSPECIFIED.);
#6066=B_SPLINE_CURVE_WITH_KNOTS('',3,(#15771,#15772,#15773,#15774,#15775,
#15776,#15777,#15778,#15779,#15780,#15781,#15782,#15783,#15784,#15785),
 .UNSPECIFIED.,.F.,.F.,(4,3,3,3,2,4),(0.613612084644068,0.741212370502143,
0.81998119275392,0.876166110080677,0.938083055040339,1.),.UNSPECIFIED.);
#6067=B_SPLINE_CURVE_WITH_KNOTS('',3,(#15787,#15788,#15789,#15790),
 .UNSPECIFIED.,.F.,.F.,(4,4),(0.369280164675135,0.633548540281899),
 .UNSPECIFIED.);
#6068=B_SPLINE_CURVE_WITH_KNOTS('',3,(#15807,#15808,#15809,#15810,#15811,
#15812,#15813,#15814,#15815,#15816,#15817,#15818,#15819,#15820,#15821),
 .UNSPECIFIED.,.F.,.F.,(4,3,3,2,3,4),(0.,0.0682764634835188,0.133565617081823,
0.197494020392217,0.261422423702611,0.369280164675135),.UNSPECIFIED.);
#6069=B_SPLINE_CURVE_WITH_KNOTS('',3,(#15834,#15835,#15836,#15837,#15838,
#15839,#15840,#15841,#15842,#15843,#15844,#15845,#15846,#15847,#15848,#15849),
 .UNSPECIFIED.,.F.,.F.,(4,3,3,3,3,4),(0.633548540281899,0.711054812986356,
0.80935449391178,0.878097143226273,0.936528917122148,1.),.UNSPECIFIED.);
#6070=B_SPLINE_CURVE_WITH_KNOTS('',3,(#15852,#15853,#15854,#15855),
 .UNSPECIFIED.,.F.,.F.,(4,4),(0.369280164675135,0.633548540281899),
 .UNSPECIFIED.);
#6071=B_SPLINE_CURVE_WITH_KNOTS('',3,(#15858,#15859,#15860,#15861,#15862,
#15863,#15864,#15865,#15866,#15867,#15868,#15869,#15870,#15871,#15872),
 .UNSPECIFIED.,.F.,.F.,(4,3,3,2,3,4),(0.,0.0682764634835187,0.133565617081823,
0.197494020392217,0.261422423702611,0.369280164675135),.UNSPECIFIED.);
#6072=B_SPLINE_CURVE_WITH_KNOTS('',3,(#15874,#15875,#15876,#15877,#15878,
#15879,#15880,#15881,#15882,#15883,#15884,#15885,#15886,#15887,#15888,#15889),
 .UNSPECIFIED.,.F.,.F.,(4,3,3,3,3,4),(0.633548540281899,0.711054812986357,
0.809354493911781,0.878097143226273,0.936528917122148,1.),.UNSPECIFIED.);
#6073=B_SPLINE_CURVE_WITH_KNOTS('',3,(#15890,#15891,#15892,#15893),
 .UNSPECIFIED.,.F.,.F.,(4,4),(0.36780201015557,0.613612084644068),
 .UNSPECIFIED.);
#6074=B_SPLINE_CURVE_WITH_KNOTS('',3,(#15896,#15897,#15898,#15899,#15900,
#15901,#15902,#15903,#15904,#15905,#15906,#15907,#15908,#15909,#15910,#15911),
 .UNSPECIFIED.,.F.,.F.,(4,3,3,3,3,4),(0.,0.053822646217865,0.103165874944726,
0.167195171530374,0.259535864842895,0.36780201015557),.UNSPECIFIED.);
#6075=B_SPLINE_CURVE_WITH_KNOTS('',3,(#15913,#15914,#15915,#15916,#15917,
#15918,#15919,#15920,#15921,#15922,#15923,#15924,#15925,#15926,#15927),
 .UNSPECIFIED.,.F.,.F.,(4,3,3,3,2,4),(0.613612084644068,0.741212370502143,
0.81998119275392,0.876166110080677,0.938083055040339,1.),.UNSPECIFIED.);
#6076=B_SPLINE_CURVE_WITH_KNOTS('',3,(#15928,#15929,#15930,#15931,#15932,
#15933,#15934),.UNSPECIFIED.,.F.,.F.,(4,3,4),(0.89502134640039,0.946990284033831,
1.),.UNSPECIFIED.);
#6077=B_SPLINE_CURVE_WITH_KNOTS('',3,(#15937,#15938,#15939,#15940),
 .UNSPECIFIED.,.F.,.F.,(4,4),(0.893396801132095,0.89502134640039),
 .UNSPECIFIED.);
#6078=B_SPLINE_CURVE_WITH_KNOTS('',3,(#15942,#15943,#15944,#15945,#15946,
#15947,#15948,#15949,#15950,#15951,#15952,#15953,#15954,#15955,#15956,#15957,
#15958,#15959,#15960,#15961),.UNSPECIFIED.,.F.,.F.,(4,3,3,3,3,2,2,4),(0.574259621919985,
0.656502226127441,0.706333609660926,0.74004711852271,0.774298424673098,
0.810944078968174,0.852170440050135,0.893396801132095),.UNSPECIFIED.);
#6079=B_SPLINE_CURVE_WITH_KNOTS('',3,(#15963,#15964,#15965,#15966),
 .UNSPECIFIED.,.F.,.F.,(4,4),(0.26397147567556,0.574259621919985),
 .UNSPECIFIED.);
#6080=B_SPLINE_CURVE_WITH_KNOTS('',3,(#15968,#15969,#15970,#15971,#15972,
#15973,#15974,#15975,#15976,#15977,#15978,#15979,#15980,#15981),
 .UNSPECIFIED.,.F.,.F.,(4,2,3,2,3,4),(0.,0.0400870295059833,0.080174059011967,
0.127597516623468,0.175020974234969,0.26397147567556),.UNSPECIFIED.);
#6081=B_SPLINE_CURVE_WITH_KNOTS('',3,(#16030,#16031,#16032,#16033),
 .UNSPECIFIED.,.F.,.F.,(4,4),(0.36780201015557,0.613612084644068),
 .UNSPECIFIED.);
#6082=B_SPLINE_CURVE_WITH_KNOTS('',3,(#16048,#16049,#16050,#16051,#16052,
#16053,#16054,#16055,#16056,#16057,#16058,#16059,#16060,#16061,#16062,#16063),
 .UNSPECIFIED.,.F.,.F.,(4,3,3,3,3,4),(0.,0.053822646217865,0.103165874944726,
0.167195171530374,0.259535864842895,0.36780201015557),.UNSPECIFIED.);
#6083=B_SPLINE_CURVE_WITH_KNOTS('',3,(#16074,#16075,#16076,#16077,#16078,
#16079,#16080,#16081,#16082,#16083,#16084,#16085,#16086,#16087,#16088),
 .UNSPECIFIED.,.F.,.F.,(4,3,3,3,2,4),(0.613612084644068,0.741212370502143,
0.81998119275392,0.876166110080677,0.938083055040339,1.),.UNSPECIFIED.);
#6084=B_SPLINE_CURVE_WITH_KNOTS('',3,(#16090,#16091,#16092,#16093),
 .UNSPECIFIED.,.F.,.F.,(4,4),(0.369280164675135,0.633548540281899),
 .UNSPECIFIED.);
#6085=B_SPLINE_CURVE_WITH_KNOTS('',3,(#16110,#16111,#16112,#16113,#16114,
#16115,#16116,#16117,#16118,#16119,#16120,#16121,#16122,#16123,#16124),
 .UNSPECIFIED.,.F.,.F.,(4,3,3,2,3,4),(0.,0.0682764634835187,0.133565617081823,
0.197494020392217,0.261422423702611,0.369280164675135),.UNSPECIFIED.);
#6086=B_SPLINE_CURVE_WITH_KNOTS('',3,(#16137,#16138,#16139,#16140,#16141,
#16142,#16143,#16144,#16145,#16146,#16147,#16148,#16149,#16150,#16151,#16152),
 .UNSPECIFIED.,.F.,.F.,(4,3,3,3,3,4),(0.633548540281899,0.711054812986357,
0.809354493911781,0.878097143226273,0.936528917122148,1.),.UNSPECIFIED.);
#6087=B_SPLINE_CURVE_WITH_KNOTS('',1,(#16155,#16156),.UNSPECIFIED.,.F.,
 .F.,(2,2),(0.937405159332322,1.),.UNSPECIFIED.);
#6088=B_SPLINE_CURVE_WITH_KNOTS('',1,(#16159,#16160),.UNSPECIFIED.,.F.,
 .F.,(2,2),(0.5,0.937405159332322),.UNSPECIFIED.);
#6089=B_SPLINE_CURVE_WITH_KNOTS('',1,(#16162,#16163),.UNSPECIFIED.,.F.,
 .F.,(2,2),(0.437405159332322,0.5),.UNSPECIFIED.);
#6090=B_SPLINE_CURVE_WITH_KNOTS('',1,(#16165,#16166),.UNSPECIFIED.,.F.,
 .F.,(2,2),(0.,0.437405159332322),.UNSPECIFIED.);
#6091=B_SPLINE_CURVE_WITH_KNOTS('',3,(#16176,#16177,#16178,#16179,#16180,
#16181,#16182,#16183,#16184,#16185,#16186,#16187,#16188,#16189,#16190,#16191),
 .UNSPECIFIED.,.F.,.F.,(4,3,3,3,3,4),(0.74311916588091,0.872070603246724,
0.909383609430504,0.93998995730862,0.967298852503626,1.),.UNSPECIFIED.);
#6092=B_SPLINE_CURVE_WITH_KNOTS('',3,(#16194,#16195,#16196,#16197),
 .UNSPECIFIED.,.F.,.F.,(4,4),(0.715786332357411,0.74311916588091),
 .UNSPECIFIED.);
#6093=B_SPLINE_CURVE_WITH_KNOTS('',3,(#16199,#16200,#16201,#16202,#16203,
#16204,#16205,#16206,#16207,#16208,#16209,#16210,#16211,#16212,#16213,#16214,
#16215,#16216,#16217,#16218,#16219,#16220,#16221,#16222,#16223,#16224,#16225,
#16226,#16227,#16228),.UNSPECIFIED.,.F.,.F.,(4,3,3,3,3,2,3,3,3,3,4),(0.283923389953966,
0.412739516262733,0.436932745192543,0.456017765281505,0.475976041325095,
0.500409717548036,0.523406118699039,0.543695210818956,0.562639150416078,
0.586164291423975,0.715786332357411),.UNSPECIFIED.);
#6094=B_SPLINE_CURVE_WITH_KNOTS('',3,(#16230,#16231,#16232,#16233),
 .UNSPECIFIED.,.F.,.F.,(4,4),(0.256590556430467,0.283923389953966),
 .UNSPECIFIED.);
#6095=B_SPLINE_CURVE_WITH_KNOTS('',3,(#16235,#16236,#16237,#16238,#16239,
#16240,#16241,#16242,#16243,#16244,#16245,#16246,#16247,#16248,#16249),
 .UNSPECIFIED.,.F.,.F.,(4,3,3,2,3,4),(0.,0.0322938132501404,0.0596740498855411,
0.0936559884818089,0.127637927078077,0.256590556430467),.UNSPECIFIED.);
#6096=B_SPLINE_CURVE_WITH_KNOTS('',1,(#16312,#16313),.UNSPECIFIED.,.F.,
 .F.,(2,2),(0.937357630979499,1.),.UNSPECIFIED.);
#6097=B_SPLINE_CURVE_WITH_KNOTS('',1,(#16316,#16317),.UNSPECIFIED.,.F.,
 .F.,(2,2),(0.5,0.937357630979499),.UNSPECIFIED.);
#6098=B_SPLINE_CURVE_WITH_KNOTS('',1,(#16319,#16320),.UNSPECIFIED.,.F.,
 .F.,(2,2),(0.437357630979499,0.5),.UNSPECIFIED.);
#6099=B_SPLINE_CURVE_WITH_KNOTS('',1,(#16322,#16323),.UNSPECIFIED.,.F.,
 .F.,(2,2),(0.,0.437357630979499),.UNSPECIFIED.);
#6100=B_SPLINE_CURVE_WITH_KNOTS('',1,(#16333,#16334),.UNSPECIFIED.,.F.,
 .F.,(2,2),(0.963211308445089,1.),.UNSPECIFIED.);
#6101=B_SPLINE_CURVE_WITH_KNOTS('',1,(#16337,#16338),.UNSPECIFIED.,.F.,
 .F.,(2,2),(0.719101123595505,0.963211308445089),.UNSPECIFIED.);
#6102=B_SPLINE_CURVE_WITH_KNOTS('',1,(#16340,#16341),.UNSPECIFIED.,.F.,
 .F.,(2,2),(0.625951431678144,0.719101123595505),.UNSPECIFIED.);
#6103=B_SPLINE_CURVE_WITH_KNOTS('',1,(#16343,#16344),.UNSPECIFIED.,.F.,
 .F.,(2,2),(0.593149691917361,0.625951431678144),.UNSPECIFIED.);
#6104=B_SPLINE_CURVE_WITH_KNOTS('',1,(#16346,#16347),.UNSPECIFIED.,.F.,
 .F.,(2,2),(0.370061616527727,0.593149691917361),.UNSPECIFIED.);
#6105=B_SPLINE_CURVE_WITH_KNOTS('',1,(#16349,#16350),.UNSPECIFIED.,.F.,
 .F.,(2,2),(0.337259876766945,0.370061616527727),.UNSPECIFIED.);
#6106=B_SPLINE_CURVE_WITH_KNOTS('',1,(#16352,#16353),.UNSPECIFIED.,.F.,
 .F.,(2,2),(0.244110184849583,0.337259876766945),.UNSPECIFIED.);
#6107=B_SPLINE_CURVE_WITH_KNOTS('',1,(#16355,#16356),.UNSPECIFIED.,.F.,
 .F.,(2,2),(0.,0.244110184849583),.UNSPECIFIED.);
#6108=B_SPLINE_CURVE_WITH_KNOTS('',1,(#16374,#16375),.UNSPECIFIED.,.F.,
 .F.,(2,2),(0.965667915106117,1.),.UNSPECIFIED.);
#6109=B_SPLINE_CURVE_WITH_KNOTS('',1,(#16378,#16379),.UNSPECIFIED.,.F.,
 .F.,(2,2),(0.858094049105285,0.965667915106117),.UNSPECIFIED.);
#6110=B_SPLINE_CURVE_WITH_KNOTS('',1,(#16381,#16382),.UNSPECIFIED.,.F.,
 .F.,(2,2),(0.750728256346234,0.858094049105285),.UNSPECIFIED.);
#6111=B_SPLINE_CURVE_WITH_KNOTS('',1,(#16384,#16385),.UNSPECIFIED.,.F.,
 .F.,(2,2),(0.715147732001665,0.750728256346234),.UNSPECIFIED.);
#6112=B_SPLINE_CURVE_WITH_KNOTS('',1,(#16387,#16388),.UNSPECIFIED.,.F.,
 .F.,(2,2),(0.607781939242613,0.715147732001665),.UNSPECIFIED.);
#6113=B_SPLINE_CURVE_WITH_KNOTS('',1,(#16390,#16391),.UNSPECIFIED.,.F.,
 .F.,(2,2),(0.500208073241781,0.607781939242613),.UNSPECIFIED.);
#6114=B_SPLINE_CURVE_WITH_KNOTS('',1,(#16393,#16394),.UNSPECIFIED.,.F.,
 .F.,(2,2),(0.465875988347899,0.500208073241781),.UNSPECIFIED.);
#6115=B_SPLINE_CURVE_WITH_KNOTS('',1,(#16396,#16397),.UNSPECIFIED.,.F.,
 .F.,(2,2),(0.358302122347066,0.465875988347899),.UNSPECIFIED.);
#6116=B_SPLINE_CURVE_WITH_KNOTS('',1,(#16399,#16400),.UNSPECIFIED.,.F.,
 .F.,(2,2),(0.250728256346234,0.358302122347066),.UNSPECIFIED.);
#6117=B_SPLINE_CURVE_WITH_KNOTS('',1,(#16402,#16403),.UNSPECIFIED.,.F.,
 .F.,(2,2),(0.215147732001665,0.250728256346234),.UNSPECIFIED.);
#6118=B_SPLINE_CURVE_WITH_KNOTS('',1,(#16405,#16406),.UNSPECIFIED.,.F.,
 .F.,(2,2),(0.107573866000832,0.215147732001665),.UNSPECIFIED.);
#6119=B_SPLINE_CURVE_WITH_KNOTS('',1,(#16408,#16409),.UNSPECIFIED.,.F.,
 .F.,(2,2),(0.,0.107573866000832),.UNSPECIFIED.);
#6120=B_SPLINE_CURVE_WITH_KNOTS('',1,(#16435,#16436),.UNSPECIFIED.,.F.,
 .F.,(2,2),(0.965667915106117,1.),.UNSPECIFIED.);
#6121=B_SPLINE_CURVE_WITH_KNOTS('',1,(#16439,#16440),.UNSPECIFIED.,.F.,
 .F.,(2,2),(0.858094049105285,0.965667915106117),.UNSPECIFIED.);
#6122=B_SPLINE_CURVE_WITH_KNOTS('',1,(#16442,#16443),.UNSPECIFIED.,.F.,
 .F.,(2,2),(0.750728256346234,0.858094049105285),.UNSPECIFIED.);
#6123=B_SPLINE_CURVE_WITH_KNOTS('',1,(#16445,#16446),.UNSPECIFIED.,.F.,
 .F.,(2,2),(0.715147732001665,0.750728256346234),.UNSPECIFIED.);
#6124=B_SPLINE_CURVE_WITH_KNOTS('',1,(#16448,#16449),.UNSPECIFIED.,.F.,
 .F.,(2,2),(0.607781939242613,0.715147732001665),.UNSPECIFIED.);
#6125=B_SPLINE_CURVE_WITH_KNOTS('',1,(#16451,#16452),.UNSPECIFIED.,.F.,
 .F.,(2,2),(0.500208073241781,0.607781939242613),.UNSPECIFIED.);
#6126=B_SPLINE_CURVE_WITH_KNOTS('',1,(#16454,#16455),.UNSPECIFIED.,.F.,
 .F.,(2,2),(0.465875988347899,0.500208073241781),.UNSPECIFIED.);
#6127=B_SPLINE_CURVE_WITH_KNOTS('',1,(#16457,#16458),.UNSPECIFIED.,.F.,
 .F.,(2,2),(0.358302122347066,0.465875988347899),.UNSPECIFIED.);
#6128=B_SPLINE_CURVE_WITH_KNOTS('',1,(#16460,#16461),.UNSPECIFIED.,.F.,
 .F.,(2,2),(0.250728256346234,0.358302122347066),.UNSPECIFIED.);
#6129=B_SPLINE_CURVE_WITH_KNOTS('',1,(#16463,#16464),.UNSPECIFIED.,.F.,
 .F.,(2,2),(0.215147732001665,0.250728256346234),.UNSPECIFIED.);
#6130=B_SPLINE_CURVE_WITH_KNOTS('',1,(#16466,#16467),.UNSPECIFIED.,.F.,
 .F.,(2,2),(0.107573866000832,0.215147732001665),.UNSPECIFIED.);
#6131=B_SPLINE_CURVE_WITH_KNOTS('',1,(#16469,#16470),.UNSPECIFIED.,.F.,
 .F.,(2,2),(0.,0.107573866000832),.UNSPECIFIED.);
#6132=B_SPLINE_CURVE_WITH_KNOTS('',3,(#16496,#16497,#16498,#16499,#16500,
#16501,#16502,#16503,#16504,#16505,#16506,#16507,#16508,#16509,#16510,#16511),
 .UNSPECIFIED.,.F.,.F.,(4,3,3,3,3,4),(0.743119165880909,0.872070603246724,
0.909383609430503,0.939989957308619,0.967298852503626,1.),.UNSPECIFIED.);
#6133=B_SPLINE_CURVE_WITH_KNOTS('',3,(#16514,#16515,#16516,#16517),
 .UNSPECIFIED.,.F.,.F.,(4,4),(0.71578633235741,0.743119165880909),
 .UNSPECIFIED.);
#6134=B_SPLINE_CURVE_WITH_KNOTS('',3,(#16519,#16520,#16521,#16522,#16523,
#16524,#16525,#16526,#16527,#16528,#16529,#16530,#16531,#16532,#16533,#16534,
#16535,#16536,#16537,#16538,#16539,#16540,#16541,#16542,#16543,#16544,#16545,
#16546,#16547,#16548),.UNSPECIFIED.,.F.,.F.,(4,3,3,3,3,2,3,3,3,3,4),(0.283923389953966,
0.412739516262733,0.436932745192543,0.456017765281505,0.475976041325095,
0.500409717548036,0.523406118699038,0.543695210818956,0.562639150416078,
0.586164291423975,0.71578633235741),.UNSPECIFIED.);
#6135=B_SPLINE_CURVE_WITH_KNOTS('',3,(#16550,#16551,#16552,#16553),
 .UNSPECIFIED.,.F.,.F.,(4,4),(0.256590556430467,0.283923389953966),
 .UNSPECIFIED.);
#6136=B_SPLINE_CURVE_WITH_KNOTS('',3,(#16555,#16556,#16557,#16558,#16559,
#16560,#16561,#16562,#16563,#16564,#16565,#16566,#16567,#16568,#16569),
 .UNSPECIFIED.,.F.,.F.,(4,3,3,2,3,4),(0.,0.0322938132501404,0.059674049885541,
0.0936559884818088,0.127637927078077,0.256590556430467),.UNSPECIFIED.);
#6137=B_SPLINE_CURVE_WITH_KNOTS('',3,(#16632,#16633,#16634,#16635,#16636,
#16637,#16638,#16639,#16640,#16641,#16642,#16643,#16644,#16645,#16646,#16647,
#16648,#16649,#16650,#16651,#16652,#16653,#16654,#16655,#16656,#16657,#16658,
#16659,#16660,#16661,#16662,#16663,#16664),.UNSPECIFIED.,.T.,.F.,(4,2,3,
3,2,3,3,3,2,3,2,3,4),(0.,0.0697032823229394,0.139406564645879,0.193683648307417,
0.24914798525703,0.306955885739724,0.361437245608011,0.423698463550631,
0.495136177253328,0.639454790794132,0.750811878042132,0.861384760450358,
1.),.UNSPECIFIED.);
#6138=B_SPLINE_CURVE_WITH_KNOTS('',3,(#16666,#16667,#16668,#16669,#16670,
#16671,#16672,#16673,#16674,#16675,#16676,#16677,#16678,#16679,#16680,#16681,
#16682,#16683,#16684,#16685,#16686,#16687,#16688,#16689,#16690,#16691,#16692,
#16693,#16694,#16695,#16696,#16697,#16698,#16699,#16700,#16701,#16702,#16703,
#16704,#16705,#16706,#16707,#16708),.UNSPECIFIED.,.T.,.F.,(4,2,2,3,3,3,
2,2,3,3,2,2,3,3,3,3,4),(0.,0.0690272691224329,0.138054538244866,0.205451241954958,
0.266468596069876,0.324003321265972,0.38167256091177,0.441071877746941,
0.500471194582112,0.561079688192304,0.628166729858259,0.697400556857524,
0.76663438385679,0.822811371811405,0.883365779885392,0.944461740199689,
1.),.UNSPECIFIED.);
#6139=B_SPLINE_CURVE_WITH_KNOTS('',3,(#16768,#16769,#16770,#16771,#16772,
#16773,#16774,#16775,#16776,#16777,#16778,#16779,#16780,#16781,#16782,#16783,
#16784,#16785,#16786,#16787,#16788,#16789,#16790,#16791,#16792,#16793,#16794,
#16795,#16796,#16797,#16798,#16799,#16800),.UNSPECIFIED.,.T.,.F.,(4,2,3,
3,2,3,3,3,2,3,2,3,4),(0.,0.0697032823229394,0.139406564645879,0.193683648307417,
0.24914798525703,0.306955885739724,0.361437245608011,0.423698463550631,
0.495136177253328,0.639454790794132,0.750811878042132,0.861384760450358,
1.),.UNSPECIFIED.);
#6140=B_SPLINE_CURVE_WITH_KNOTS('',3,(#16804,#16805,#16806,#16807,#16808,
#16809,#16810,#16811,#16812,#16813,#16814,#16815,#16816,#16817,#16818,#16819,
#16820,#16821,#16822,#16823,#16824,#16825,#16826,#16827,#16828,#16829,#16830,
#16831,#16832,#16833,#16834,#16835,#16836),.UNSPECIFIED.,.T.,.F.,(4,2,3,
3,2,3,3,3,2,3,2,3,4),(0.,0.0697032823229395,0.139406564645879,0.193683648307418,
0.24914798525703,0.306955885739724,0.361437245608012,0.423698463550631,
0.495136177253329,0.639454790794132,0.750811878042133,0.861384760450358,
1.),.UNSPECIFIED.);
#6141=B_SPLINE_CURVE_WITH_KNOTS('',3,(#16838,#16839,#16840,#16841,#16842,
#16843,#16844,#16845,#16846,#16847,#16848,#16849,#16850,#16851,#16852,#16853,
#16854,#16855,#16856,#16857,#16858,#16859,#16860,#16861,#16862,#16863,#16864,
#16865,#16866,#16867,#16868,#16869,#16870,#16871,#16872,#16873,#16874,#16875,
#16876,#16877,#16878,#16879,#16880),.UNSPECIFIED.,.T.,.F.,(4,2,2,3,3,3,
2,2,3,3,2,2,3,3,3,3,4),(0.,0.0690272691224329,0.138054538244866,0.205451241954958,
0.266468596069876,0.324003321265972,0.38167256091177,0.441071877746941,
0.500471194582113,0.561079688192304,0.628166729858259,0.697400556857524,
0.76663438385679,0.822811371811405,0.883365779885392,0.944461740199689,
1.),.UNSPECIFIED.);
#6142=B_SPLINE_CURVE_WITH_KNOTS('',3,(#16940,#16941,#16942,#16943,#16944,
#16945,#16946,#16947,#16948,#16949,#16950,#16951,#16952,#16953,#16954,#16955,
#16956,#16957,#16958,#16959,#16960,#16961,#16962,#16963,#16964,#16965,#16966,
#16967,#16968,#16969,#16970,#16971,#16972),.UNSPECIFIED.,.T.,.F.,(4,2,3,
3,2,3,3,3,2,3,2,3,4),(0.,0.0697032823229395,0.139406564645879,0.193683648307418,
0.24914798525703,0.306955885739724,0.361437245608012,0.423698463550631,
0.495136177253329,0.639454790794132,0.750811878042133,0.861384760450358,
1.),.UNSPECIFIED.);
#6143=EDGE_LOOP('',(#1863));
#6144=EDGE_LOOP('',(#1864,#1865,#1866,#1867,#1868));
#6145=EDGE_LOOP('',(#1869,#1870,#1871,#1872));
#6146=EDGE_LOOP('',(#1873,#1874,#1875,#1876));
#6147=EDGE_LOOP('',(#1877,#1878,#1879,#1880));
#6148=EDGE_LOOP('',(#1881,#1882,#1883,#1884));
#6149=EDGE_LOOP('',(#1885,#1886,#1887,#1888));
#6150=EDGE_LOOP('',(#1889,#1890,#1891,#1892));
#6151=EDGE_LOOP('',(#1893,#1894,#1895,#1896));
#6152=EDGE_LOOP('',(#1897,#1898,#1899,#1900));
#6153=EDGE_LOOP('',(#1901,#1902,#1903,#1904));
#6154=EDGE_LOOP('',(#1905,#1906,#1907,#1908));
#6155=EDGE_LOOP('',(#1909,#1910,#1911,#1912));
#6156=EDGE_LOOP('',(#1913,#1914,#1915,#1916));
#6157=EDGE_LOOP('',(#1917,#1918,#1919,#1920));
#6158=EDGE_LOOP('',(#1921,#1922,#1923,#1924));
#6159=EDGE_LOOP('',(#1925,#1926,#1927,#1928));
#6160=EDGE_LOOP('',(#1929,#1930,#1931,#1932));
#6161=EDGE_LOOP('',(#1933,#1934,#1935,#1936));
#6162=EDGE_LOOP('',(#1937,#1938,#1939,#1940));
#6163=EDGE_LOOP('',(#1941,#1942,#1943,#1944));
#6164=EDGE_LOOP('',(#1945,#1946,#1947,#1948));
#6165=EDGE_LOOP('',(#1949,#1950,#1951,#1952));
#6166=EDGE_LOOP('',(#1953,#1954,#1955,#1956));
#6167=EDGE_LOOP('',(#1957,#1958,#1959,#1960));
#6168=EDGE_LOOP('',(#1961,#1962,#1963,#1964,#1965,#1966,#1967,#1968,#1969,
#1970,#1971,#1972,#1973,#1974,#1975,#1976,#1977,#1978,#1979,#1980,#1981,
#1982,#1983,#1984,#1985,#1986,#1987,#1988));
#6169=EDGE_LOOP('',(#1989,#1990,#1991,#1992));
#6170=EDGE_LOOP('',(#1993,#1994,#1995,#1996));
#6171=EDGE_LOOP('',(#1997,#1998,#1999,#2000));
#6172=EDGE_LOOP('',(#2001,#2002,#2003,#2004));
#6173=EDGE_LOOP('',(#2005,#2006,#2007,#2008));
#6174=EDGE_LOOP('',(#2009,#2010,#2011,#2012));
#6175=EDGE_LOOP('',(#2013,#2014,#2015,#2016));
#6176=EDGE_LOOP('',(#2017,#2018,#2019,#2020,#2021,#2022,#2023,#2024));
#6177=EDGE_LOOP('',(#2025,#2026,#2027,#2028,#2029));
#6178=EDGE_LOOP('',(#2030,#2031,#2032,#2033));
#6179=EDGE_LOOP('',(#2034,#2035,#2036,#2037,#2038));
#6180=EDGE_LOOP('',(#2039,#2040,#2041,#2042));
#6181=EDGE_LOOP('',(#2043,#2044,#2045,#2046,#2047,#2048,#2049,#2050));
#6182=EDGE_LOOP('',(#2051,#2052,#2053,#2054,#2055,#2056,#2057,#2058,#2059,
#2060,#2061,#2062));
#6183=EDGE_LOOP('',(#2063,#2064,#2065,#2066,#2067,#2068,#2069,#2070,#2071,
#2072,#2073,#2074));
#6184=EDGE_LOOP('',(#2075,#2076,#2077,#2078,#2079));
#6185=EDGE_LOOP('',(#2080));
#6186=EDGE_LOOP('',(#2081,#2082,#2083,#2084));
#6187=EDGE_LOOP('',(#2085,#2086,#2087,#2088));
#6188=EDGE_LOOP('',(#2089,#2090,#2091,#2092,#2093,#2094,#2095,#2096));
#6189=EDGE_LOOP('',(#2097,#2098,#2099,#2100));
#6190=EDGE_LOOP('',(#2101,#2102,#2103,#2104,#2105,#2106,#2107,#2108));
#6191=EDGE_LOOP('',(#2109,#2110,#2111,#2112,#2113,#2114,#2115,#2116));
#6192=EDGE_LOOP('',(#2117,#2118,#2119,#2120));
#6193=EDGE_LOOP('',(#2121,#2122,#2123,#2124));
#6194=EDGE_LOOP('',(#2125,#2126,#2127,#2128));
#6195=EDGE_LOOP('',(#2129,#2130,#2131,#2132));
#6196=EDGE_LOOP('',(#2133,#2134,#2135,#2136));
#6197=EDGE_LOOP('',(#2137,#2138,#2139,#2140));
#6198=EDGE_LOOP('',(#2141,#2142,#2143,#2144));
#6199=EDGE_LOOP('',(#2145,#2146,#2147,#2148));
#6200=EDGE_LOOP('',(#2149,#2150,#2151,#2152));
#6201=EDGE_LOOP('',(#2153,#2154,#2155,#2156));
#6202=EDGE_LOOP('',(#2157,#2158,#2159,#2160));
#6203=EDGE_LOOP('',(#2161,#2162,#2163,#2164));
#6204=EDGE_LOOP('',(#2165,#2166,#2167,#2168));
#6205=EDGE_LOOP('',(#2169,#2170,#2171,#2172));
#6206=EDGE_LOOP('',(#2173,#2174,#2175,#2176));
#6207=EDGE_LOOP('',(#2177,#2178,#2179,#2180));
#6208=EDGE_LOOP('',(#2181,#2182,#2183,#2184));
#6209=EDGE_LOOP('',(#2185,#2186,#2187,#2188));
#6210=EDGE_LOOP('',(#2189,#2190,#2191,#2192));
#6211=EDGE_LOOP('',(#2193,#2194,#2195,#2196));
#6212=EDGE_LOOP('',(#2197,#2198,#2199,#2200));
#6213=EDGE_LOOP('',(#2201,#2202,#2203,#2204));
#6214=EDGE_LOOP('',(#2205,#2206,#2207,#2208));
#6215=EDGE_LOOP('',(#2209,#2210,#2211,#2212));
#6216=EDGE_LOOP('',(#2213,#2214,#2215,#2216));
#6217=EDGE_LOOP('',(#2217,#2218,#2219,#2220));
#6218=EDGE_LOOP('',(#2221,#2222,#2223,#2224,#2225,#2226,#2227,#2228,#2229,
#2230,#2231,#2232,#2233,#2234,#2235,#2236));
#6219=EDGE_LOOP('',(#2237,#2238,#2239,#2240,#2241,#2242,#2243,#2244,#2245,
#2246,#2247,#2248,#2249,#2250,#2251,#2252));
#6220=EDGE_LOOP('',(#2253,#2254,#2255,#2256));
#6221=EDGE_LOOP('',(#2257,#2258,#2259,#2260));
#6222=EDGE_LOOP('',(#2261,#2262,#2263,#2264));
#6223=EDGE_LOOP('',(#2265,#2266,#2267,#2268));
#6224=EDGE_LOOP('',(#2269,#2270,#2271,#2272));
#6225=EDGE_LOOP('',(#2273,#2274,#2275,#2276));
#6226=EDGE_LOOP('',(#2277,#2278,#2279,#2280));
#6227=EDGE_LOOP('',(#2281,#2282,#2283,#2284));
#6228=EDGE_LOOP('',(#2285,#2286,#2287,#2288,#2289,#2290,#2291,#2292,#2293,
#2294,#2295,#2296,#2297,#2298,#2299,#2300));
#6229=EDGE_LOOP('',(#2301,#2302,#2303,#2304,#2305,#2306,#2307,#2308,#2309,
#2310,#2311,#2312,#2313,#2314,#2315,#2316));
#6230=EDGE_LOOP('',(#2317,#2318,#2319,#2320));
#6231=EDGE_LOOP('',(#2321,#2322,#2323,#2324));
#6232=EDGE_LOOP('',(#2325,#2326,#2327,#2328));
#6233=EDGE_LOOP('',(#2329,#2330,#2331,#2332));
#6234=EDGE_LOOP('',(#2333,#2334,#2335,#2336));
#6235=EDGE_LOOP('',(#2337,#2338,#2339,#2340));
#6236=EDGE_LOOP('',(#2341,#2342,#2343,#2344));
#6237=EDGE_LOOP('',(#2345,#2346,#2347,#2348));
#6238=EDGE_LOOP('',(#2349,#2350,#2351,#2352));
#6239=EDGE_LOOP('',(#2353,#2354,#2355,#2356));
#6240=EDGE_LOOP('',(#2357,#2358,#2359,#2360));
#6241=EDGE_LOOP('',(#2361,#2362,#2363,#2364));
#6242=EDGE_LOOP('',(#2365,#2366,#2367,#2368));
#6243=EDGE_LOOP('',(#2369,#2370,#2371,#2372));
#6244=EDGE_LOOP('',(#2373,#2374,#2375,#2376));
#6245=EDGE_LOOP('',(#2377,#2378,#2379,#2380));
#6246=EDGE_LOOP('',(#2381,#2382,#2383,#2384));
#6247=EDGE_LOOP('',(#2385,#2386,#2387,#2388));
#6248=EDGE_LOOP('',(#2389,#2390,#2391,#2392));
#6249=EDGE_LOOP('',(#2393,#2394,#2395,#2396));
#6250=EDGE_LOOP('',(#2397,#2398,#2399,#2400));
#6251=EDGE_LOOP('',(#2401,#2402,#2403,#2404));
#6252=EDGE_LOOP('',(#2405,#2406,#2407,#2408));
#6253=EDGE_LOOP('',(#2409,#2410,#2411,#2412));
#6254=EDGE_LOOP('',(#2413,#2414,#2415,#2416));
#6255=EDGE_LOOP('',(#2417,#2418,#2419,#2420));
#6256=EDGE_LOOP('',(#2421,#2422,#2423,#2424));
#6257=EDGE_LOOP('',(#2425,#2426,#2427,#2428));
#6258=EDGE_LOOP('',(#2429,#2430,#2431,#2432));
#6259=EDGE_LOOP('',(#2433,#2434,#2435,#2436));
#6260=EDGE_LOOP('',(#2437,#2438,#2439,#2440));
#6261=EDGE_LOOP('',(#2441,#2442,#2443,#2444));
#6262=EDGE_LOOP('',(#2445,#2446,#2447,#2448,#2449,#2450,#2451,#2452,#2453,
#2454,#2455,#2456,#2457,#2458,#2459,#2460));
#6263=EDGE_LOOP('',(#2461,#2462,#2463,#2464,#2465,#2466,#2467,#2468,#2469,
#2470,#2471,#2472,#2473,#2474,#2475,#2476));
#6264=EDGE_LOOP('',(#2477,#2478,#2479,#2480));
#6265=EDGE_LOOP('',(#2481,#2482,#2483,#2484));
#6266=EDGE_LOOP('',(#2485,#2486,#2487,#2488));
#6267=EDGE_LOOP('',(#2489,#2490,#2491,#2492));
#6268=EDGE_LOOP('',(#2493,#2494,#2495,#2496));
#6269=EDGE_LOOP('',(#2497,#2498,#2499,#2500));
#6270=EDGE_LOOP('',(#2501,#2502,#2503,#2504));
#6271=EDGE_LOOP('',(#2505,#2506,#2507,#2508));
#6272=EDGE_LOOP('',(#2509,#2510,#2511,#2512,#2513,#2514,#2515,#2516,#2517,
#2518,#2519,#2520,#2521,#2522,#2523,#2524));
#6273=EDGE_LOOP('',(#2525,#2526,#2527,#2528,#2529,#2530,#2531,#2532,#2533,
#2534,#2535,#2536,#2537,#2538,#2539,#2540));
#6274=EDGE_LOOP('',(#2541,#2542,#2543,#2544));
#6275=EDGE_LOOP('',(#2545,#2546,#2547,#2548));
#6276=EDGE_LOOP('',(#2549,#2550,#2551,#2552));
#6277=EDGE_LOOP('',(#2553,#2554,#2555,#2556));
#6278=EDGE_LOOP('',(#2557,#2558,#2559,#2560));
#6279=EDGE_LOOP('',(#2561,#2562,#2563,#2564));
#6280=EDGE_LOOP('',(#2565,#2566,#2567,#2568));
#6281=EDGE_LOOP('',(#2569,#2570,#2571,#2572));
#6282=EDGE_LOOP('',(#2573,#2574,#2575,#2576,#2577,#2578,#2579,#2580,#2581,
#2582,#2583,#2584,#2585,#2586,#2587,#2588));
#6283=EDGE_LOOP('',(#2589,#2590,#2591,#2592,#2593,#2594,#2595,#2596,#2597,
#2598,#2599,#2600,#2601,#2602,#2603,#2604));
#6284=EDGE_LOOP('',(#2605,#2606,#2607,#2608));
#6285=EDGE_LOOP('',(#2609,#2610,#2611,#2612));
#6286=EDGE_LOOP('',(#2613,#2614,#2615,#2616));
#6287=EDGE_LOOP('',(#2617,#2618,#2619,#2620));
#6288=EDGE_LOOP('',(#2621,#2622,#2623,#2624));
#6289=EDGE_LOOP('',(#2625,#2626,#2627,#2628));
#6290=EDGE_LOOP('',(#2629,#2630,#2631,#2632));
#6291=EDGE_LOOP('',(#2633,#2634,#2635,#2636));
#6292=EDGE_LOOP('',(#2637,#2638,#2639,#2640));
#6293=EDGE_LOOP('',(#2641,#2642,#2643,#2644));
#6294=EDGE_LOOP('',(#2645,#2646,#2647,#2648));
#6295=EDGE_LOOP('',(#2649,#2650,#2651,#2652));
#6296=EDGE_LOOP('',(#2653,#2654,#2655,#2656));
#6297=EDGE_LOOP('',(#2657,#2658,#2659,#2660));
#6298=EDGE_LOOP('',(#2661,#2662,#2663,#2664));
#6299=EDGE_LOOP('',(#2665,#2666,#2667,#2668));
#6300=EDGE_LOOP('',(#2669,#2670,#2671,#2672));
#6301=EDGE_LOOP('',(#2673,#2674,#2675,#2676));
#6302=EDGE_LOOP('',(#2677,#2678,#2679,#2680));
#6303=EDGE_LOOP('',(#2681,#2682,#2683,#2684));
#6304=EDGE_LOOP('',(#2685,#2686,#2687,#2688));
#6305=EDGE_LOOP('',(#2689,#2690,#2691,#2692));
#6306=EDGE_LOOP('',(#2693,#2694,#2695,#2696));
#6307=EDGE_LOOP('',(#2697,#2698,#2699,#2700));
#6308=EDGE_LOOP('',(#2701,#2702,#2703,#2704));
#6309=EDGE_LOOP('',(#2705,#2706,#2707,#2708));
#6310=EDGE_LOOP('',(#2709,#2710,#2711,#2712));
#6311=EDGE_LOOP('',(#2713,#2714,#2715,#2716));
#6312=EDGE_LOOP('',(#2717,#2718,#2719,#2720));
#6313=EDGE_LOOP('',(#2721,#2722,#2723,#2724));
#6314=EDGE_LOOP('',(#2725,#2726,#2727,#2728));
#6315=EDGE_LOOP('',(#2729,#2730,#2731,#2732));
#6316=EDGE_LOOP('',(#2733,#2734,#2735,#2736,#2737,#2738,#2739,#2740,#2741,
#2742,#2743,#2744,#2745,#2746,#2747,#2748));
#6317=EDGE_LOOP('',(#2749,#2750,#2751,#2752,#2753,#2754,#2755,#2756,#2757,
#2758,#2759,#2760,#2761,#2762,#2763,#2764));
#6318=EDGE_LOOP('',(#2765,#2766,#2767,#2768));
#6319=EDGE_LOOP('',(#2769,#2770,#2771,#2772));
#6320=EDGE_LOOP('',(#2773,#2774,#2775,#2776));
#6321=EDGE_LOOP('',(#2777,#2778,#2779,#2780));
#6322=EDGE_LOOP('',(#2781,#2782,#2783,#2784));
#6323=EDGE_LOOP('',(#2785,#2786,#2787,#2788));
#6324=EDGE_LOOP('',(#2789,#2790,#2791,#2792));
#6325=EDGE_LOOP('',(#2793,#2794,#2795,#2796));
#6326=EDGE_LOOP('',(#2797,#2798,#2799,#2800,#2801,#2802,#2803,#2804,#2805,
#2806,#2807,#2808,#2809,#2810,#2811,#2812));
#6327=EDGE_LOOP('',(#2813,#2814,#2815,#2816,#2817,#2818,#2819,#2820,#2821,
#2822,#2823,#2824,#2825,#2826,#2827,#2828));
#6328=EDGE_LOOP('',(#2829,#2830,#2831,#2832));
#6329=EDGE_LOOP('',(#2833,#2834,#2835,#2836));
#6330=EDGE_LOOP('',(#2837,#2838,#2839,#2840));
#6331=EDGE_LOOP('',(#2841,#2842,#2843,#2844));
#6332=EDGE_LOOP('',(#2845,#2846,#2847,#2848));
#6333=EDGE_LOOP('',(#2849,#2850,#2851,#2852));
#6334=EDGE_LOOP('',(#2853,#2854,#2855,#2856));
#6335=EDGE_LOOP('',(#2857,#2858,#2859,#2860));
#6336=EDGE_LOOP('',(#2861,#2862,#2863,#2864,#2865,#2866,#2867,#2868,#2869,
#2870,#2871,#2872,#2873,#2874,#2875,#2876));
#6337=EDGE_LOOP('',(#2877,#2878,#2879,#2880,#2881,#2882,#2883,#2884,#2885,
#2886,#2887,#2888,#2889,#2890,#2891,#2892));
#6338=EDGE_LOOP('',(#2893,#2894,#2895,#2896));
#6339=EDGE_LOOP('',(#2897,#2898,#2899,#2900));
#6340=EDGE_LOOP('',(#2901));
#6341=EDGE_LOOP('',(#2902,#2903,#2904,#2905));
#6342=EDGE_LOOP('',(#2906,#2907,#2908,#2909));
#6343=EDGE_LOOP('',(#2910,#2911,#2912,#2913));
#6344=EDGE_LOOP('',(#2914,#2915,#2916,#2917));
#6345=EDGE_LOOP('',(#2918,#2919,#2920,#2921));
#6346=EDGE_LOOP('',(#2922,#2923,#2924,#2925));
#6347=EDGE_LOOP('',(#2926));
#6348=EDGE_LOOP('',(#2927,#2928,#2929,#2930,#2931));
#6349=EDGE_LOOP('',(#2932,#2933,#2934,#2935));
#6350=EDGE_LOOP('',(#2936));
#6351=EDGE_LOOP('',(#2937,#2938,#2939,#2940,#2941));
#6352=EDGE_LOOP('',(#2942,#2943,#2944,#2945));
#6353=EDGE_LOOP('',(#2946,#2947,#2948,#2949));
#6354=EDGE_LOOP('',(#2950,#2951,#2952,#2953));
#6355=EDGE_LOOP('',(#2954,#2955,#2956,#2957));
#6356=EDGE_LOOP('',(#2958,#2959,#2960,#2961));
#6357=EDGE_LOOP('',(#2962,#2963,#2964,#2965));
#6358=EDGE_LOOP('',(#2966));
#6359=EDGE_LOOP('',(#2967,#2968,#2969,#2970));
#6360=EDGE_LOOP('',(#2971,#2972,#2973,#2974));
#6361=EDGE_LOOP('',(#2975,#2976,#2977,#2978));
#6362=EDGE_LOOP('',(#2979,#2980,#2981,#2982));
#6363=EDGE_LOOP('',(#2983,#2984,#2985,#2986));
#6364=EDGE_LOOP('',(#2987));
#6365=EDGE_LOOP('',(#2988,#2989,#2990,#2991));
#6366=EDGE_LOOP('',(#2992,#2993,#2994,#2995));
#6367=EDGE_LOOP('',(#2996,#2997,#2998,#2999));
#6368=EDGE_LOOP('',(#3000,#3001,#3002,#3003));
#6369=EDGE_LOOP('',(#3004,#3005,#3006,#3007));
#6370=EDGE_LOOP('',(#3008));
#6371=EDGE_LOOP('',(#3009,#3010,#3011,#3012));
#6372=EDGE_LOOP('',(#3013,#3014,#3015,#3016));
#6373=EDGE_LOOP('',(#3017,#3018,#3019,#3020));
#6374=EDGE_LOOP('',(#3021,#3022,#3023,#3024));
#6375=EDGE_LOOP('',(#3025,#3026,#3027,#3028));
#6376=EDGE_LOOP('',(#3029,#3030,#3031,#3032));
#6377=EDGE_LOOP('',(#3033,#3034,#3035));
#6378=EDGE_LOOP('',(#3036,#3037,#3038,#3039,#3040,#3041));
#6379=EDGE_LOOP('',(#3042,#3043,#3044,#3045,#3046,#3047));
#6380=EDGE_LOOP('',(#3048,#3049,#3050,#3051,#3052,#3053));
#6381=EDGE_LOOP('',(#3054,#3055,#3056));
#6382=EDGE_LOOP('',(#3057,#3058,#3059,#3060));
#6383=EDGE_LOOP('',(#3061,#3062,#3063,#3064));
#6384=EDGE_LOOP('',(#3065,#3066,#3067,#3068));
#6385=EDGE_LOOP('',(#3069,#3070,#3071,#3072));
#6386=EDGE_LOOP('',(#3073,#3074,#3075,#3076));
#6387=EDGE_LOOP('',(#3077));
#6388=EDGE_LOOP('',(#3078));
#6389=EDGE_LOOP('',(#3079));
#6390=EDGE_LOOP('',(#3080,#3081,#3082,#3083));
#6391=EDGE_LOOP('',(#3084,#3085,#3086,#3087));
#6392=EDGE_LOOP('',(#3088,#3089,#3090,#3091));
#6393=EDGE_LOOP('',(#3092,#3093,#3094,#3095));
#6394=EDGE_LOOP('',(#3096,#3097,#3098,#3099));
#6395=EDGE_LOOP('',(#3100));
#6396=EDGE_LOOP('',(#3101));
#6397=EDGE_LOOP('',(#3102));
#6398=EDGE_LOOP('',(#3103,#3104,#3105,#3106));
#6399=EDGE_LOOP('',(#3107,#3108,#3109,#3110));
#6400=EDGE_LOOP('',(#3111,#3112,#3113,#3114));
#6401=EDGE_LOOP('',(#3115,#3116,#3117,#3118));
#6402=EDGE_LOOP('',(#3119,#3120,#3121,#3122));
#6403=EDGE_LOOP('',(#3123));
#6404=EDGE_LOOP('',(#3124));
#6405=EDGE_LOOP('',(#3125));
#6406=EDGE_LOOP('',(#3126,#3127,#3128,#3129));
#6407=EDGE_LOOP('',(#3130,#3131,#3132,#3133));
#6408=EDGE_LOOP('',(#3134,#3135,#3136,#3137));
#6409=EDGE_LOOP('',(#3138,#3139,#3140,#3141));
#6410=EDGE_LOOP('',(#3142,#3143,#3144,#3145));
#6411=EDGE_LOOP('',(#3146));
#6412=EDGE_LOOP('',(#3147));
#6413=EDGE_LOOP('',(#3148));
#6414=EDGE_LOOP('',(#3149,#3150,#3151,#3152));
#6415=EDGE_LOOP('',(#3153,#3154,#3155,#3156));
#6416=EDGE_LOOP('',(#3157,#3158,#3159,#3160));
#6417=EDGE_LOOP('',(#3161,#3162,#3163,#3164));
#6418=EDGE_LOOP('',(#3165,#3166,#3167,#3168));
#6419=EDGE_LOOP('',(#3169,#3170,#3171,#3172));
#6420=EDGE_LOOP('',(#3173,#3174,#3175,#3176,#3177));
#6421=EDGE_LOOP('',(#3178));
#6422=EDGE_LOOP('',(#3179));
#6423=EDGE_LOOP('',(#3180));
#6424=EDGE_LOOP('',(#3181,#3182,#3183,#3184));
#6425=EDGE_LOOP('',(#3185,#3186,#3187,#3188,#3189,#3190));
#6426=EDGE_LOOP('',(#3191,#3192,#3193,#3194));
#6427=EDGE_LOOP('',(#3195,#3196,#3197,#3198,#3199,#3200));
#6428=EDGE_LOOP('',(#3201,#3202,#3203,#3204));
#6429=EDGE_LOOP('',(#3205,#3206,#3207,#3208,#3209));
#6430=EDGE_LOOP('',(#3210));
#6431=EDGE_LOOP('',(#3211));
#6432=EDGE_LOOP('',(#3212));
#6433=EDGE_LOOP('',(#3213,#3214,#3215,#3216,#3217,#3218,#3219,#3220,#3221,
#3222,#3223,#3224,#3225,#3226,#3227,#3228));
#6434=EDGE_LOOP('',(#3229,#3230,#3231,#3232,#3233,#3234));
#6435=EDGE_LOOP('',(#3235,#3236,#3237,#3238));
#6436=EDGE_LOOP('',(#3239,#3240,#3241,#3242));
#6437=EDGE_LOOP('',(#3243,#3244,#3245,#3246));
#6438=EDGE_LOOP('',(#3247,#3248,#3249,#3250));
#6439=EDGE_LOOP('',(#3251,#3252,#3253,#3254));
#6440=EDGE_LOOP('',(#3255,#3256,#3257,#3258));
#6441=EDGE_LOOP('',(#3259,#3260,#3261,#3262));
#6442=EDGE_LOOP('',(#3263,#3264,#3265,#3266));
#6443=EDGE_LOOP('',(#3267,#3268,#3269,#3270));
#6444=EDGE_LOOP('',(#3271,#3272,#3273,#3274,#3275,#3276));
#6445=EDGE_LOOP('',(#3277,#3278,#3279,#3280));
#6446=EDGE_LOOP('',(#3281,#3282,#3283,#3284));
#6447=EDGE_LOOP('',(#3285,#3286,#3287,#3288));
#6448=EDGE_LOOP('',(#3289,#3290,#3291,#3292));
#6449=EDGE_LOOP('',(#3293,#3294,#3295,#3296,#3297,#3298,#3299,#3300,#3301,
#3302,#3303,#3304,#3305,#3306,#3307,#3308,#3309,#3310,#3311,#3312));
#6450=EDGE_LOOP('',(#3313,#3314,#3315,#3316));
#6451=EDGE_LOOP('',(#3317,#3318,#3319,#3320));
#6452=EDGE_LOOP('',(#3321,#3322,#3323,#3324));
#6453=EDGE_LOOP('',(#3325,#3326,#3327,#3328));
#6454=EDGE_LOOP('',(#3329,#3330,#3331,#3332));
#6455=EDGE_LOOP('',(#3333,#3334,#3335,#3336));
#6456=EDGE_LOOP('',(#3337,#3338,#3339,#3340));
#6457=EDGE_LOOP('',(#3341,#3342,#3343,#3344));
#6458=EDGE_LOOP('',(#3345,#3346,#3347,#3348));
#6459=EDGE_LOOP('',(#3349,#3350,#3351,#3352));
#6460=EDGE_LOOP('',(#3353,#3354,#3355,#3356));
#6461=EDGE_LOOP('',(#3357,#3358,#3359,#3360));
#6462=EDGE_LOOP('',(#3361,#3362,#3363,#3364));
#6463=EDGE_LOOP('',(#3365,#3366,#3367,#3368));
#6464=EDGE_LOOP('',(#3369,#3370,#3371,#3372));
#6465=EDGE_LOOP('',(#3373,#3374,#3375,#3376));
#6466=EDGE_LOOP('',(#3377,#3378,#3379,#3380));
#6467=EDGE_LOOP('',(#3381,#3382,#3383,#3384));
#6468=EDGE_LOOP('',(#3385,#3386,#3387,#3388));
#6469=EDGE_LOOP('',(#3389,#3390,#3391,#3392));
#6470=EDGE_LOOP('',(#3393,#3394,#3395,#3396));
#6471=EDGE_LOOP('',(#3397,#3398,#3399,#3400));
#6472=EDGE_LOOP('',(#3401,#3402,#3403,#3404));
#6473=EDGE_LOOP('',(#3405,#3406,#3407,#3408));
#6474=EDGE_LOOP('',(#3409,#3410,#3411,#3412));
#6475=EDGE_LOOP('',(#3413,#3414,#3415,#3416));
#6476=EDGE_LOOP('',(#3417,#3418,#3419,#3420));
#6477=EDGE_LOOP('',(#3421,#3422,#3423,#3424));
#6478=EDGE_LOOP('',(#3425,#3426,#3427,#3428,#3429,#3430,#3431,#3432,#3433,
#3434,#3435,#3436,#3437,#3438,#3439,#3440));
#6479=EDGE_LOOP('',(#3441,#3442,#3443,#3444,#3445,#3446,#3447,#3448,#3449,
#3450,#3451,#3452,#3453,#3454,#3455,#3456));
#6480=EDGE_LOOP('',(#3457,#3458,#3459,#3460));
#6481=EDGE_LOOP('',(#3461,#3462,#3463,#3464));
#6482=EDGE_LOOP('',(#3465,#3466,#3467,#3468));
#6483=EDGE_LOOP('',(#3469,#3470,#3471,#3472));
#6484=EDGE_LOOP('',(#3473,#3474,#3475,#3476));
#6485=EDGE_LOOP('',(#3477,#3478,#3479,#3480));
#6486=EDGE_LOOP('',(#3481,#3482,#3483,#3484));
#6487=EDGE_LOOP('',(#3485,#3486,#3487,#3488));
#6488=EDGE_LOOP('',(#3489,#3490,#3491,#3492,#3493,#3494,#3495,#3496,#3497,
#3498,#3499,#3500,#3501,#3502,#3503,#3504));
#6489=EDGE_LOOP('',(#3505,#3506,#3507,#3508,#3509,#3510,#3511,#3512,#3513,
#3514,#3515,#3516,#3517,#3518,#3519,#3520));
#6490=EDGE_LOOP('',(#3521,#3522,#3523,#3524));
#6491=EDGE_LOOP('',(#3525,#3526,#3527,#3528));
#6492=EDGE_LOOP('',(#3529,#3530,#3531,#3532));
#6493=EDGE_LOOP('',(#3533,#3534,#3535,#3536));
#6494=EDGE_LOOP('',(#3537,#3538,#3539,#3540));
#6495=EDGE_LOOP('',(#3541,#3542,#3543,#3544));
#6496=EDGE_LOOP('',(#3545,#3546,#3547,#3548));
#6497=EDGE_LOOP('',(#3549,#3550,#3551,#3552));
#6498=EDGE_LOOP('',(#3553,#3554,#3555,#3556,#3557,#3558,#3559,#3560,#3561,
#3562,#3563,#3564,#3565,#3566,#3567,#3568));
#6499=EDGE_LOOP('',(#3569,#3570,#3571,#3572,#3573,#3574,#3575,#3576,#3577,
#3578,#3579,#3580,#3581,#3582,#3583,#3584));
#6500=EDGE_LOOP('',(#3585,#3586,#3587,#3588));
#6501=EDGE_LOOP('',(#3589,#3590,#3591,#3592));
#6502=EDGE_LOOP('',(#3593,#3594,#3595,#3596));
#6503=EDGE_LOOP('',(#3597,#3598,#3599,#3600));
#6504=EDGE_LOOP('',(#3601,#3602,#3603,#3604));
#6505=EDGE_LOOP('',(#3605,#3606,#3607,#3608));
#6506=EDGE_LOOP('',(#3609,#3610,#3611,#3612));
#6507=EDGE_LOOP('',(#3613,#3614,#3615,#3616));
#6508=EDGE_LOOP('',(#3617,#3618,#3619,#3620));
#6509=EDGE_LOOP('',(#3621,#3622,#3623,#3624));
#6510=EDGE_LOOP('',(#3625,#3626,#3627,#3628));
#6511=EDGE_LOOP('',(#3629,#3630,#3631,#3632));
#6512=EDGE_LOOP('',(#3633,#3634,#3635,#3636));
#6513=EDGE_LOOP('',(#3637,#3638,#3639,#3640,#3641,#3642,#3643,#3644));
#6514=EDGE_LOOP('',(#3645,#3646,#3647,#3648));
#6515=EDGE_LOOP('',(#3649,#3650,#3651,#3652));
#6516=EDGE_LOOP('',(#3653,#3654,#3655,#3656));
#6517=EDGE_LOOP('',(#3657,#3658,#3659,#3660));
#6518=EDGE_LOOP('',(#3661,#3662,#3663,#3664));
#6519=EDGE_LOOP('',(#3665,#3666,#3667,#3668));
#6520=EDGE_LOOP('',(#3669,#3670,#3671,#3672));
#6521=EDGE_LOOP('',(#3673,#3674,#3675,#3676));
#6522=EDGE_LOOP('',(#3677,#3678,#3679));
#6523=EDGE_LOOP('',(#3680,#3681,#3682));
#6524=EDGE_LOOP('',(#3683,#3684,#3685,#3686,#3687));
#6525=EDGE_LOOP('',(#3688,#3689,#3690,#3691));
#6526=EDGE_LOOP('',(#3692,#3693,#3694,#3695));
#6527=EDGE_LOOP('',(#3696,#3697,#3698,#3699));
#6528=EDGE_LOOP('',(#3700,#3701,#3702,#3703));
#6529=EDGE_LOOP('',(#3704,#3705,#3706,#3707));
#6530=EDGE_LOOP('',(#3708,#3709,#3710,#3711));
#6531=EDGE_LOOP('',(#3712,#3713,#3714,#3715));
#6532=EDGE_LOOP('',(#3716,#3717,#3718,#3719));
#6533=EDGE_LOOP('',(#3720,#3721,#3722,#3723));
#6534=EDGE_LOOP('',(#3724,#3725,#3726,#3727));
#6535=EDGE_LOOP('',(#3728,#3729,#3730,#3731));
#6536=EDGE_LOOP('',(#3732,#3733,#3734));
#6537=EDGE_LOOP('',(#3735,#3736,#3737));
#6538=EDGE_LOOP('',(#3738,#3739,#3740));
#6539=EDGE_LOOP('',(#3741,#3742,#3743,#3744,#3745));
#6540=EDGE_LOOP('',(#3746,#3747,#3748,#3749));
#6541=EDGE_LOOP('',(#3750,#3751,#3752,#3753));
#6542=EDGE_LOOP('',(#3754,#3755,#3756,#3757));
#6543=EDGE_LOOP('',(#3758,#3759,#3760,#3761));
#6544=EDGE_LOOP('',(#3762,#3763,#3764,#3765));
#6545=EDGE_LOOP('',(#3766,#3767,#3768,#3769));
#6546=EDGE_LOOP('',(#3770,#3771,#3772,#3773));
#6547=EDGE_LOOP('',(#3774,#3775,#3776,#3777));
#6548=EDGE_LOOP('',(#3778,#3779,#3780,#3781));
#6549=EDGE_LOOP('',(#3782,#3783,#3784,#3785));
#6550=EDGE_LOOP('',(#3786,#3787,#3788,#3789));
#6551=EDGE_LOOP('',(#3790,#3791,#3792));
#6552=EDGE_LOOP('',(#3793,#3794,#3795,#3796));
#6553=EDGE_LOOP('',(#3797,#3798,#3799,#3800));
#6554=EDGE_LOOP('',(#3801,#3802,#3803,#3804));
#6555=EDGE_LOOP('',(#3805,#3806,#3807,#3808));
#6556=EDGE_LOOP('',(#3809,#3810,#3811,#3812));
#6557=EDGE_LOOP('',(#3813,#3814,#3815,#3816,#3817));
#6558=EDGE_LOOP('',(#3818,#3819,#3820,#3821));
#6559=EDGE_LOOP('',(#3822,#3823,#3824,#3825));
#6560=EDGE_LOOP('',(#3826,#3827,#3828,#3829));
#6561=EDGE_LOOP('',(#3830,#3831,#3832,#3833));
#6562=EDGE_LOOP('',(#3834,#3835,#3836,#3837));
#6563=EDGE_LOOP('',(#3838,#3839,#3840,#3841));
#6564=EDGE_LOOP('',(#3842,#3843,#3844,#3845));
#6565=EDGE_LOOP('',(#3846,#3847,#3848,#3849));
#6566=EDGE_LOOP('',(#3850,#3851,#3852,#3853));
#6567=EDGE_LOOP('',(#3854,#3855,#3856,#3857));
#6568=EDGE_LOOP('',(#3858,#3859,#3860,#3861,#3862,#3863,#3864,#3865));
#6569=EDGE_LOOP('',(#3866,#3867,#3868,#3869));
#6570=EDGE_LOOP('',(#3870,#3871,#3872,#3873));
#6571=EDGE_LOOP('',(#3874,#3875,#3876,#3877));
#6572=EDGE_LOOP('',(#3878,#3879,#3880,#3881));
#6573=EDGE_LOOP('',(#3882,#3883,#3884,#3885));
#6574=EDGE_LOOP('',(#3886,#3887,#3888,#3889));
#6575=EDGE_LOOP('',(#3890,#3891,#3892,#3893));
#6576=EDGE_LOOP('',(#3894,#3895,#3896,#3897));
#6577=EDGE_LOOP('',(#3898,#3899,#3900,#3901,#3902,#3903,#3904,#3905,#3906,
#3907,#3908,#3909));
#6578=EDGE_LOOP('',(#3910,#3911,#3912,#3913));
#6579=EDGE_LOOP('',(#3914,#3915,#3916,#3917));
#6580=EDGE_LOOP('',(#3918,#3919,#3920,#3921));
#6581=EDGE_LOOP('',(#3922,#3923,#3924,#3925));
#6582=EDGE_LOOP('',(#3926,#3927,#3928,#3929));
#6583=EDGE_LOOP('',(#3930,#3931,#3932,#3933));
#6584=EDGE_LOOP('',(#3934,#3935,#3936,#3937));
#6585=EDGE_LOOP('',(#3938,#3939,#3940,#3941));
#6586=EDGE_LOOP('',(#3942,#3943,#3944,#3945));
#6587=EDGE_LOOP('',(#3946,#3947,#3948,#3949));
#6588=EDGE_LOOP('',(#3950,#3951,#3952,#3953));
#6589=EDGE_LOOP('',(#3954,#3955,#3956,#3957));
#6590=EDGE_LOOP('',(#3958,#3959,#3960,#3961,#3962,#3963,#3964,#3965,#3966,
#3967,#3968,#3969));
#6591=EDGE_LOOP('',(#3970,#3971,#3972,#3973));
#6592=EDGE_LOOP('',(#3974,#3975,#3976,#3977));
#6593=EDGE_LOOP('',(#3978,#3979,#3980,#3981));
#6594=EDGE_LOOP('',(#3982,#3983,#3984,#3985));
#6595=EDGE_LOOP('',(#3986,#3987,#3988,#3989));
#6596=EDGE_LOOP('',(#3990,#3991,#3992,#3993));
#6597=EDGE_LOOP('',(#3994,#3995,#3996,#3997));
#6598=EDGE_LOOP('',(#3998,#3999,#4000,#4001));
#6599=EDGE_LOOP('',(#4002,#4003,#4004,#4005));
#6600=EDGE_LOOP('',(#4006,#4007,#4008,#4009));
#6601=EDGE_LOOP('',(#4010,#4011,#4012,#4013));
#6602=EDGE_LOOP('',(#4014,#4015,#4016,#4017));
#6603=EDGE_LOOP('',(#4018,#4019,#4020,#4021,#4022));
#6604=EDGE_LOOP('',(#4023,#4024,#4025,#4026));
#6605=EDGE_LOOP('',(#4027,#4028,#4029,#4030));
#6606=EDGE_LOOP('',(#4031,#4032,#4033,#4034));
#6607=EDGE_LOOP('',(#4035,#4036,#4037,#4038));
#6608=EDGE_LOOP('',(#4039,#4040,#4041,#4042));
#6609=EDGE_LOOP('',(#4043));
#6610=EDGE_LOOP('',(#4044));
#6611=EDGE_LOOP('',(#4045));
#6612=EDGE_LOOP('',(#4046));
#6613=EDGE_LOOP('',(#4047));
#6614=EDGE_LOOP('',(#4048));
#6615=EDGE_LOOP('',(#4049));
#6616=EDGE_LOOP('',(#4050));
#6617=EDGE_LOOP('',(#4051));
#6618=EDGE_LOOP('',(#4052));
#6619=EDGE_LOOP('',(#4053));
#6620=EDGE_LOOP('',(#4054));
#6621=EDGE_LOOP('',(#4055));
#6622=EDGE_LOOP('',(#4056));
#6623=EDGE_LOOP('',(#4057,#4058,#4059));
#6624=EDGE_LOOP('',(#4060,#4061,#4062));
#6625=EDGE_LOOP('',(#4063,#4064,#4065,#4066));
#6626=EDGE_LOOP('',(#4067,#4068,#4069,#4070));
#6627=EDGE_LOOP('',(#4071,#4072,#4073,#4074));
#6628=EDGE_LOOP('',(#4075,#4076,#4077,#4078));
#6629=EDGE_LOOP('',(#4079,#4080,#4081,#4082));
#6630=EDGE_LOOP('',(#4083,#4084,#4085,#4086));
#6631=EDGE_LOOP('',(#4087,#4088,#4089,#4090));
#6632=EDGE_LOOP('',(#4091,#4092,#4093,#4094));
#6633=EDGE_LOOP('',(#4095,#4096,#4097,#4098));
#6634=EDGE_LOOP('',(#4099,#4100,#4101,#4102));
#6635=FACE_BOUND('',#6143,.T.);
#6636=FACE_BOUND('',#6144,.T.);
#6637=FACE_BOUND('',#6145,.T.);
#6638=FACE_BOUND('',#6146,.T.);
#6639=FACE_BOUND('',#6147,.T.);
#6640=FACE_BOUND('',#6148,.T.);
#6641=FACE_BOUND('',#6149,.T.);
#6642=FACE_BOUND('',#6150,.T.);
#6643=FACE_BOUND('',#6151,.T.);
#6644=FACE_BOUND('',#6152,.T.);
#6645=FACE_BOUND('',#6153,.T.);
#6646=FACE_BOUND('',#6154,.T.);
#6647=FACE_BOUND('',#6155,.T.);
#6648=FACE_BOUND('',#6156,.T.);
#6649=FACE_BOUND('',#6157,.T.);
#6650=FACE_BOUND('',#6158,.T.);
#6651=FACE_BOUND('',#6159,.T.);
#6652=FACE_BOUND('',#6160,.T.);
#6653=FACE_BOUND('',#6161,.T.);
#6654=FACE_BOUND('',#6162,.T.);
#6655=FACE_BOUND('',#6163,.T.);
#6656=FACE_BOUND('',#6164,.T.);
#6657=FACE_BOUND('',#6165,.T.);
#6658=FACE_BOUND('',#6166,.T.);
#6659=FACE_BOUND('',#6167,.T.);
#6660=FACE_BOUND('',#6168,.T.);
#6661=FACE_BOUND('',#6169,.T.);
#6662=FACE_BOUND('',#6170,.T.);
#6663=FACE_BOUND('',#6171,.T.);
#6664=FACE_BOUND('',#6172,.T.);
#6665=FACE_BOUND('',#6173,.T.);
#6666=FACE_BOUND('',#6174,.T.);
#6667=FACE_BOUND('',#6175,.T.);
#6668=FACE_BOUND('',#6176,.T.);
#6669=FACE_BOUND('',#6177,.T.);
#6670=FACE_BOUND('',#6178,.T.);
#6671=FACE_BOUND('',#6179,.T.);
#6672=FACE_BOUND('',#6180,.T.);
#6673=FACE_BOUND('',#6181,.T.);
#6674=FACE_BOUND('',#6182,.T.);
#6675=FACE_BOUND('',#6183,.T.);
#6676=FACE_BOUND('',#6184,.T.);
#6677=FACE_BOUND('',#6185,.T.);
#6678=FACE_BOUND('',#6186,.T.);
#6679=FACE_BOUND('',#6187,.T.);
#6680=FACE_BOUND('',#6188,.T.);
#6681=FACE_BOUND('',#6189,.T.);
#6682=FACE_BOUND('',#6190,.T.);
#6683=FACE_BOUND('',#6191,.T.);
#6684=FACE_BOUND('',#6192,.T.);
#6685=FACE_BOUND('',#6193,.T.);
#6686=FACE_BOUND('',#6194,.T.);
#6687=FACE_BOUND('',#6195,.T.);
#6688=FACE_BOUND('',#6196,.T.);
#6689=FACE_BOUND('',#6197,.T.);
#6690=FACE_BOUND('',#6198,.T.);
#6691=FACE_BOUND('',#6199,.T.);
#6692=FACE_BOUND('',#6200,.T.);
#6693=FACE_BOUND('',#6201,.T.);
#6694=FACE_BOUND('',#6202,.T.);
#6695=FACE_BOUND('',#6203,.T.);
#6696=FACE_BOUND('',#6204,.T.);
#6697=FACE_BOUND('',#6205,.T.);
#6698=FACE_BOUND('',#6206,.T.);
#6699=FACE_BOUND('',#6207,.T.);
#6700=FACE_BOUND('',#6208,.T.);
#6701=FACE_BOUND('',#6209,.T.);
#6702=FACE_BOUND('',#6210,.T.);
#6703=FACE_BOUND('',#6211,.T.);
#6704=FACE_BOUND('',#6212,.T.);
#6705=FACE_BOUND('',#6213,.T.);
#6706=FACE_BOUND('',#6214,.T.);
#6707=FACE_BOUND('',#6215,.T.);
#6708=FACE_BOUND('',#6216,.T.);
#6709=FACE_BOUND('',#6217,.T.);
#6710=FACE_BOUND('',#6218,.T.);
#6711=FACE_BOUND('',#6219,.T.);
#6712=FACE_BOUND('',#6220,.T.);
#6713=FACE_BOUND('',#6221,.T.);
#6714=FACE_BOUND('',#6222,.T.);
#6715=FACE_BOUND('',#6223,.T.);
#6716=FACE_BOUND('',#6224,.T.);
#6717=FACE_BOUND('',#6225,.T.);
#6718=FACE_BOUND('',#6226,.T.);
#6719=FACE_BOUND('',#6227,.T.);
#6720=FACE_BOUND('',#6228,.T.);
#6721=FACE_BOUND('',#6229,.T.);
#6722=FACE_BOUND('',#6230,.T.);
#6723=FACE_BOUND('',#6231,.T.);
#6724=FACE_BOUND('',#6232,.T.);
#6725=FACE_BOUND('',#6233,.T.);
#6726=FACE_BOUND('',#6234,.T.);
#6727=FACE_BOUND('',#6235,.T.);
#6728=FACE_BOUND('',#6236,.T.);
#6729=FACE_BOUND('',#6237,.T.);
#6730=FACE_BOUND('',#6238,.T.);
#6731=FACE_BOUND('',#6239,.T.);
#6732=FACE_BOUND('',#6240,.T.);
#6733=FACE_BOUND('',#6241,.T.);
#6734=FACE_BOUND('',#6242,.T.);
#6735=FACE_BOUND('',#6243,.T.);
#6736=FACE_BOUND('',#6244,.T.);
#6737=FACE_BOUND('',#6245,.T.);
#6738=FACE_BOUND('',#6246,.T.);
#6739=FACE_BOUND('',#6247,.T.);
#6740=FACE_BOUND('',#6248,.T.);
#6741=FACE_BOUND('',#6249,.T.);
#6742=FACE_BOUND('',#6250,.T.);
#6743=FACE_BOUND('',#6251,.T.);
#6744=FACE_BOUND('',#6252,.T.);
#6745=FACE_BOUND('',#6253,.T.);
#6746=FACE_BOUND('',#6254,.T.);
#6747=FACE_BOUND('',#6255,.T.);
#6748=FACE_BOUND('',#6256,.T.);
#6749=FACE_BOUND('',#6257,.T.);
#6750=FACE_BOUND('',#6258,.T.);
#6751=FACE_BOUND('',#6259,.T.);
#6752=FACE_BOUND('',#6260,.T.);
#6753=FACE_BOUND('',#6261,.T.);
#6754=FACE_BOUND('',#6262,.T.);
#6755=FACE_BOUND('',#6263,.T.);
#6756=FACE_BOUND('',#6264,.T.);
#6757=FACE_BOUND('',#6265,.T.);
#6758=FACE_BOUND('',#6266,.T.);
#6759=FACE_BOUND('',#6267,.T.);
#6760=FACE_BOUND('',#6268,.T.);
#6761=FACE_BOUND('',#6269,.T.);
#6762=FACE_BOUND('',#6270,.T.);
#6763=FACE_BOUND('',#6271,.T.);
#6764=FACE_BOUND('',#6272,.T.);
#6765=FACE_BOUND('',#6273,.T.);
#6766=FACE_BOUND('',#6274,.T.);
#6767=FACE_BOUND('',#6275,.T.);
#6768=FACE_BOUND('',#6276,.T.);
#6769=FACE_BOUND('',#6277,.T.);
#6770=FACE_BOUND('',#6278,.T.);
#6771=FACE_BOUND('',#6279,.T.);
#6772=FACE_BOUND('',#6280,.T.);
#6773=FACE_BOUND('',#6281,.T.);
#6774=FACE_BOUND('',#6282,.T.);
#6775=FACE_BOUND('',#6283,.T.);
#6776=FACE_BOUND('',#6284,.T.);
#6777=FACE_BOUND('',#6285,.T.);
#6778=FACE_BOUND('',#6286,.T.);
#6779=FACE_BOUND('',#6287,.T.);
#6780=FACE_BOUND('',#6288,.T.);
#6781=FACE_BOUND('',#6289,.T.);
#6782=FACE_BOUND('',#6290,.T.);
#6783=FACE_BOUND('',#6291,.T.);
#6784=FACE_BOUND('',#6292,.T.);
#6785=FACE_BOUND('',#6293,.T.);
#6786=FACE_BOUND('',#6294,.T.);
#6787=FACE_BOUND('',#6295,.T.);
#6788=FACE_BOUND('',#6296,.T.);
#6789=FACE_BOUND('',#6297,.T.);
#6790=FACE_BOUND('',#6298,.T.);
#6791=FACE_BOUND('',#6299,.T.);
#6792=FACE_BOUND('',#6300,.T.);
#6793=FACE_BOUND('',#6301,.T.);
#6794=FACE_BOUND('',#6302,.T.);
#6795=FACE_BOUND('',#6303,.T.);
#6796=FACE_BOUND('',#6304,.T.);
#6797=FACE_BOUND('',#6305,.T.);
#6798=FACE_BOUND('',#6306,.T.);
#6799=FACE_BOUND('',#6307,.T.);
#6800=FACE_BOUND('',#6308,.T.);
#6801=FACE_BOUND('',#6309,.T.);
#6802=FACE_BOUND('',#6310,.T.);
#6803=FACE_BOUND('',#6311,.T.);
#6804=FACE_BOUND('',#6312,.T.);
#6805=FACE_BOUND('',#6313,.T.);
#6806=FACE_BOUND('',#6314,.T.);
#6807=FACE_BOUND('',#6315,.T.);
#6808=FACE_BOUND('',#6316,.T.);
#6809=FACE_BOUND('',#6317,.T.);
#6810=FACE_BOUND('',#6318,.T.);
#6811=FACE_BOUND('',#6319,.T.);
#6812=FACE_BOUND('',#6320,.T.);
#6813=FACE_BOUND('',#6321,.T.);
#6814=FACE_BOUND('',#6322,.T.);
#6815=FACE_BOUND('',#6323,.T.);
#6816=FACE_BOUND('',#6324,.T.);
#6817=FACE_BOUND('',#6325,.T.);
#6818=FACE_BOUND('',#6326,.T.);
#6819=FACE_BOUND('',#6327,.T.);
#6820=FACE_BOUND('',#6328,.T.);
#6821=FACE_BOUND('',#6329,.T.);
#6822=FACE_BOUND('',#6330,.T.);
#6823=FACE_BOUND('',#6331,.T.);
#6824=FACE_BOUND('',#6332,.T.);
#6825=FACE_BOUND('',#6333,.T.);
#6826=FACE_BOUND('',#6334,.T.);
#6827=FACE_BOUND('',#6335,.T.);
#6828=FACE_BOUND('',#6336,.T.);
#6829=FACE_BOUND('',#6337,.T.);
#6830=FACE_BOUND('',#6338,.T.);
#6831=FACE_BOUND('',#6339,.T.);
#6832=FACE_BOUND('',#6340,.T.);
#6833=FACE_BOUND('',#6341,.T.);
#6834=FACE_BOUND('',#6342,.T.);
#6835=FACE_BOUND('',#6343,.T.);
#6836=FACE_BOUND('',#6344,.T.);
#6837=FACE_BOUND('',#6345,.T.);
#6838=FACE_BOUND('',#6346,.T.);
#6839=FACE_BOUND('',#6347,.T.);
#6840=FACE_BOUND('',#6348,.T.);
#6841=FACE_BOUND('',#6349,.T.);
#6842=FACE_BOUND('',#6350,.T.);
#6843=FACE_BOUND('',#6351,.T.);
#6844=FACE_BOUND('',#6352,.T.);
#6845=FACE_BOUND('',#6353,.T.);
#6846=FACE_BOUND('',#6354,.T.);
#6847=FACE_BOUND('',#6355,.T.);
#6848=FACE_BOUND('',#6356,.T.);
#6849=FACE_BOUND('',#6357,.T.);
#6850=FACE_BOUND('',#6358,.T.);
#6851=FACE_BOUND('',#6359,.T.);
#6852=FACE_BOUND('',#6360,.T.);
#6853=FACE_BOUND('',#6361,.T.);
#6854=FACE_BOUND('',#6362,.T.);
#6855=FACE_BOUND('',#6363,.T.);
#6856=FACE_BOUND('',#6364,.T.);
#6857=FACE_BOUND('',#6365,.T.);
#6858=FACE_BOUND('',#6366,.T.);
#6859=FACE_BOUND('',#6367,.T.);
#6860=FACE_BOUND('',#6368,.T.);
#6861=FACE_BOUND('',#6369,.T.);
#6862=FACE_BOUND('',#6370,.T.);
#6863=FACE_BOUND('',#6371,.T.);
#6864=FACE_BOUND('',#6372,.T.);
#6865=FACE_BOUND('',#6373,.T.);
#6866=FACE_BOUND('',#6374,.T.);
#6867=FACE_BOUND('',#6375,.T.);
#6868=FACE_BOUND('',#6376,.T.);
#6869=FACE_BOUND('',#6377,.T.);
#6870=FACE_BOUND('',#6378,.T.);
#6871=FACE_BOUND('',#6379,.T.);
#6872=FACE_BOUND('',#6380,.T.);
#6873=FACE_BOUND('',#6381,.T.);
#6874=FACE_BOUND('',#6382,.T.);
#6875=FACE_BOUND('',#6383,.T.);
#6876=FACE_BOUND('',#6384,.T.);
#6877=FACE_BOUND('',#6385,.T.);
#6878=FACE_BOUND('',#6386,.T.);
#6879=FACE_BOUND('',#6387,.T.);
#6880=FACE_BOUND('',#6388,.T.);
#6881=FACE_BOUND('',#6389,.T.);
#6882=FACE_BOUND('',#6390,.T.);
#6883=FACE_BOUND('',#6391,.T.);
#6884=FACE_BOUND('',#6392,.T.);
#6885=FACE_BOUND('',#6393,.T.);
#6886=FACE_BOUND('',#6394,.T.);
#6887=FACE_BOUND('',#6395,.T.);
#6888=FACE_BOUND('',#6396,.T.);
#6889=FACE_BOUND('',#6397,.T.);
#6890=FACE_BOUND('',#6398,.T.);
#6891=FACE_BOUND('',#6399,.T.);
#6892=FACE_BOUND('',#6400,.T.);
#6893=FACE_BOUND('',#6401,.T.);
#6894=FACE_BOUND('',#6402,.T.);
#6895=FACE_BOUND('',#6403,.T.);
#6896=FACE_BOUND('',#6404,.T.);
#6897=FACE_BOUND('',#6405,.T.);
#6898=FACE_BOUND('',#6406,.T.);
#6899=FACE_BOUND('',#6407,.T.);
#6900=FACE_BOUND('',#6408,.T.);
#6901=FACE_BOUND('',#6409,.T.);
#6902=FACE_BOUND('',#6410,.T.);
#6903=FACE_BOUND('',#6411,.T.);
#6904=FACE_BOUND('',#6412,.T.);
#6905=FACE_BOUND('',#6413,.T.);
#6906=FACE_BOUND('',#6414,.T.);
#6907=FACE_BOUND('',#6415,.T.);
#6908=FACE_BOUND('',#6416,.T.);
#6909=FACE_BOUND('',#6417,.T.);
#6910=FACE_BOUND('',#6418,.T.);
#6911=FACE_BOUND('',#6419,.T.);
#6912=FACE_BOUND('',#6420,.T.);
#6913=FACE_BOUND('',#6421,.T.);
#6914=FACE_BOUND('',#6422,.T.);
#6915=FACE_BOUND('',#6423,.T.);
#6916=FACE_BOUND('',#6424,.T.);
#6917=FACE_BOUND('',#6425,.T.);
#6918=FACE_BOUND('',#6426,.T.);
#6919=FACE_BOUND('',#6427,.T.);
#6920=FACE_BOUND('',#6428,.T.);
#6921=FACE_BOUND('',#6429,.T.);
#6922=FACE_BOUND('',#6430,.T.);
#6923=FACE_BOUND('',#6431,.T.);
#6924=FACE_BOUND('',#6432,.T.);
#6925=FACE_BOUND('',#6433,.T.);
#6926=FACE_BOUND('',#6434,.T.);
#6927=FACE_BOUND('',#6435,.T.);
#6928=FACE_BOUND('',#6436,.T.);
#6929=FACE_BOUND('',#6437,.T.);
#6930=FACE_BOUND('',#6438,.T.);
#6931=FACE_BOUND('',#6439,.T.);
#6932=FACE_BOUND('',#6440,.T.);
#6933=FACE_BOUND('',#6441,.T.);
#6934=FACE_BOUND('',#6442,.T.);
#6935=FACE_BOUND('',#6443,.T.);
#6936=FACE_BOUND('',#6444,.T.);
#6937=FACE_BOUND('',#6445,.T.);
#6938=FACE_BOUND('',#6446,.T.);
#6939=FACE_BOUND('',#6447,.T.);
#6940=FACE_BOUND('',#6448,.T.);
#6941=FACE_BOUND('',#6449,.T.);
#6942=FACE_BOUND('',#6450,.T.);
#6943=FACE_BOUND('',#6451,.T.);
#6944=FACE_BOUND('',#6452,.T.);
#6945=FACE_BOUND('',#6453,.T.);
#6946=FACE_BOUND('',#6454,.T.);
#6947=FACE_BOUND('',#6455,.T.);
#6948=FACE_BOUND('',#6456,.T.);
#6949=FACE_BOUND('',#6457,.T.);
#6950=FACE_BOUND('',#6458,.T.);
#6951=FACE_BOUND('',#6459,.T.);
#6952=FACE_BOUND('',#6460,.T.);
#6953=FACE_BOUND('',#6461,.T.);
#6954=FACE_BOUND('',#6462,.T.);
#6955=FACE_BOUND('',#6463,.T.);
#6956=FACE_BOUND('',#6464,.T.);
#6957=FACE_BOUND('',#6465,.T.);
#6958=FACE_BOUND('',#6466,.T.);
#6959=FACE_BOUND('',#6467,.T.);
#6960=FACE_BOUND('',#6468,.T.);
#6961=FACE_BOUND('',#6469,.T.);
#6962=FACE_BOUND('',#6470,.T.);
#6963=FACE_BOUND('',#6471,.T.);
#6964=FACE_BOUND('',#6472,.T.);
#6965=FACE_BOUND('',#6473,.T.);
#6966=FACE_BOUND('',#6474,.T.);
#6967=FACE_BOUND('',#6475,.T.);
#6968=FACE_BOUND('',#6476,.T.);
#6969=FACE_BOUND('',#6477,.T.);
#6970=FACE_BOUND('',#6478,.T.);
#6971=FACE_BOUND('',#6479,.T.);
#6972=FACE_BOUND('',#6480,.T.);
#6973=FACE_BOUND('',#6481,.T.);
#6974=FACE_BOUND('',#6482,.T.);
#6975=FACE_BOUND('',#6483,.T.);
#6976=FACE_BOUND('',#6484,.T.);
#6977=FACE_BOUND('',#6485,.T.);
#6978=FACE_BOUND('',#6486,.T.);
#6979=FACE_BOUND('',#6487,.T.);
#6980=FACE_BOUND('',#6488,.T.);
#6981=FACE_BOUND('',#6489,.T.);
#6982=FACE_BOUND('',#6490,.T.);
#6983=FACE_BOUND('',#6491,.T.);
#6984=FACE_BOUND('',#6492,.T.);
#6985=FACE_BOUND('',#6493,.T.);
#6986=FACE_BOUND('',#6494,.T.);
#6987=FACE_BOUND('',#6495,.T.);
#6988=FACE_BOUND('',#6496,.T.);
#6989=FACE_BOUND('',#6497,.T.);
#6990=FACE_BOUND('',#6498,.T.);
#6991=FACE_BOUND('',#6499,.T.);
#6992=FACE_BOUND('',#6500,.T.);
#6993=FACE_BOUND('',#6501,.T.);
#6994=FACE_BOUND('',#6502,.T.);
#6995=FACE_BOUND('',#6503,.T.);
#6996=FACE_BOUND('',#6504,.T.);
#6997=FACE_BOUND('',#6505,.T.);
#6998=FACE_BOUND('',#6506,.T.);
#6999=FACE_BOUND('',#6507,.T.);
#7000=FACE_BOUND('',#6508,.T.);
#7001=FACE_BOUND('',#6509,.T.);
#7002=FACE_BOUND('',#6510,.T.);
#7003=FACE_BOUND('',#6511,.T.);
#7004=FACE_BOUND('',#6512,.T.);
#7005=FACE_BOUND('',#6513,.T.);
#7006=FACE_BOUND('',#6514,.T.);
#7007=FACE_BOUND('',#6515,.T.);
#7008=FACE_BOUND('',#6516,.T.);
#7009=FACE_BOUND('',#6517,.T.);
#7010=FACE_BOUND('',#6518,.T.);
#7011=FACE_BOUND('',#6519,.T.);
#7012=FACE_BOUND('',#6520,.T.);
#7013=FACE_BOUND('',#6521,.T.);
#7014=FACE_BOUND('',#6522,.T.);
#7015=FACE_BOUND('',#6523,.T.);
#7016=FACE_BOUND('',#6524,.T.);
#7017=FACE_BOUND('',#6525,.T.);
#7018=FACE_BOUND('',#6526,.T.);
#7019=FACE_BOUND('',#6527,.T.);
#7020=FACE_BOUND('',#6528,.T.);
#7021=FACE_BOUND('',#6529,.T.);
#7022=FACE_BOUND('',#6530,.T.);
#7023=FACE_BOUND('',#6531,.T.);
#7024=FACE_BOUND('',#6532,.T.);
#7025=FACE_BOUND('',#6533,.T.);
#7026=FACE_BOUND('',#6534,.T.);
#7027=FACE_BOUND('',#6535,.T.);
#7028=FACE_BOUND('',#6536,.T.);
#7029=FACE_BOUND('',#6537,.T.);
#7030=FACE_BOUND('',#6538,.T.);
#7031=FACE_BOUND('',#6539,.T.);
#7032=FACE_BOUND('',#6540,.T.);
#7033=FACE_BOUND('',#6541,.T.);
#7034=FACE_BOUND('',#6542,.T.);
#7035=FACE_BOUND('',#6543,.T.);
#7036=FACE_BOUND('',#6544,.T.);
#7037=FACE_BOUND('',#6545,.T.);
#7038=FACE_BOUND('',#6546,.T.);
#7039=FACE_BOUND('',#6547,.T.);
#7040=FACE_BOUND('',#6548,.T.);
#7041=FACE_BOUND('',#6549,.T.);
#7042=FACE_BOUND('',#6550,.T.);
#7043=FACE_BOUND('',#6551,.T.);
#7044=FACE_BOUND('',#6552,.T.);
#7045=FACE_BOUND('',#6553,.T.);
#7046=FACE_BOUND('',#6554,.T.);
#7047=FACE_BOUND('',#6555,.T.);
#7048=FACE_BOUND('',#6556,.T.);
#7049=FACE_BOUND('',#6557,.T.);
#7050=FACE_BOUND('',#6558,.T.);
#7051=FACE_BOUND('',#6559,.T.);
#7052=FACE_BOUND('',#6560,.T.);
#7053=FACE_BOUND('',#6561,.T.);
#7054=FACE_BOUND('',#6562,.T.);
#7055=FACE_BOUND('',#6563,.T.);
#7056=FACE_BOUND('',#6564,.T.);
#7057=FACE_BOUND('',#6565,.T.);
#7058=FACE_BOUND('',#6566,.T.);
#7059=FACE_BOUND('',#6567,.T.);
#7060=FACE_BOUND('',#6568,.T.);
#7061=FACE_BOUND('',#6569,.T.);
#7062=FACE_BOUND('',#6570,.T.);
#7063=FACE_BOUND('',#6571,.T.);
#7064=FACE_BOUND('',#6572,.T.);
#7065=FACE_BOUND('',#6573,.T.);
#7066=FACE_BOUND('',#6574,.T.);
#7067=FACE_BOUND('',#6575,.T.);
#7068=FACE_BOUND('',#6576,.T.);
#7069=FACE_BOUND('',#6577,.T.);
#7070=FACE_BOUND('',#6578,.T.);
#7071=FACE_BOUND('',#6579,.T.);
#7072=FACE_BOUND('',#6580,.T.);
#7073=FACE_BOUND('',#6581,.T.);
#7074=FACE_BOUND('',#6582,.T.);
#7075=FACE_BOUND('',#6583,.T.);
#7076=FACE_BOUND('',#6584,.T.);
#7077=FACE_BOUND('',#6585,.T.);
#7078=FACE_BOUND('',#6586,.T.);
#7079=FACE_BOUND('',#6587,.T.);
#7080=FACE_BOUND('',#6588,.T.);
#7081=FACE_BOUND('',#6589,.T.);
#7082=FACE_BOUND('',#6590,.T.);
#7083=FACE_BOUND('',#6591,.T.);
#7084=FACE_BOUND('',#6592,.T.);
#7085=FACE_BOUND('',#6593,.T.);
#7086=FACE_BOUND('',#6594,.T.);
#7087=FACE_BOUND('',#6595,.T.);
#7088=FACE_BOUND('',#6596,.T.);
#7089=FACE_BOUND('',#6597,.T.);
#7090=FACE_BOUND('',#6598,.T.);
#7091=FACE_BOUND('',#6599,.T.);
#7092=FACE_BOUND('',#6600,.T.);
#7093=FACE_BOUND('',#6601,.T.);
#7094=FACE_BOUND('',#6602,.T.);
#7095=FACE_BOUND('',#6603,.T.);
#7096=FACE_BOUND('',#6604,.T.);
#7097=FACE_BOUND('',#6605,.T.);
#7098=FACE_BOUND('',#6606,.T.);
#7099=FACE_BOUND('',#6607,.T.);
#7100=FACE_BOUND('',#6608,.T.);
#7101=FACE_BOUND('',#6609,.T.);
#7102=FACE_BOUND('',#6610,.T.);
#7103=FACE_BOUND('',#6611,.T.);
#7104=FACE_BOUND('',#6612,.T.);
#7105=FACE_BOUND('',#6613,.T.);
#7106=FACE_BOUND('',#6614,.T.);
#7107=FACE_BOUND('',#6615,.T.);
#7108=FACE_BOUND('',#6616,.T.);
#7109=FACE_BOUND('',#6617,.T.);
#7110=FACE_BOUND('',#6618,.T.);
#7111=FACE_BOUND('',#6619,.T.);
#7112=FACE_BOUND('',#6620,.T.);
#7113=FACE_BOUND('',#6621,.T.);
#7114=FACE_BOUND('',#6622,.T.);
#7115=FACE_BOUND('',#6623,.T.);
#7116=FACE_BOUND('',#6624,.T.);
#7117=FACE_BOUND('',#6625,.T.);
#7118=FACE_BOUND('',#6626,.T.);
#7119=FACE_BOUND('',#6627,.T.);
#7120=FACE_BOUND('',#6628,.T.);
#7121=FACE_BOUND('',#6629,.T.);
#7122=FACE_BOUND('',#6630,.T.);
#7123=FACE_BOUND('',#6631,.T.);
#7124=FACE_BOUND('',#6632,.T.);
#7125=FACE_BOUND('',#6633,.T.);
#7126=FACE_BOUND('',#6634,.T.);
#7127=PLANE('',#10736);
#7128=PLANE('',#10741);
#7129=PLANE('',#10746);
#7130=PLANE('',#10758);
#7131=PLANE('',#10765);
#7132=PLANE('',#10772);
#7133=PLANE('',#10779);
#7134=PLANE('',#10786);
#7135=PLANE('',#10793);
#7136=PLANE('',#10797);
#7137=PLANE('',#10801);
#7138=PLANE('',#10808);
#7139=PLANE('',#10812);
#7140=PLANE('',#10813);
#7141=PLANE('',#10814);
#7142=PLANE('',#10815);
#7143=PLANE('',#10819);
#7144=PLANE('',#10826);
#7145=PLANE('',#10830);
#7146=PLANE('',#10831);
#7147=PLANE('',#10832);
#7148=PLANE('',#10836);
#7149=PLANE('',#10843);
#7150=PLANE('',#10850);
#7151=PLANE('',#10857);
#7152=PLANE('',#10864);
#7153=PLANE('',#10871);
#7154=PLANE('',#10878);
#7155=PLANE('',#10885);
#7156=PLANE('',#10889);
#7157=PLANE('',#10893);
#7158=PLANE('',#10900);
#7159=PLANE('',#10904);
#7160=PLANE('',#10905);
#7161=PLANE('',#10906);
#7162=PLANE('',#10907);
#7163=PLANE('',#10911);
#7164=PLANE('',#10918);
#7165=PLANE('',#10922);
#7166=PLANE('',#10923);
#7167=PLANE('',#10924);
#7168=PLANE('',#10925);
#7169=PLANE('',#10929);
#7170=PLANE('',#10936);
#7171=PLANE('',#10940);
#7172=PLANE('',#10941);
#7173=PLANE('',#10942);
#7174=PLANE('',#10946);
#7175=PLANE('',#10953);
#7176=PLANE('',#10960);
#7177=PLANE('',#10967);
#7178=PLANE('',#10974);
#7179=PLANE('',#10981);
#7180=PLANE('',#10988);
#7181=PLANE('',#10995);
#7182=PLANE('',#10999);
#7183=PLANE('',#11003);
#7184=PLANE('',#11010);
#7185=PLANE('',#11014);
#7186=PLANE('',#11015);
#7187=PLANE('',#11016);
#7188=PLANE('',#11017);
#7189=PLANE('',#11021);
#7190=PLANE('',#11028);
#7191=PLANE('',#11032);
#7192=PLANE('',#11033);
#7193=PLANE('',#11034);
#7194=PLANE('',#11035);
#7195=PLANE('',#11039);
#7196=PLANE('',#11046);
#7197=PLANE('',#11050);
#7198=PLANE('',#11051);
#7199=PLANE('',#11052);
#7200=PLANE('',#11053);
#7201=PLANE('',#11054);
#7202=PLANE('',#11055);
#7203=PLANE('',#11057);
#7204=PLANE('',#11058);
#7205=PLANE('',#11059);
#7206=PLANE('',#11060);
#7207=PLANE('',#11061);
#7208=PLANE('',#11062);
#7209=PLANE('',#11064);
#7210=PLANE('',#11065);
#7211=PLANE('',#11067);
#7212=PLANE('',#11068);
#7213=PLANE('',#11069);
#7214=PLANE('',#11070);
#7215=PLANE('',#11071);
#7216=PLANE('',#11072);
#7217=PLANE('',#11073);
#7218=PLANE('',#11075);
#7219=PLANE('',#11076);
#7220=PLANE('',#11077);
#7221=PLANE('',#11078);
#7222=PLANE('',#11079);
#7223=PLANE('',#11081);
#7224=PLANE('',#11082);
#7225=PLANE('',#11083);
#7226=PLANE('',#11084);
#7227=PLANE('',#11085);
#7228=PLANE('',#11087);
#7229=PLANE('',#11088);
#7230=PLANE('',#11091);
#7231=PLANE('',#11096);
#7232=PLANE('',#11097);
#7233=PLANE('',#11098);
#7234=PLANE('',#11101);
#7235=PLANE('',#11102);
#7236=PLANE('',#11103);
#7237=PLANE('',#11104);
#7238=PLANE('',#11105);
#7239=PLANE('',#11108);
#7240=PLANE('',#11109);
#7241=PLANE('',#11110);
#7242=PLANE('',#11111);
#7243=PLANE('',#11112);
#7244=PLANE('',#11115);
#7245=PLANE('',#11116);
#7246=PLANE('',#11117);
#7247=PLANE('',#11118);
#7248=PLANE('',#11119);
#7249=PLANE('',#11122);
#7250=PLANE('',#11123);
#7251=PLANE('',#11124);
#7252=PLANE('',#11125);
#7253=PLANE('',#11126);
#7254=PLANE('',#11129);
#7255=PLANE('',#11130);
#7256=PLANE('',#11131);
#7257=PLANE('',#11132);
#7258=PLANE('',#11133);
#7259=PLANE('',#11134);
#7260=PLANE('',#11135);
#7261=PLANE('',#11138);
#7262=PLANE('',#11141);
#7263=PLANE('',#11144);
#7264=PLANE('',#11145);
#7265=PLANE('',#11148);
#7266=PLANE('',#11149);
#7267=PLANE('',#11150);
#7268=PLANE('',#11151);
#7269=PLANE('',#11152);
#7270=PLANE('',#11155);
#7271=PLANE('',#11158);
#7272=PLANE('',#11159);
#7273=PLANE('',#11160);
#7274=PLANE('',#11161);
#7275=PLANE('',#11162);
#7276=PLANE('',#11163);
#7277=PLANE('',#11164);
#7278=PLANE('',#11165);
#7279=PLANE('',#11166);
#7280=PLANE('',#11167);
#7281=PLANE('',#11168);
#7282=PLANE('',#11169);
#7283=PLANE('',#11170);
#7284=PLANE('',#11171);
#7285=PLANE('',#11172);
#7286=PLANE('',#11173);
#7287=PLANE('',#11174);
#7288=PLANE('',#11175);
#7289=PLANE('',#11176);
#7290=PLANE('',#11177);
#7291=PLANE('',#11178);
#7292=PLANE('',#11179);
#7293=PLANE('',#11180);
#7294=PLANE('',#11181);
#7295=PLANE('',#11182);
#7296=PLANE('',#11183);
#7297=PLANE('',#11187);
#7298=PLANE('',#11194);
#7299=PLANE('',#11198);
#7300=PLANE('',#11199);
#7301=PLANE('',#11200);
#7302=PLANE('',#11201);
#7303=PLANE('',#11205);
#7304=PLANE('',#11212);
#7305=PLANE('',#11216);
#7306=PLANE('',#11217);
#7307=PLANE('',#11218);
#7308=PLANE('',#11219);
#7309=PLANE('',#11223);
#7310=PLANE('',#11230);
#7311=PLANE('',#11234);
#7312=PLANE('',#11235);
#7313=PLANE('',#11236);
#7314=PLANE('',#11238);
#7315=PLANE('',#11240);
#7316=PLANE('',#11242);
#7317=PLANE('',#11244);
#7318=PLANE('',#11245);
#7319=PLANE('',#11246);
#7320=PLANE('',#11247);
#7321=PLANE('',#11248);
#7322=PLANE('',#11249);
#7323=PLANE('',#11250);
#7324=PLANE('',#11251);
#7325=PLANE('',#11252);
#7326=PLANE('',#11253);
#7327=PLANE('',#11254);
#7328=PLANE('',#11255);
#7329=PLANE('',#11256);
#7330=PLANE('',#11257);
#7331=PLANE('',#11258);
#7332=PLANE('',#11259);
#7333=PLANE('',#11260);
#7334=PLANE('',#11261);
#7335=PLANE('',#11262);
#7336=PLANE('',#11263);
#7337=PLANE('',#11264);
#7338=PLANE('',#11265);
#7339=PLANE('',#11266);
#7340=PLANE('',#11267);
#7341=PLANE('',#11268);
#7342=PLANE('',#11269);
#7343=PLANE('',#11270);
#7344=PLANE('',#11271);
#7345=PLANE('',#11272);
#7346=PLANE('',#11273);
#7347=PLANE('',#11274);
#7348=PLANE('',#11275);
#7349=PLANE('',#11276);
#7350=PLANE('',#11277);
#7351=PLANE('',#11278);
#7352=PLANE('',#11279);
#7353=PLANE('',#11280);
#7354=PLANE('',#11281);
#7355=PLANE('',#11282);
#7356=PLANE('',#11283);
#7357=PLANE('',#11284);
#7358=PLANE('',#11285);
#7359=PLANE('',#11286);
#7360=PLANE('',#11287);
#7361=PLANE('',#11288);
#7362=PLANE('',#11289);
#7363=PLANE('',#11290);
#7364=PLANE('',#11291);
#7365=PLANE('',#11292);
#7366=PLANE('',#11293);
#7367=PLANE('',#11294);
#7368=PLANE('',#11295);
#7369=PLANE('',#11296);
#7370=PLANE('',#11297);
#7371=PLANE('',#11298);
#7372=PLANE('',#11299);
#7373=PLANE('',#11300);
#7374=PLANE('',#11301);
#7375=PLANE('',#11302);
#7376=PLANE('',#11303);
#7377=PLANE('',#11304);
#7378=PLANE('',#11305);
#7379=PLANE('',#11306);
#7380=PLANE('',#11307);
#7381=PLANE('',#11308);
#7382=PLANE('',#11309);
#7383=PLANE('',#11310);
#7384=PLANE('',#11311);
#7385=PLANE('',#11312);
#7386=PLANE('',#11313);
#7387=PLANE('',#11314);
#7388=PLANE('',#11315);
#7389=PLANE('',#11316);
#7390=PLANE('',#11317);
#7391=PLANE('',#11318);
#7392=PLANE('',#11319);
#7393=PLANE('',#11320);
#7394=PLANE('',#11321);
#7395=PLANE('',#11322);
#7396=PLANE('',#11323);
#7397=PLANE('',#11324);
#7398=PLANE('',#11325);
#7399=PLANE('',#11326);
#7400=PLANE('',#11327);
#7401=PLANE('',#11328);
#7402=PLANE('',#11329);
#7403=PLANE('',#11330);
#7404=PLANE('',#11331);
#7405=PLANE('',#11332);
#7406=PLANE('',#11333);
#7407=PLANE('',#11334);
#7408=PLANE('',#11335);
#7409=PLANE('',#11336);
#7410=PLANE('',#11337);
#7411=STYLED_ITEM('',(#7825),#10317);
#7412=STYLED_ITEM('',(#7826),#10318);
#7413=STYLED_ITEM('',(#7827),#10319);
#7414=STYLED_ITEM('',(#7828),#10320);
#7415=STYLED_ITEM('',(#7829),#10321);
#7416=STYLED_ITEM('',(#7830),#10322);
#7417=STYLED_ITEM('',(#7831),#10323);
#7418=STYLED_ITEM('',(#7832),#10324);
#7419=STYLED_ITEM('',(#7833),#10325);
#7420=STYLED_ITEM('',(#7834),#10326);
#7421=STYLED_ITEM('',(#7835),#10327);
#7422=STYLED_ITEM('',(#7836),#10328);
#7423=STYLED_ITEM('',(#7837),#10329);
#7424=STYLED_ITEM('',(#7838),#10330);
#7425=STYLED_ITEM('',(#7839),#10331);
#7426=STYLED_ITEM('',(#7840),#10332);
#7427=STYLED_ITEM('',(#7841),#10333);
#7428=STYLED_ITEM('',(#7842),#10334);
#7429=STYLED_ITEM('',(#7843),#10335);
#7430=STYLED_ITEM('',(#7844),#10336);
#7431=STYLED_ITEM('',(#7845),#10337);
#7432=STYLED_ITEM('',(#7846),#10338);
#7433=STYLED_ITEM('',(#7847),#10339);
#7434=STYLED_ITEM('',(#7848),#10340);
#7435=STYLED_ITEM('',(#7849),#10341);
#7436=STYLED_ITEM('',(#7850),#10342);
#7437=STYLED_ITEM('',(#7851),#10343);
#7438=STYLED_ITEM('',(#7852),#10344);
#7439=STYLED_ITEM('',(#7853),#10345);
#7440=STYLED_ITEM('',(#7854),#10346);
#7441=STYLED_ITEM('',(#7855),#10347);
#7442=STYLED_ITEM('',(#7856),#10348);
#7443=STYLED_ITEM('',(#7857),#10349);
#7444=STYLED_ITEM('',(#7858),#10350);
#7445=STYLED_ITEM('',(#7859),#10351);
#7446=STYLED_ITEM('',(#7860),#10352);
#7447=STYLED_ITEM('',(#7861),#10353);
#7448=STYLED_ITEM('',(#7862),#10354);
#7449=STYLED_ITEM('',(#7863),#10355);
#7450=STYLED_ITEM('',(#7864),#10356);
#7451=STYLED_ITEM('',(#7865),#10357);
#7452=STYLED_ITEM('',(#7866),#10358);
#7453=STYLED_ITEM('',(#7867),#10359);
#7454=STYLED_ITEM('',(#7868),#10360);
#7455=STYLED_ITEM('',(#7869),#10361);
#7456=STYLED_ITEM('',(#7870),#10362);
#7457=STYLED_ITEM('',(#7871),#10363);
#7458=STYLED_ITEM('',(#7872),#10364);
#7459=STYLED_ITEM('',(#7873),#10365);
#7460=STYLED_ITEM('',(#7874),#10366);
#7461=STYLED_ITEM('',(#7875),#10367);
#7462=STYLED_ITEM('',(#7876),#10368);
#7463=STYLED_ITEM('',(#7877),#10369);
#7464=STYLED_ITEM('',(#7878),#10370);
#7465=STYLED_ITEM('',(#7879),#10371);
#7466=STYLED_ITEM('',(#7880),#10372);
#7467=STYLED_ITEM('',(#7881),#10373);
#7468=STYLED_ITEM('',(#7882),#10374);
#7469=STYLED_ITEM('',(#7883),#10375);
#7470=STYLED_ITEM('',(#7884),#10376);
#7471=STYLED_ITEM('',(#7885),#10377);
#7472=STYLED_ITEM('',(#7886),#10378);
#7473=STYLED_ITEM('',(#7887),#10379);
#7474=STYLED_ITEM('',(#7888),#10380);
#7475=STYLED_ITEM('',(#7889),#10381);
#7476=STYLED_ITEM('',(#7890),#10382);
#7477=STYLED_ITEM('',(#7891),#10383);
#7478=STYLED_ITEM('',(#7892),#10384);
#7479=STYLED_ITEM('',(#7893),#10385);
#7480=STYLED_ITEM('',(#7894),#10386);
#7481=STYLED_ITEM('',(#7895),#10387);
#7482=STYLED_ITEM('',(#7896),#10388);
#7483=STYLED_ITEM('',(#7897),#10389);
#7484=STYLED_ITEM('',(#7898),#10390);
#7485=STYLED_ITEM('',(#7899),#10391);
#7486=STYLED_ITEM('',(#7900),#10392);
#7487=STYLED_ITEM('',(#7901),#10393);
#7488=STYLED_ITEM('',(#7902),#10394);
#7489=STYLED_ITEM('',(#7903),#10395);
#7490=STYLED_ITEM('',(#7904),#10396);
#7491=STYLED_ITEM('',(#7905),#10397);
#7492=STYLED_ITEM('',(#7906),#10398);
#7493=STYLED_ITEM('',(#7907),#10399);
#7494=STYLED_ITEM('',(#7908),#10400);
#7495=STYLED_ITEM('',(#7909),#10401);
#7496=STYLED_ITEM('',(#7910),#10402);
#7497=STYLED_ITEM('',(#7911),#10403);
#7498=STYLED_ITEM('',(#7912),#10404);
#7499=STYLED_ITEM('',(#7913),#10405);
#7500=STYLED_ITEM('',(#7914),#10406);
#7501=STYLED_ITEM('',(#7915),#10407);
#7502=STYLED_ITEM('',(#7916),#10408);
#7503=STYLED_ITEM('',(#7917),#10409);
#7504=STYLED_ITEM('',(#7918),#10410);
#7505=STYLED_ITEM('',(#7919),#10411);
#7506=STYLED_ITEM('',(#7920),#10412);
#7507=STYLED_ITEM('',(#7921),#10413);
#7508=STYLED_ITEM('',(#7922),#10414);
#7509=STYLED_ITEM('',(#7923),#10415);
#7510=STYLED_ITEM('',(#7924),#10416);
#7511=STYLED_ITEM('',(#7925),#10417);
#7512=STYLED_ITEM('',(#7926),#10418);
#7513=STYLED_ITEM('',(#7927),#10419);
#7514=STYLED_ITEM('',(#7928),#10420);
#7515=STYLED_ITEM('',(#7929),#10421);
#7516=STYLED_ITEM('',(#7930),#10422);
#7517=STYLED_ITEM('',(#7931),#10423);
#7518=STYLED_ITEM('',(#7932),#10424);
#7519=STYLED_ITEM('',(#7933),#10425);
#7520=STYLED_ITEM('',(#7934),#10426);
#7521=STYLED_ITEM('',(#7935),#10427);
#7522=STYLED_ITEM('',(#7936),#10428);
#7523=STYLED_ITEM('',(#7937),#10429);
#7524=STYLED_ITEM('',(#7938),#10430);
#7525=STYLED_ITEM('',(#7939),#10431);
#7526=STYLED_ITEM('',(#7940),#10432);
#7527=STYLED_ITEM('',(#7941),#10433);
#7528=STYLED_ITEM('',(#7942),#10434);
#7529=STYLED_ITEM('',(#7943),#10435);
#7530=STYLED_ITEM('',(#7944),#10436);
#7531=STYLED_ITEM('',(#7945),#10437);
#7532=STYLED_ITEM('',(#7946),#10438);
#7533=STYLED_ITEM('',(#7947),#10439);
#7534=STYLED_ITEM('',(#7948),#10440);
#7535=STYLED_ITEM('',(#7949),#10441);
#7536=STYLED_ITEM('',(#7950),#10442);
#7537=STYLED_ITEM('',(#7951),#10443);
#7538=STYLED_ITEM('',(#7952),#10444);
#7539=STYLED_ITEM('',(#7953),#10445);
#7540=STYLED_ITEM('',(#7954),#10446);
#7541=STYLED_ITEM('',(#7955),#10447);
#7542=STYLED_ITEM('',(#7956),#10448);
#7543=STYLED_ITEM('',(#7957),#10449);
#7544=STYLED_ITEM('',(#7958),#10450);
#7545=STYLED_ITEM('',(#7959),#10451);
#7546=STYLED_ITEM('',(#7960),#10452);
#7547=STYLED_ITEM('',(#7961),#10453);
#7548=STYLED_ITEM('',(#7962),#10454);
#7549=STYLED_ITEM('',(#7963),#10455);
#7550=STYLED_ITEM('',(#7964),#10456);
#7551=STYLED_ITEM('',(#7965),#10457);
#7552=STYLED_ITEM('',(#7966),#10458);
#7553=STYLED_ITEM('',(#7967),#10459);
#7554=STYLED_ITEM('',(#7968),#10460);
#7555=STYLED_ITEM('',(#7969),#10461);
#7556=STYLED_ITEM('',(#7970),#10462);
#7557=STYLED_ITEM('',(#7971),#10463);
#7558=STYLED_ITEM('',(#7972),#10464);
#7559=STYLED_ITEM('',(#7973),#10465);
#7560=STYLED_ITEM('',(#7974),#10466);
#7561=STYLED_ITEM('',(#7975),#10467);
#7562=STYLED_ITEM('',(#7976),#10468);
#7563=STYLED_ITEM('',(#7977),#10469);
#7564=STYLED_ITEM('',(#7978),#10470);
#7565=STYLED_ITEM('',(#7979),#10471);
#7566=STYLED_ITEM('',(#7980),#10472);
#7567=STYLED_ITEM('',(#7981),#10473);
#7568=STYLED_ITEM('',(#7982),#10474);
#7569=STYLED_ITEM('',(#7983),#10475);
#7570=STYLED_ITEM('',(#7984),#10476);
#7571=STYLED_ITEM('',(#7985),#10477);
#7572=STYLED_ITEM('',(#7986),#10478);
#7573=STYLED_ITEM('',(#7987),#10479);
#7574=STYLED_ITEM('',(#7988),#10480);
#7575=STYLED_ITEM('',(#7989),#10481);
#7576=STYLED_ITEM('',(#7990),#10482);
#7577=STYLED_ITEM('',(#7991),#10483);
#7578=STYLED_ITEM('',(#7992),#10484);
#7579=STYLED_ITEM('',(#7993),#10485);
#7580=STYLED_ITEM('',(#7994),#10486);
#7581=STYLED_ITEM('',(#7995),#10487);
#7582=STYLED_ITEM('',(#7996),#10488);
#7583=STYLED_ITEM('',(#7997),#10489);
#7584=STYLED_ITEM('',(#7998),#10490);
#7585=STYLED_ITEM('',(#7999),#10491);
#7586=STYLED_ITEM('',(#8000),#10492);
#7587=STYLED_ITEM('',(#8001),#10493);
#7588=STYLED_ITEM('',(#8002),#10494);
#7589=STYLED_ITEM('',(#8003),#10495);
#7590=STYLED_ITEM('',(#8004),#10496);
#7591=STYLED_ITEM('',(#8005),#10497);
#7592=STYLED_ITEM('',(#8006),#10498);
#7593=STYLED_ITEM('',(#8007),#10499);
#7594=STYLED_ITEM('',(#8008),#10500);
#7595=STYLED_ITEM('',(#8009),#10501);
#7596=STYLED_ITEM('',(#8010),#10502);
#7597=STYLED_ITEM('',(#8011),#10503);
#7598=STYLED_ITEM('',(#8012),#10504);
#7599=STYLED_ITEM('',(#8013),#10505);
#7600=STYLED_ITEM('',(#8014),#10506);
#7601=STYLED_ITEM('',(#8015),#10507);
#7602=STYLED_ITEM('',(#8016),#10508);
#7603=STYLED_ITEM('',(#8017),#10509);
#7604=STYLED_ITEM('',(#8018),#10510);
#7605=STYLED_ITEM('',(#8019),#10511);
#7606=STYLED_ITEM('',(#8020),#10512);
#7607=STYLED_ITEM('',(#8021),#10513);
#7608=STYLED_ITEM('',(#8022),#10514);
#7609=STYLED_ITEM('',(#8023),#10515);
#7610=STYLED_ITEM('',(#8024),#10516);
#7611=STYLED_ITEM('',(#8025),#10517);
#7612=STYLED_ITEM('',(#8026),#10518);
#7613=STYLED_ITEM('',(#8027),#10519);
#7614=STYLED_ITEM('',(#8028),#10520);
#7615=STYLED_ITEM('',(#8029),#10521);
#7616=STYLED_ITEM('',(#8030),#10522);
#7617=STYLED_ITEM('',(#8031),#10523);
#7618=STYLED_ITEM('',(#8032),#10524);
#7619=STYLED_ITEM('',(#8033),#10525);
#7620=STYLED_ITEM('',(#8034),#10526);
#7621=STYLED_ITEM('',(#8035),#10527);
#7622=STYLED_ITEM('',(#8036),#10528);
#7623=STYLED_ITEM('',(#8037),#10529);
#7624=STYLED_ITEM('',(#8038),#10530);
#7625=STYLED_ITEM('',(#8039),#10531);
#7626=STYLED_ITEM('',(#8040),#10532);
#7627=STYLED_ITEM('',(#8041),#10533);
#7628=STYLED_ITEM('',(#8042),#10534);
#7629=STYLED_ITEM('',(#8043),#10535);
#7630=STYLED_ITEM('',(#8044),#10536);
#7631=STYLED_ITEM('',(#8045),#10537);
#7632=STYLED_ITEM('',(#8046),#10538);
#7633=STYLED_ITEM('',(#8047),#10539);
#7634=STYLED_ITEM('',(#8048),#10540);
#7635=STYLED_ITEM('',(#8049),#10541);
#7636=STYLED_ITEM('',(#8050),#10542);
#7637=STYLED_ITEM('',(#8051),#10543);
#7638=STYLED_ITEM('',(#8052),#10544);
#7639=STYLED_ITEM('',(#8053),#10545);
#7640=STYLED_ITEM('',(#8054),#10546);
#7641=STYLED_ITEM('',(#8055),#10547);
#7642=STYLED_ITEM('',(#8056),#10548);
#7643=STYLED_ITEM('',(#8057),#10549);
#7644=STYLED_ITEM('',(#8058),#10550);
#7645=STYLED_ITEM('',(#8059),#10551);
#7646=STYLED_ITEM('',(#8060),#10552);
#7647=STYLED_ITEM('',(#8061),#10553);
#7648=STYLED_ITEM('',(#8062),#10554);
#7649=STYLED_ITEM('',(#8063),#10555);
#7650=STYLED_ITEM('',(#8064),#10556);
#7651=STYLED_ITEM('',(#8065),#10557);
#7652=STYLED_ITEM('',(#8066),#10558);
#7653=STYLED_ITEM('',(#8067),#10559);
#7654=STYLED_ITEM('',(#8068),#10560);
#7655=STYLED_ITEM('',(#8069),#10561);
#7656=STYLED_ITEM('',(#8070),#10562);
#7657=STYLED_ITEM('',(#8071),#10563);
#7658=STYLED_ITEM('',(#8072),#10564);
#7659=STYLED_ITEM('',(#8073),#10565);
#7660=STYLED_ITEM('',(#8074),#10566);
#7661=STYLED_ITEM('',(#8075),#10567);
#7662=STYLED_ITEM('',(#8076),#10568);
#7663=STYLED_ITEM('',(#8077),#10569);
#7664=STYLED_ITEM('',(#8078),#10570);
#7665=STYLED_ITEM('',(#8079),#10571);
#7666=STYLED_ITEM('',(#8080),#10572);
#7667=STYLED_ITEM('',(#8081),#10573);
#7668=STYLED_ITEM('',(#8082),#10574);
#7669=STYLED_ITEM('',(#8083),#10575);
#7670=STYLED_ITEM('',(#8084),#10576);
#7671=STYLED_ITEM('',(#8085),#10577);
#7672=STYLED_ITEM('',(#8086),#10578);
#7673=STYLED_ITEM('',(#8087),#10579);
#7674=STYLED_ITEM('',(#8088),#10580);
#7675=STYLED_ITEM('',(#8089),#10581);
#7676=STYLED_ITEM('',(#8090),#10582);
#7677=STYLED_ITEM('',(#8091),#10583);
#7678=STYLED_ITEM('',(#8092),#10584);
#7679=STYLED_ITEM('',(#8093),#10585);
#7680=STYLED_ITEM('',(#8094),#10586);
#7681=STYLED_ITEM('',(#8095),#10587);
#7682=STYLED_ITEM('',(#8096),#10588);
#7683=STYLED_ITEM('',(#8097),#10589);
#7684=STYLED_ITEM('',(#8098),#10590);
#7685=STYLED_ITEM('',(#8099),#10591);
#7686=STYLED_ITEM('',(#8100),#10592);
#7687=STYLED_ITEM('',(#8101),#10593);
#7688=STYLED_ITEM('',(#8102),#10594);
#7689=STYLED_ITEM('',(#8103),#10595);
#7690=STYLED_ITEM('',(#8104),#10596);
#7691=STYLED_ITEM('',(#8105),#10597);
#7692=STYLED_ITEM('',(#8106),#10598);
#7693=STYLED_ITEM('',(#8107),#10599);
#7694=STYLED_ITEM('',(#8108),#10600);
#7695=STYLED_ITEM('',(#8109),#10601);
#7696=STYLED_ITEM('',(#8110),#10602);
#7697=STYLED_ITEM('',(#8111),#10603);
#7698=STYLED_ITEM('',(#8112),#10604);
#7699=STYLED_ITEM('',(#8113),#10605);
#7700=STYLED_ITEM('',(#8114),#10606);
#7701=STYLED_ITEM('',(#8115),#10607);
#7702=STYLED_ITEM('',(#8116),#10608);
#7703=STYLED_ITEM('',(#8117),#10609);
#7704=STYLED_ITEM('',(#8118),#10610);
#7705=STYLED_ITEM('',(#8119),#10611);
#7706=STYLED_ITEM('',(#8120),#10612);
#7707=STYLED_ITEM('',(#8121),#10613);
#7708=STYLED_ITEM('',(#8122),#10614);
#7709=STYLED_ITEM('',(#8123),#10615);
#7710=STYLED_ITEM('',(#8124),#10616);
#7711=STYLED_ITEM('',(#8125),#10617);
#7712=STYLED_ITEM('',(#8126),#10618);
#7713=STYLED_ITEM('',(#8127),#10619);
#7714=STYLED_ITEM('',(#8128),#10620);
#7715=STYLED_ITEM('',(#8129),#10621);
#7716=STYLED_ITEM('',(#8130),#10622);
#7717=STYLED_ITEM('',(#8131),#10623);
#7718=STYLED_ITEM('',(#8132),#10624);
#7719=STYLED_ITEM('',(#8133),#10625);
#7720=STYLED_ITEM('',(#8134),#10626);
#7721=STYLED_ITEM('',(#8135),#10627);
#7722=STYLED_ITEM('',(#8136),#10628);
#7723=STYLED_ITEM('',(#8137),#10629);
#7724=STYLED_ITEM('',(#8138),#10630);
#7725=STYLED_ITEM('',(#8139),#10631);
#7726=STYLED_ITEM('',(#8140),#10632);
#7727=STYLED_ITEM('',(#8141),#10633);
#7728=STYLED_ITEM('',(#8142),#10634);
#7729=STYLED_ITEM('',(#8143),#10635);
#7730=STYLED_ITEM('',(#8144),#10636);
#7731=STYLED_ITEM('',(#8145),#10637);
#7732=STYLED_ITEM('',(#8146),#10638);
#7733=STYLED_ITEM('',(#8147),#10639);
#7734=STYLED_ITEM('',(#8148),#10640);
#7735=STYLED_ITEM('',(#8149),#10641);
#7736=STYLED_ITEM('',(#8150),#10642);
#7737=STYLED_ITEM('',(#8151),#10643);
#7738=STYLED_ITEM('',(#8152),#10644);
#7739=STYLED_ITEM('',(#8153),#10645);
#7740=STYLED_ITEM('',(#8154),#10646);
#7741=STYLED_ITEM('',(#8155),#10647);
#7742=STYLED_ITEM('',(#8156),#10648);
#7743=STYLED_ITEM('',(#8157),#10649);
#7744=STYLED_ITEM('',(#8158),#10650);
#7745=STYLED_ITEM('',(#8159),#10651);
#7746=STYLED_ITEM('',(#8160),#10652);
#7747=STYLED_ITEM('',(#8161),#10653);
#7748=STYLED_ITEM('',(#8162),#10654);
#7749=STYLED_ITEM('',(#8163),#10655);
#7750=STYLED_ITEM('',(#8164),#10656);
#7751=STYLED_ITEM('',(#8165),#10657);
#7752=STYLED_ITEM('',(#8166),#10658);
#7753=STYLED_ITEM('',(#8167),#10659);
#7754=STYLED_ITEM('',(#8168),#10660);
#7755=STYLED_ITEM('',(#8169),#10661);
#7756=STYLED_ITEM('',(#8170),#10662);
#7757=STYLED_ITEM('',(#8171),#10663);
#7758=STYLED_ITEM('',(#8172),#10664);
#7759=STYLED_ITEM('',(#8173),#10665);
#7760=STYLED_ITEM('',(#8174),#10666);
#7761=STYLED_ITEM('',(#8175),#10667);
#7762=STYLED_ITEM('',(#8176),#10668);
#7763=STYLED_ITEM('',(#8177),#10669);
#7764=STYLED_ITEM('',(#8178),#10670);
#7765=STYLED_ITEM('',(#8179),#10671);
#7766=STYLED_ITEM('',(#8180),#10672);
#7767=STYLED_ITEM('',(#8181),#10673);
#7768=STYLED_ITEM('',(#8182),#10674);
#7769=STYLED_ITEM('',(#8183),#10675);
#7770=STYLED_ITEM('',(#8184),#10676);
#7771=STYLED_ITEM('',(#8185),#10677);
#7772=STYLED_ITEM('',(#8186),#10678);
#7773=STYLED_ITEM('',(#8187),#10679);
#7774=STYLED_ITEM('',(#8188),#10680);
#7775=STYLED_ITEM('',(#8189),#10681);
#7776=STYLED_ITEM('',(#8190),#10682);
#7777=STYLED_ITEM('',(#8191),#10683);
#7778=STYLED_ITEM('',(#8192),#10684);
#7779=STYLED_ITEM('',(#8193),#10685);
#7780=STYLED_ITEM('',(#8194),#10686);
#7781=STYLED_ITEM('',(#8195),#10687);
#7782=STYLED_ITEM('',(#8196),#10688);
#7783=STYLED_ITEM('',(#8197),#10689);
#7784=STYLED_ITEM('',(#8198),#10690);
#7785=STYLED_ITEM('',(#8199),#10691);
#7786=STYLED_ITEM('',(#8200),#10692);
#7787=STYLED_ITEM('',(#8201),#10693);
#7788=STYLED_ITEM('',(#8202),#10694);
#7789=STYLED_ITEM('',(#8203),#10695);
#7790=STYLED_ITEM('',(#8204),#10696);
#7791=STYLED_ITEM('',(#8205),#10697);
#7792=STYLED_ITEM('',(#8206),#10698);
#7793=STYLED_ITEM('',(#8207),#10699);
#7794=STYLED_ITEM('',(#8208),#10700);
#7795=STYLED_ITEM('',(#8209),#10701);
#7796=STYLED_ITEM('',(#8210),#10702);
#7797=STYLED_ITEM('',(#8211),#10703);
#7798=STYLED_ITEM('',(#8212),#10704);
#7799=STYLED_ITEM('',(#8213),#10705);
#7800=STYLED_ITEM('',(#8214),#10706);
#7801=STYLED_ITEM('',(#8215),#10707);
#7802=STYLED_ITEM('',(#8216),#10708);
#7803=STYLED_ITEM('',(#8217),#10709);
#7804=STYLED_ITEM('',(#8218),#10710);
#7805=STYLED_ITEM('',(#8219),#10711);
#7806=STYLED_ITEM('',(#8220),#10712);
#7807=STYLED_ITEM('',(#8221),#10713);
#7808=STYLED_ITEM('',(#8222),#10714);
#7809=STYLED_ITEM('',(#8223),#10715);
#7810=STYLED_ITEM('',(#8224),#10716);
#7811=STYLED_ITEM('',(#8225),#10717);
#7812=STYLED_ITEM('',(#8226),#10718);
#7813=STYLED_ITEM('',(#8227),#10719);
#7814=STYLED_ITEM('',(#8228),#10720);
#7815=STYLED_ITEM('',(#8229),#10721);
#7816=STYLED_ITEM('',(#8230),#10722);
#7817=STYLED_ITEM('',(#8231),#10723);
#7818=STYLED_ITEM('',(#8232),#10724);
#7819=STYLED_ITEM('',(#8233),#10725);
#7820=STYLED_ITEM('',(#8234),#10726);
#7821=STYLED_ITEM('',(#8235),#10727);
#7822=STYLED_ITEM('',(#8236),#10728);
#7823=STYLED_ITEM('',(#8237),#10729);
#7824=STYLED_ITEM('',(#8238),#10730);
#7825=PRESENTATION_STYLE_ASSIGNMENT((#8239));
#7826=PRESENTATION_STYLE_ASSIGNMENT((#8240));
#7827=PRESENTATION_STYLE_ASSIGNMENT((#8241));
#7828=PRESENTATION_STYLE_ASSIGNMENT((#8242));
#7829=PRESENTATION_STYLE_ASSIGNMENT((#8243));
#7830=PRESENTATION_STYLE_ASSIGNMENT((#8244));
#7831=PRESENTATION_STYLE_ASSIGNMENT((#8245));
#7832=PRESENTATION_STYLE_ASSIGNMENT((#8246));
#7833=PRESENTATION_STYLE_ASSIGNMENT((#8247));
#7834=PRESENTATION_STYLE_ASSIGNMENT((#8248));
#7835=PRESENTATION_STYLE_ASSIGNMENT((#8249));
#7836=PRESENTATION_STYLE_ASSIGNMENT((#8250));
#7837=PRESENTATION_STYLE_ASSIGNMENT((#8251));
#7838=PRESENTATION_STYLE_ASSIGNMENT((#8252));
#7839=PRESENTATION_STYLE_ASSIGNMENT((#8253));
#7840=PRESENTATION_STYLE_ASSIGNMENT((#8254));
#7841=PRESENTATION_STYLE_ASSIGNMENT((#8255));
#7842=PRESENTATION_STYLE_ASSIGNMENT((#8256));
#7843=PRESENTATION_STYLE_ASSIGNMENT((#8257));
#7844=PRESENTATION_STYLE_ASSIGNMENT((#8258));
#7845=PRESENTATION_STYLE_ASSIGNMENT((#8259));
#7846=PRESENTATION_STYLE_ASSIGNMENT((#8260));
#7847=PRESENTATION_STYLE_ASSIGNMENT((#8261));
#7848=PRESENTATION_STYLE_ASSIGNMENT((#8262));
#7849=PRESENTATION_STYLE_ASSIGNMENT((#8263));
#7850=PRESENTATION_STYLE_ASSIGNMENT((#8264));
#7851=PRESENTATION_STYLE_ASSIGNMENT((#8265));
#7852=PRESENTATION_STYLE_ASSIGNMENT((#8266));
#7853=PRESENTATION_STYLE_ASSIGNMENT((#8267));
#7854=PRESENTATION_STYLE_ASSIGNMENT((#8268));
#7855=PRESENTATION_STYLE_ASSIGNMENT((#8269));
#7856=PRESENTATION_STYLE_ASSIGNMENT((#8270));
#7857=PRESENTATION_STYLE_ASSIGNMENT((#8271));
#7858=PRESENTATION_STYLE_ASSIGNMENT((#8272));
#7859=PRESENTATION_STYLE_ASSIGNMENT((#8273));
#7860=PRESENTATION_STYLE_ASSIGNMENT((#8274));
#7861=PRESENTATION_STYLE_ASSIGNMENT((#8275));
#7862=PRESENTATION_STYLE_ASSIGNMENT((#8276));
#7863=PRESENTATION_STYLE_ASSIGNMENT((#8277));
#7864=PRESENTATION_STYLE_ASSIGNMENT((#8278));
#7865=PRESENTATION_STYLE_ASSIGNMENT((#8279));
#7866=PRESENTATION_STYLE_ASSIGNMENT((#8280));
#7867=PRESENTATION_STYLE_ASSIGNMENT((#8281));
#7868=PRESENTATION_STYLE_ASSIGNMENT((#8282));
#7869=PRESENTATION_STYLE_ASSIGNMENT((#8283));
#7870=PRESENTATION_STYLE_ASSIGNMENT((#8284));
#7871=PRESENTATION_STYLE_ASSIGNMENT((#8285));
#7872=PRESENTATION_STYLE_ASSIGNMENT((#8286));
#7873=PRESENTATION_STYLE_ASSIGNMENT((#8287));
#7874=PRESENTATION_STYLE_ASSIGNMENT((#8288));
#7875=PRESENTATION_STYLE_ASSIGNMENT((#8289));
#7876=PRESENTATION_STYLE_ASSIGNMENT((#8290));
#7877=PRESENTATION_STYLE_ASSIGNMENT((#8291));
#7878=PRESENTATION_STYLE_ASSIGNMENT((#8292));
#7879=PRESENTATION_STYLE_ASSIGNMENT((#8293));
#7880=PRESENTATION_STYLE_ASSIGNMENT((#8294));
#7881=PRESENTATION_STYLE_ASSIGNMENT((#8295));
#7882=PRESENTATION_STYLE_ASSIGNMENT((#8296));
#7883=PRESENTATION_STYLE_ASSIGNMENT((#8297));
#7884=PRESENTATION_STYLE_ASSIGNMENT((#8298));
#7885=PRESENTATION_STYLE_ASSIGNMENT((#8299));
#7886=PRESENTATION_STYLE_ASSIGNMENT((#8300));
#7887=PRESENTATION_STYLE_ASSIGNMENT((#8301));
#7888=PRESENTATION_STYLE_ASSIGNMENT((#8302));
#7889=PRESENTATION_STYLE_ASSIGNMENT((#8303));
#7890=PRESENTATION_STYLE_ASSIGNMENT((#8304));
#7891=PRESENTATION_STYLE_ASSIGNMENT((#8305));
#7892=PRESENTATION_STYLE_ASSIGNMENT((#8306));
#7893=PRESENTATION_STYLE_ASSIGNMENT((#8307));
#7894=PRESENTATION_STYLE_ASSIGNMENT((#8308));
#7895=PRESENTATION_STYLE_ASSIGNMENT((#8309));
#7896=PRESENTATION_STYLE_ASSIGNMENT((#8310));
#7897=PRESENTATION_STYLE_ASSIGNMENT((#8311));
#7898=PRESENTATION_STYLE_ASSIGNMENT((#8312));
#7899=PRESENTATION_STYLE_ASSIGNMENT((#8313));
#7900=PRESENTATION_STYLE_ASSIGNMENT((#8314));
#7901=PRESENTATION_STYLE_ASSIGNMENT((#8315));
#7902=PRESENTATION_STYLE_ASSIGNMENT((#8316));
#7903=PRESENTATION_STYLE_ASSIGNMENT((#8317));
#7904=PRESENTATION_STYLE_ASSIGNMENT((#8318));
#7905=PRESENTATION_STYLE_ASSIGNMENT((#8319));
#7906=PRESENTATION_STYLE_ASSIGNMENT((#8320));
#7907=PRESENTATION_STYLE_ASSIGNMENT((#8321));
#7908=PRESENTATION_STYLE_ASSIGNMENT((#8322));
#7909=PRESENTATION_STYLE_ASSIGNMENT((#8323));
#7910=PRESENTATION_STYLE_ASSIGNMENT((#8324));
#7911=PRESENTATION_STYLE_ASSIGNMENT((#8325));
#7912=PRESENTATION_STYLE_ASSIGNMENT((#8326));
#7913=PRESENTATION_STYLE_ASSIGNMENT((#8327));
#7914=PRESENTATION_STYLE_ASSIGNMENT((#8328));
#7915=PRESENTATION_STYLE_ASSIGNMENT((#8329));
#7916=PRESENTATION_STYLE_ASSIGNMENT((#8330));
#7917=PRESENTATION_STYLE_ASSIGNMENT((#8331));
#7918=PRESENTATION_STYLE_ASSIGNMENT((#8332));
#7919=PRESENTATION_STYLE_ASSIGNMENT((#8333));
#7920=PRESENTATION_STYLE_ASSIGNMENT((#8334));
#7921=PRESENTATION_STYLE_ASSIGNMENT((#8335));
#7922=PRESENTATION_STYLE_ASSIGNMENT((#8336));
#7923=PRESENTATION_STYLE_ASSIGNMENT((#8337));
#7924=PRESENTATION_STYLE_ASSIGNMENT((#8338));
#7925=PRESENTATION_STYLE_ASSIGNMENT((#8339));
#7926=PRESENTATION_STYLE_ASSIGNMENT((#8340));
#7927=PRESENTATION_STYLE_ASSIGNMENT((#8341));
#7928=PRESENTATION_STYLE_ASSIGNMENT((#8342));
#7929=PRESENTATION_STYLE_ASSIGNMENT((#8343));
#7930=PRESENTATION_STYLE_ASSIGNMENT((#8344));
#7931=PRESENTATION_STYLE_ASSIGNMENT((#8345));
#7932=PRESENTATION_STYLE_ASSIGNMENT((#8346));
#7933=PRESENTATION_STYLE_ASSIGNMENT((#8347));
#7934=PRESENTATION_STYLE_ASSIGNMENT((#8348));
#7935=PRESENTATION_STYLE_ASSIGNMENT((#8349));
#7936=PRESENTATION_STYLE_ASSIGNMENT((#8350));
#7937=PRESENTATION_STYLE_ASSIGNMENT((#8351));
#7938=PRESENTATION_STYLE_ASSIGNMENT((#8352));
#7939=PRESENTATION_STYLE_ASSIGNMENT((#8353));
#7940=PRESENTATION_STYLE_ASSIGNMENT((#8354));
#7941=PRESENTATION_STYLE_ASSIGNMENT((#8355));
#7942=PRESENTATION_STYLE_ASSIGNMENT((#8356));
#7943=PRESENTATION_STYLE_ASSIGNMENT((#8357));
#7944=PRESENTATION_STYLE_ASSIGNMENT((#8358));
#7945=PRESENTATION_STYLE_ASSIGNMENT((#8359));
#7946=PRESENTATION_STYLE_ASSIGNMENT((#8360));
#7947=PRESENTATION_STYLE_ASSIGNMENT((#8361));
#7948=PRESENTATION_STYLE_ASSIGNMENT((#8362));
#7949=PRESENTATION_STYLE_ASSIGNMENT((#8363));
#7950=PRESENTATION_STYLE_ASSIGNMENT((#8364));
#7951=PRESENTATION_STYLE_ASSIGNMENT((#8365));
#7952=PRESENTATION_STYLE_ASSIGNMENT((#8366));
#7953=PRESENTATION_STYLE_ASSIGNMENT((#8367));
#7954=PRESENTATION_STYLE_ASSIGNMENT((#8368));
#7955=PRESENTATION_STYLE_ASSIGNMENT((#8369));
#7956=PRESENTATION_STYLE_ASSIGNMENT((#8370));
#7957=PRESENTATION_STYLE_ASSIGNMENT((#8371));
#7958=PRESENTATION_STYLE_ASSIGNMENT((#8372));
#7959=PRESENTATION_STYLE_ASSIGNMENT((#8373));
#7960=PRESENTATION_STYLE_ASSIGNMENT((#8374));
#7961=PRESENTATION_STYLE_ASSIGNMENT((#8375));
#7962=PRESENTATION_STYLE_ASSIGNMENT((#8376));
#7963=PRESENTATION_STYLE_ASSIGNMENT((#8377));
#7964=PRESENTATION_STYLE_ASSIGNMENT((#8378));
#7965=PRESENTATION_STYLE_ASSIGNMENT((#8379));
#7966=PRESENTATION_STYLE_ASSIGNMENT((#8380));
#7967=PRESENTATION_STYLE_ASSIGNMENT((#8381));
#7968=PRESENTATION_STYLE_ASSIGNMENT((#8382));
#7969=PRESENTATION_STYLE_ASSIGNMENT((#8383));
#7970=PRESENTATION_STYLE_ASSIGNMENT((#8384));
#7971=PRESENTATION_STYLE_ASSIGNMENT((#8385));
#7972=PRESENTATION_STYLE_ASSIGNMENT((#8386));
#7973=PRESENTATION_STYLE_ASSIGNMENT((#8387));
#7974=PRESENTATION_STYLE_ASSIGNMENT((#8388));
#7975=PRESENTATION_STYLE_ASSIGNMENT((#8389));
#7976=PRESENTATION_STYLE_ASSIGNMENT((#8390));
#7977=PRESENTATION_STYLE_ASSIGNMENT((#8391));
#7978=PRESENTATION_STYLE_ASSIGNMENT((#8392));
#7979=PRESENTATION_STYLE_ASSIGNMENT((#8393));
#7980=PRESENTATION_STYLE_ASSIGNMENT((#8394));
#7981=PRESENTATION_STYLE_ASSIGNMENT((#8395));
#7982=PRESENTATION_STYLE_ASSIGNMENT((#8396));
#7983=PRESENTATION_STYLE_ASSIGNMENT((#8397));
#7984=PRESENTATION_STYLE_ASSIGNMENT((#8398));
#7985=PRESENTATION_STYLE_ASSIGNMENT((#8399));
#7986=PRESENTATION_STYLE_ASSIGNMENT((#8400));
#7987=PRESENTATION_STYLE_ASSIGNMENT((#8401));
#7988=PRESENTATION_STYLE_ASSIGNMENT((#8402));
#7989=PRESENTATION_STYLE_ASSIGNMENT((#8403));
#7990=PRESENTATION_STYLE_ASSIGNMENT((#8404));
#7991=PRESENTATION_STYLE_ASSIGNMENT((#8405));
#7992=PRESENTATION_STYLE_ASSIGNMENT((#8406));
#7993=PRESENTATION_STYLE_ASSIGNMENT((#8407));
#7994=PRESENTATION_STYLE_ASSIGNMENT((#8408));
#7995=PRESENTATION_STYLE_ASSIGNMENT((#8409));
#7996=PRESENTATION_STYLE_ASSIGNMENT((#8410));
#7997=PRESENTATION_STYLE_ASSIGNMENT((#8411));
#7998=PRESENTATION_STYLE_ASSIGNMENT((#8412));
#7999=PRESENTATION_STYLE_ASSIGNMENT((#8413));
#8000=PRESENTATION_STYLE_ASSIGNMENT((#8414));
#8001=PRESENTATION_STYLE_ASSIGNMENT((#8415));
#8002=PRESENTATION_STYLE_ASSIGNMENT((#8416));
#8003=PRESENTATION_STYLE_ASSIGNMENT((#8417));
#8004=PRESENTATION_STYLE_ASSIGNMENT((#8418));
#8005=PRESENTATION_STYLE_ASSIGNMENT((#8419));
#8006=PRESENTATION_STYLE_ASSIGNMENT((#8420));
#8007=PRESENTATION_STYLE_ASSIGNMENT((#8421));
#8008=PRESENTATION_STYLE_ASSIGNMENT((#8422));
#8009=PRESENTATION_STYLE_ASSIGNMENT((#8423));
#8010=PRESENTATION_STYLE_ASSIGNMENT((#8424));
#8011=PRESENTATION_STYLE_ASSIGNMENT((#8425));
#8012=PRESENTATION_STYLE_ASSIGNMENT((#8426));
#8013=PRESENTATION_STYLE_ASSIGNMENT((#8427));
#8014=PRESENTATION_STYLE_ASSIGNMENT((#8428));
#8015=PRESENTATION_STYLE_ASSIGNMENT((#8429));
#8016=PRESENTATION_STYLE_ASSIGNMENT((#8430));
#8017=PRESENTATION_STYLE_ASSIGNMENT((#8431));
#8018=PRESENTATION_STYLE_ASSIGNMENT((#8432));
#8019=PRESENTATION_STYLE_ASSIGNMENT((#8433));
#8020=PRESENTATION_STYLE_ASSIGNMENT((#8434));
#8021=PRESENTATION_STYLE_ASSIGNMENT((#8435));
#8022=PRESENTATION_STYLE_ASSIGNMENT((#8436));
#8023=PRESENTATION_STYLE_ASSIGNMENT((#8437));
#8024=PRESENTATION_STYLE_ASSIGNMENT((#8438));
#8025=PRESENTATION_STYLE_ASSIGNMENT((#8439));
#8026=PRESENTATION_STYLE_ASSIGNMENT((#8440));
#8027=PRESENTATION_STYLE_ASSIGNMENT((#8441));
#8028=PRESENTATION_STYLE_ASSIGNMENT((#8442));
#8029=PRESENTATION_STYLE_ASSIGNMENT((#8443));
#8030=PRESENTATION_STYLE_ASSIGNMENT((#8444));
#8031=PRESENTATION_STYLE_ASSIGNMENT((#8445));
#8032=PRESENTATION_STYLE_ASSIGNMENT((#8446));
#8033=PRESENTATION_STYLE_ASSIGNMENT((#8447));
#8034=PRESENTATION_STYLE_ASSIGNMENT((#8448));
#8035=PRESENTATION_STYLE_ASSIGNMENT((#8449));
#8036=PRESENTATION_STYLE_ASSIGNMENT((#8450));
#8037=PRESENTATION_STYLE_ASSIGNMENT((#8451));
#8038=PRESENTATION_STYLE_ASSIGNMENT((#8452));
#8039=PRESENTATION_STYLE_ASSIGNMENT((#8453));
#8040=PRESENTATION_STYLE_ASSIGNMENT((#8454));
#8041=PRESENTATION_STYLE_ASSIGNMENT((#8455));
#8042=PRESENTATION_STYLE_ASSIGNMENT((#8456));
#8043=PRESENTATION_STYLE_ASSIGNMENT((#8457));
#8044=PRESENTATION_STYLE_ASSIGNMENT((#8458));
#8045=PRESENTATION_STYLE_ASSIGNMENT((#8459));
#8046=PRESENTATION_STYLE_ASSIGNMENT((#8460));
#8047=PRESENTATION_STYLE_ASSIGNMENT((#8461));
#8048=PRESENTATION_STYLE_ASSIGNMENT((#8462));
#8049=PRESENTATION_STYLE_ASSIGNMENT((#8463));
#8050=PRESENTATION_STYLE_ASSIGNMENT((#8464));
#8051=PRESENTATION_STYLE_ASSIGNMENT((#8465));
#8052=PRESENTATION_STYLE_ASSIGNMENT((#8466));
#8053=PRESENTATION_STYLE_ASSIGNMENT((#8467));
#8054=PRESENTATION_STYLE_ASSIGNMENT((#8468));
#8055=PRESENTATION_STYLE_ASSIGNMENT((#8469));
#8056=PRESENTATION_STYLE_ASSIGNMENT((#8470));
#8057=PRESENTATION_STYLE_ASSIGNMENT((#8471));
#8058=PRESENTATION_STYLE_ASSIGNMENT((#8472));
#8059=PRESENTATION_STYLE_ASSIGNMENT((#8473));
#8060=PRESENTATION_STYLE_ASSIGNMENT((#8474));
#8061=PRESENTATION_STYLE_ASSIGNMENT((#8475));
#8062=PRESENTATION_STYLE_ASSIGNMENT((#8476));
#8063=PRESENTATION_STYLE_ASSIGNMENT((#8477));
#8064=PRESENTATION_STYLE_ASSIGNMENT((#8478));
#8065=PRESENTATION_STYLE_ASSIGNMENT((#8479));
#8066=PRESENTATION_STYLE_ASSIGNMENT((#8480));
#8067=PRESENTATION_STYLE_ASSIGNMENT((#8481));
#8068=PRESENTATION_STYLE_ASSIGNMENT((#8482));
#8069=PRESENTATION_STYLE_ASSIGNMENT((#8483));
#8070=PRESENTATION_STYLE_ASSIGNMENT((#8484));
#8071=PRESENTATION_STYLE_ASSIGNMENT((#8485));
#8072=PRESENTATION_STYLE_ASSIGNMENT((#8486));
#8073=PRESENTATION_STYLE_ASSIGNMENT((#8487));
#8074=PRESENTATION_STYLE_ASSIGNMENT((#8488));
#8075=PRESENTATION_STYLE_ASSIGNMENT((#8489));
#8076=PRESENTATION_STYLE_ASSIGNMENT((#8490));
#8077=PRESENTATION_STYLE_ASSIGNMENT((#8491));
#8078=PRESENTATION_STYLE_ASSIGNMENT((#8492));
#8079=PRESENTATION_STYLE_ASSIGNMENT((#8493));
#8080=PRESENTATION_STYLE_ASSIGNMENT((#8494));
#8081=PRESENTATION_STYLE_ASSIGNMENT((#8495));
#8082=PRESENTATION_STYLE_ASSIGNMENT((#8496));
#8083=PRESENTATION_STYLE_ASSIGNMENT((#8497));
#8084=PRESENTATION_STYLE_ASSIGNMENT((#8498));
#8085=PRESENTATION_STYLE_ASSIGNMENT((#8499));
#8086=PRESENTATION_STYLE_ASSIGNMENT((#8500));
#8087=PRESENTATION_STYLE_ASSIGNMENT((#8501));
#8088=PRESENTATION_STYLE_ASSIGNMENT((#8502));
#8089=PRESENTATION_STYLE_ASSIGNMENT((#8503));
#8090=PRESENTATION_STYLE_ASSIGNMENT((#8504));
#8091=PRESENTATION_STYLE_ASSIGNMENT((#8505));
#8092=PRESENTATION_STYLE_ASSIGNMENT((#8506));
#8093=PRESENTATION_STYLE_ASSIGNMENT((#8507));
#8094=PRESENTATION_STYLE_ASSIGNMENT((#8508));
#8095=PRESENTATION_STYLE_ASSIGNMENT((#8509));
#8096=PRESENTATION_STYLE_ASSIGNMENT((#8510));
#8097=PRESENTATION_STYLE_ASSIGNMENT((#8511));
#8098=PRESENTATION_STYLE_ASSIGNMENT((#8512));
#8099=PRESENTATION_STYLE_ASSIGNMENT((#8513));
#8100=PRESENTATION_STYLE_ASSIGNMENT((#8514));
#8101=PRESENTATION_STYLE_ASSIGNMENT((#8515));
#8102=PRESENTATION_STYLE_ASSIGNMENT((#8516));
#8103=PRESENTATION_STYLE_ASSIGNMENT((#8517));
#8104=PRESENTATION_STYLE_ASSIGNMENT((#8518));
#8105=PRESENTATION_STYLE_ASSIGNMENT((#8519));
#8106=PRESENTATION_STYLE_ASSIGNMENT((#8520));
#8107=PRESENTATION_STYLE_ASSIGNMENT((#8521));
#8108=PRESENTATION_STYLE_ASSIGNMENT((#8522));
#8109=PRESENTATION_STYLE_ASSIGNMENT((#8523));
#8110=PRESENTATION_STYLE_ASSIGNMENT((#8524));
#8111=PRESENTATION_STYLE_ASSIGNMENT((#8525));
#8112=PRESENTATION_STYLE_ASSIGNMENT((#8526));
#8113=PRESENTATION_STYLE_ASSIGNMENT((#8527));
#8114=PRESENTATION_STYLE_ASSIGNMENT((#8528));
#8115=PRESENTATION_STYLE_ASSIGNMENT((#8529));
#8116=PRESENTATION_STYLE_ASSIGNMENT((#8530));
#8117=PRESENTATION_STYLE_ASSIGNMENT((#8531));
#8118=PRESENTATION_STYLE_ASSIGNMENT((#8532));
#8119=PRESENTATION_STYLE_ASSIGNMENT((#8533));
#8120=PRESENTATION_STYLE_ASSIGNMENT((#8534));
#8121=PRESENTATION_STYLE_ASSIGNMENT((#8535));
#8122=PRESENTATION_STYLE_ASSIGNMENT((#8536));
#8123=PRESENTATION_STYLE_ASSIGNMENT((#8537));
#8124=PRESENTATION_STYLE_ASSIGNMENT((#8538));
#8125=PRESENTATION_STYLE_ASSIGNMENT((#8539));
#8126=PRESENTATION_STYLE_ASSIGNMENT((#8540));
#8127=PRESENTATION_STYLE_ASSIGNMENT((#8541));
#8128=PRESENTATION_STYLE_ASSIGNMENT((#8542));
#8129=PRESENTATION_STYLE_ASSIGNMENT((#8543));
#8130=PRESENTATION_STYLE_ASSIGNMENT((#8544));
#8131=PRESENTATION_STYLE_ASSIGNMENT((#8545));
#8132=PRESENTATION_STYLE_ASSIGNMENT((#8546));
#8133=PRESENTATION_STYLE_ASSIGNMENT((#8547));
#8134=PRESENTATION_STYLE_ASSIGNMENT((#8548));
#8135=PRESENTATION_STYLE_ASSIGNMENT((#8549));
#8136=PRESENTATION_STYLE_ASSIGNMENT((#8550));
#8137=PRESENTATION_STYLE_ASSIGNMENT((#8551));
#8138=PRESENTATION_STYLE_ASSIGNMENT((#8552));
#8139=PRESENTATION_STYLE_ASSIGNMENT((#8553));
#8140=PRESENTATION_STYLE_ASSIGNMENT((#8554));
#8141=PRESENTATION_STYLE_ASSIGNMENT((#8555));
#8142=PRESENTATION_STYLE_ASSIGNMENT((#8556));
#8143=PRESENTATION_STYLE_ASSIGNMENT((#8557));
#8144=PRESENTATION_STYLE_ASSIGNMENT((#8558));
#8145=PRESENTATION_STYLE_ASSIGNMENT((#8559));
#8146=PRESENTATION_STYLE_ASSIGNMENT((#8560));
#8147=PRESENTATION_STYLE_ASSIGNMENT((#8561));
#8148=PRESENTATION_STYLE_ASSIGNMENT((#8562));
#8149=PRESENTATION_STYLE_ASSIGNMENT((#8563));
#8150=PRESENTATION_STYLE_ASSIGNMENT((#8564));
#8151=PRESENTATION_STYLE_ASSIGNMENT((#8565));
#8152=PRESENTATION_STYLE_ASSIGNMENT((#8566));
#8153=PRESENTATION_STYLE_ASSIGNMENT((#8567));
#8154=PRESENTATION_STYLE_ASSIGNMENT((#8568));
#8155=PRESENTATION_STYLE_ASSIGNMENT((#8569));
#8156=PRESENTATION_STYLE_ASSIGNMENT((#8570));
#8157=PRESENTATION_STYLE_ASSIGNMENT((#8571));
#8158=PRESENTATION_STYLE_ASSIGNMENT((#8572));
#8159=PRESENTATION_STYLE_ASSIGNMENT((#8573));
#8160=PRESENTATION_STYLE_ASSIGNMENT((#8574));
#8161=PRESENTATION_STYLE_ASSIGNMENT((#8575));
#8162=PRESENTATION_STYLE_ASSIGNMENT((#8576));
#8163=PRESENTATION_STYLE_ASSIGNMENT((#8577));
#8164=PRESENTATION_STYLE_ASSIGNMENT((#8578));
#8165=PRESENTATION_STYLE_ASSIGNMENT((#8579));
#8166=PRESENTATION_STYLE_ASSIGNMENT((#8580));
#8167=PRESENTATION_STYLE_ASSIGNMENT((#8581));
#8168=PRESENTATION_STYLE_ASSIGNMENT((#8582));
#8169=PRESENTATION_STYLE_ASSIGNMENT((#8583));
#8170=PRESENTATION_STYLE_ASSIGNMENT((#8584));
#8171=PRESENTATION_STYLE_ASSIGNMENT((#8585));
#8172=PRESENTATION_STYLE_ASSIGNMENT((#8586));
#8173=PRESENTATION_STYLE_ASSIGNMENT((#8587));
#8174=PRESENTATION_STYLE_ASSIGNMENT((#8588));
#8175=PRESENTATION_STYLE_ASSIGNMENT((#8589));
#8176=PRESENTATION_STYLE_ASSIGNMENT((#8590));
#8177=PRESENTATION_STYLE_ASSIGNMENT((#8591));
#8178=PRESENTATION_STYLE_ASSIGNMENT((#8592));
#8179=PRESENTATION_STYLE_ASSIGNMENT((#8593));
#8180=PRESENTATION_STYLE_ASSIGNMENT((#8594));
#8181=PRESENTATION_STYLE_ASSIGNMENT((#8595));
#8182=PRESENTATION_STYLE_ASSIGNMENT((#8596));
#8183=PRESENTATION_STYLE_ASSIGNMENT((#8597));
#8184=PRESENTATION_STYLE_ASSIGNMENT((#8598));
#8185=PRESENTATION_STYLE_ASSIGNMENT((#8599));
#8186=PRESENTATION_STYLE_ASSIGNMENT((#8600));
#8187=PRESENTATION_STYLE_ASSIGNMENT((#8601));
#8188=PRESENTATION_STYLE_ASSIGNMENT((#8602));
#8189=PRESENTATION_STYLE_ASSIGNMENT((#8603));
#8190=PRESENTATION_STYLE_ASSIGNMENT((#8604));
#8191=PRESENTATION_STYLE_ASSIGNMENT((#8605));
#8192=PRESENTATION_STYLE_ASSIGNMENT((#8606));
#8193=PRESENTATION_STYLE_ASSIGNMENT((#8607));
#8194=PRESENTATION_STYLE_ASSIGNMENT((#8608));
#8195=PRESENTATION_STYLE_ASSIGNMENT((#8609));
#8196=PRESENTATION_STYLE_ASSIGNMENT((#8610));
#8197=PRESENTATION_STYLE_ASSIGNMENT((#8611));
#8198=PRESENTATION_STYLE_ASSIGNMENT((#8612));
#8199=PRESENTATION_STYLE_ASSIGNMENT((#8613));
#8200=PRESENTATION_STYLE_ASSIGNMENT((#8614));
#8201=PRESENTATION_STYLE_ASSIGNMENT((#8615));
#8202=PRESENTATION_STYLE_ASSIGNMENT((#8616));
#8203=PRESENTATION_STYLE_ASSIGNMENT((#8617));
#8204=PRESENTATION_STYLE_ASSIGNMENT((#8618));
#8205=PRESENTATION_STYLE_ASSIGNMENT((#8619));
#8206=PRESENTATION_STYLE_ASSIGNMENT((#8620));
#8207=PRESENTATION_STYLE_ASSIGNMENT((#8621));
#8208=PRESENTATION_STYLE_ASSIGNMENT((#8622));
#8209=PRESENTATION_STYLE_ASSIGNMENT((#8623));
#8210=PRESENTATION_STYLE_ASSIGNMENT((#8624));
#8211=PRESENTATION_STYLE_ASSIGNMENT((#8625));
#8212=PRESENTATION_STYLE_ASSIGNMENT((#8626));
#8213=PRESENTATION_STYLE_ASSIGNMENT((#8627));
#8214=PRESENTATION_STYLE_ASSIGNMENT((#8628));
#8215=PRESENTATION_STYLE_ASSIGNMENT((#8629));
#8216=PRESENTATION_STYLE_ASSIGNMENT((#8630));
#8217=PRESENTATION_STYLE_ASSIGNMENT((#8631));
#8218=PRESENTATION_STYLE_ASSIGNMENT((#8632));
#8219=PRESENTATION_STYLE_ASSIGNMENT((#8633));
#8220=PRESENTATION_STYLE_ASSIGNMENT((#8634));
#8221=PRESENTATION_STYLE_ASSIGNMENT((#8635));
#8222=PRESENTATION_STYLE_ASSIGNMENT((#8636));
#8223=PRESENTATION_STYLE_ASSIGNMENT((#8637));
#8224=PRESENTATION_STYLE_ASSIGNMENT((#8638));
#8225=PRESENTATION_STYLE_ASSIGNMENT((#8639));
#8226=PRESENTATION_STYLE_ASSIGNMENT((#8640));
#8227=PRESENTATION_STYLE_ASSIGNMENT((#8641));
#8228=PRESENTATION_STYLE_ASSIGNMENT((#8642));
#8229=PRESENTATION_STYLE_ASSIGNMENT((#8643));
#8230=PRESENTATION_STYLE_ASSIGNMENT((#8644));
#8231=PRESENTATION_STYLE_ASSIGNMENT((#8645));
#8232=PRESENTATION_STYLE_ASSIGNMENT((#8646));
#8233=PRESENTATION_STYLE_ASSIGNMENT((#8647));
#8234=PRESENTATION_STYLE_ASSIGNMENT((#8648));
#8235=PRESENTATION_STYLE_ASSIGNMENT((#8649));
#8236=PRESENTATION_STYLE_ASSIGNMENT((#8650));
#8237=PRESENTATION_STYLE_ASSIGNMENT((#8651));
#8238=PRESENTATION_STYLE_ASSIGNMENT((#8652));
#8239=SURFACE_STYLE_USAGE(.BOTH.,#8653);
#8240=SURFACE_STYLE_USAGE(.BOTH.,#8654);
#8241=SURFACE_STYLE_USAGE(.BOTH.,#8655);
#8242=SURFACE_STYLE_USAGE(.BOTH.,#8656);
#8243=SURFACE_STYLE_USAGE(.BOTH.,#8657);
#8244=SURFACE_STYLE_USAGE(.BOTH.,#8658);
#8245=SURFACE_STYLE_USAGE(.BOTH.,#8659);
#8246=SURFACE_STYLE_USAGE(.BOTH.,#8660);
#8247=SURFACE_STYLE_USAGE(.BOTH.,#8661);
#8248=SURFACE_STYLE_USAGE(.BOTH.,#8662);
#8249=SURFACE_STYLE_USAGE(.BOTH.,#8663);
#8250=SURFACE_STYLE_USAGE(.BOTH.,#8664);
#8251=SURFACE_STYLE_USAGE(.BOTH.,#8665);
#8252=SURFACE_STYLE_USAGE(.BOTH.,#8666);
#8253=SURFACE_STYLE_USAGE(.BOTH.,#8667);
#8254=SURFACE_STYLE_USAGE(.BOTH.,#8668);
#8255=SURFACE_STYLE_USAGE(.BOTH.,#8669);
#8256=SURFACE_STYLE_USAGE(.BOTH.,#8670);
#8257=SURFACE_STYLE_USAGE(.BOTH.,#8671);
#8258=SURFACE_STYLE_USAGE(.BOTH.,#8672);
#8259=SURFACE_STYLE_USAGE(.BOTH.,#8673);
#8260=SURFACE_STYLE_USAGE(.BOTH.,#8674);
#8261=SURFACE_STYLE_USAGE(.BOTH.,#8675);
#8262=SURFACE_STYLE_USAGE(.BOTH.,#8676);
#8263=SURFACE_STYLE_USAGE(.BOTH.,#8677);
#8264=SURFACE_STYLE_USAGE(.BOTH.,#8678);
#8265=SURFACE_STYLE_USAGE(.BOTH.,#8679);
#8266=SURFACE_STYLE_USAGE(.BOTH.,#8680);
#8267=SURFACE_STYLE_USAGE(.BOTH.,#8681);
#8268=SURFACE_STYLE_USAGE(.BOTH.,#8682);
#8269=SURFACE_STYLE_USAGE(.BOTH.,#8683);
#8270=SURFACE_STYLE_USAGE(.BOTH.,#8684);
#8271=SURFACE_STYLE_USAGE(.BOTH.,#8685);
#8272=SURFACE_STYLE_USAGE(.BOTH.,#8686);
#8273=SURFACE_STYLE_USAGE(.BOTH.,#8687);
#8274=SURFACE_STYLE_USAGE(.BOTH.,#8688);
#8275=SURFACE_STYLE_USAGE(.BOTH.,#8689);
#8276=SURFACE_STYLE_USAGE(.BOTH.,#8690);
#8277=SURFACE_STYLE_USAGE(.BOTH.,#8691);
#8278=SURFACE_STYLE_USAGE(.BOTH.,#8692);
#8279=SURFACE_STYLE_USAGE(.BOTH.,#8693);
#8280=SURFACE_STYLE_USAGE(.BOTH.,#8694);
#8281=SURFACE_STYLE_USAGE(.BOTH.,#8695);
#8282=SURFACE_STYLE_USAGE(.BOTH.,#8696);
#8283=SURFACE_STYLE_USAGE(.BOTH.,#8697);
#8284=SURFACE_STYLE_USAGE(.BOTH.,#8698);
#8285=SURFACE_STYLE_USAGE(.BOTH.,#8699);
#8286=SURFACE_STYLE_USAGE(.BOTH.,#8700);
#8287=SURFACE_STYLE_USAGE(.BOTH.,#8701);
#8288=SURFACE_STYLE_USAGE(.BOTH.,#8702);
#8289=SURFACE_STYLE_USAGE(.BOTH.,#8703);
#8290=SURFACE_STYLE_USAGE(.BOTH.,#8704);
#8291=SURFACE_STYLE_USAGE(.BOTH.,#8705);
#8292=SURFACE_STYLE_USAGE(.BOTH.,#8706);
#8293=SURFACE_STYLE_USAGE(.BOTH.,#8707);
#8294=SURFACE_STYLE_USAGE(.BOTH.,#8708);
#8295=SURFACE_STYLE_USAGE(.BOTH.,#8709);
#8296=SURFACE_STYLE_USAGE(.BOTH.,#8710);
#8297=SURFACE_STYLE_USAGE(.BOTH.,#8711);
#8298=SURFACE_STYLE_USAGE(.BOTH.,#8712);
#8299=SURFACE_STYLE_USAGE(.BOTH.,#8713);
#8300=SURFACE_STYLE_USAGE(.BOTH.,#8714);
#8301=SURFACE_STYLE_USAGE(.BOTH.,#8715);
#8302=SURFACE_STYLE_USAGE(.BOTH.,#8716);
#8303=SURFACE_STYLE_USAGE(.BOTH.,#8717);
#8304=SURFACE_STYLE_USAGE(.BOTH.,#8718);
#8305=SURFACE_STYLE_USAGE(.BOTH.,#8719);
#8306=SURFACE_STYLE_USAGE(.BOTH.,#8720);
#8307=SURFACE_STYLE_USAGE(.BOTH.,#8721);
#8308=SURFACE_STYLE_USAGE(.BOTH.,#8722);
#8309=SURFACE_STYLE_USAGE(.BOTH.,#8723);
#8310=SURFACE_STYLE_USAGE(.BOTH.,#8724);
#8311=SURFACE_STYLE_USAGE(.BOTH.,#8725);
#8312=SURFACE_STYLE_USAGE(.BOTH.,#8726);
#8313=SURFACE_STYLE_USAGE(.BOTH.,#8727);
#8314=SURFACE_STYLE_USAGE(.BOTH.,#8728);
#8315=SURFACE_STYLE_USAGE(.BOTH.,#8729);
#8316=SURFACE_STYLE_USAGE(.BOTH.,#8730);
#8317=SURFACE_STYLE_USAGE(.BOTH.,#8731);
#8318=SURFACE_STYLE_USAGE(.BOTH.,#8732);
#8319=SURFACE_STYLE_USAGE(.BOTH.,#8733);
#8320=SURFACE_STYLE_USAGE(.BOTH.,#8734);
#8321=SURFACE_STYLE_USAGE(.BOTH.,#8735);
#8322=SURFACE_STYLE_USAGE(.BOTH.,#8736);
#8323=SURFACE_STYLE_USAGE(.BOTH.,#8737);
#8324=SURFACE_STYLE_USAGE(.BOTH.,#8738);
#8325=SURFACE_STYLE_USAGE(.BOTH.,#8739);
#8326=SURFACE_STYLE_USAGE(.BOTH.,#8740);
#8327=SURFACE_STYLE_USAGE(.BOTH.,#8741);
#8328=SURFACE_STYLE_USAGE(.BOTH.,#8742);
#8329=SURFACE_STYLE_USAGE(.BOTH.,#8743);
#8330=SURFACE_STYLE_USAGE(.BOTH.,#8744);
#8331=SURFACE_STYLE_USAGE(.BOTH.,#8745);
#8332=SURFACE_STYLE_USAGE(.BOTH.,#8746);
#8333=SURFACE_STYLE_USAGE(.BOTH.,#8747);
#8334=SURFACE_STYLE_USAGE(.BOTH.,#8748);
#8335=SURFACE_STYLE_USAGE(.BOTH.,#8749);
#8336=SURFACE_STYLE_USAGE(.BOTH.,#8750);
#8337=SURFACE_STYLE_USAGE(.BOTH.,#8751);
#8338=SURFACE_STYLE_USAGE(.BOTH.,#8752);
#8339=SURFACE_STYLE_USAGE(.BOTH.,#8753);
#8340=SURFACE_STYLE_USAGE(.BOTH.,#8754);
#8341=SURFACE_STYLE_USAGE(.BOTH.,#8755);
#8342=SURFACE_STYLE_USAGE(.BOTH.,#8756);
#8343=SURFACE_STYLE_USAGE(.BOTH.,#8757);
#8344=SURFACE_STYLE_USAGE(.BOTH.,#8758);
#8345=SURFACE_STYLE_USAGE(.BOTH.,#8759);
#8346=SURFACE_STYLE_USAGE(.BOTH.,#8760);
#8347=SURFACE_STYLE_USAGE(.BOTH.,#8761);
#8348=SURFACE_STYLE_USAGE(.BOTH.,#8762);
#8349=SURFACE_STYLE_USAGE(.BOTH.,#8763);
#8350=SURFACE_STYLE_USAGE(.BOTH.,#8764);
#8351=SURFACE_STYLE_USAGE(.BOTH.,#8765);
#8352=SURFACE_STYLE_USAGE(.BOTH.,#8766);
#8353=SURFACE_STYLE_USAGE(.BOTH.,#8767);
#8354=SURFACE_STYLE_USAGE(.BOTH.,#8768);
#8355=SURFACE_STYLE_USAGE(.BOTH.,#8769);
#8356=SURFACE_STYLE_USAGE(.BOTH.,#8770);
#8357=SURFACE_STYLE_USAGE(.BOTH.,#8771);
#8358=SURFACE_STYLE_USAGE(.BOTH.,#8772);
#8359=SURFACE_STYLE_USAGE(.BOTH.,#8773);
#8360=SURFACE_STYLE_USAGE(.BOTH.,#8774);
#8361=SURFACE_STYLE_USAGE(.BOTH.,#8775);
#8362=SURFACE_STYLE_USAGE(.BOTH.,#8776);
#8363=SURFACE_STYLE_USAGE(.BOTH.,#8777);
#8364=SURFACE_STYLE_USAGE(.BOTH.,#8778);
#8365=SURFACE_STYLE_USAGE(.BOTH.,#8779);
#8366=SURFACE_STYLE_USAGE(.BOTH.,#8780);
#8367=SURFACE_STYLE_USAGE(.BOTH.,#8781);
#8368=SURFACE_STYLE_USAGE(.BOTH.,#8782);
#8369=SURFACE_STYLE_USAGE(.BOTH.,#8783);
#8370=SURFACE_STYLE_USAGE(.BOTH.,#8784);
#8371=SURFACE_STYLE_USAGE(.BOTH.,#8785);
#8372=SURFACE_STYLE_USAGE(.BOTH.,#8786);
#8373=SURFACE_STYLE_USAGE(.BOTH.,#8787);
#8374=SURFACE_STYLE_USAGE(.BOTH.,#8788);
#8375=SURFACE_STYLE_USAGE(.BOTH.,#8789);
#8376=SURFACE_STYLE_USAGE(.BOTH.,#8790);
#8377=SURFACE_STYLE_USAGE(.BOTH.,#8791);
#8378=SURFACE_STYLE_USAGE(.BOTH.,#8792);
#8379=SURFACE_STYLE_USAGE(.BOTH.,#8793);
#8380=SURFACE_STYLE_USAGE(.BOTH.,#8794);
#8381=SURFACE_STYLE_USAGE(.BOTH.,#8795);
#8382=SURFACE_STYLE_USAGE(.BOTH.,#8796);
#8383=SURFACE_STYLE_USAGE(.BOTH.,#8797);
#8384=SURFACE_STYLE_USAGE(.BOTH.,#8798);
#8385=SURFACE_STYLE_USAGE(.BOTH.,#8799);
#8386=SURFACE_STYLE_USAGE(.BOTH.,#8800);
#8387=SURFACE_STYLE_USAGE(.BOTH.,#8801);
#8388=SURFACE_STYLE_USAGE(.BOTH.,#8802);
#8389=SURFACE_STYLE_USAGE(.BOTH.,#8803);
#8390=SURFACE_STYLE_USAGE(.BOTH.,#8804);
#8391=SURFACE_STYLE_USAGE(.BOTH.,#8805);
#8392=SURFACE_STYLE_USAGE(.BOTH.,#8806);
#8393=SURFACE_STYLE_USAGE(.BOTH.,#8807);
#8394=SURFACE_STYLE_USAGE(.BOTH.,#8808);
#8395=SURFACE_STYLE_USAGE(.BOTH.,#8809);
#8396=SURFACE_STYLE_USAGE(.BOTH.,#8810);
#8397=SURFACE_STYLE_USAGE(.BOTH.,#8811);
#8398=SURFACE_STYLE_USAGE(.BOTH.,#8812);
#8399=SURFACE_STYLE_USAGE(.BOTH.,#8813);
#8400=SURFACE_STYLE_USAGE(.BOTH.,#8814);
#8401=SURFACE_STYLE_USAGE(.BOTH.,#8815);
#8402=SURFACE_STYLE_USAGE(.BOTH.,#8816);
#8403=SURFACE_STYLE_USAGE(.BOTH.,#8817);
#8404=SURFACE_STYLE_USAGE(.BOTH.,#8818);
#8405=SURFACE_STYLE_USAGE(.BOTH.,#8819);
#8406=SURFACE_STYLE_USAGE(.BOTH.,#8820);
#8407=SURFACE_STYLE_USAGE(.BOTH.,#8821);
#8408=SURFACE_STYLE_USAGE(.BOTH.,#8822);
#8409=SURFACE_STYLE_USAGE(.BOTH.,#8823);
#8410=SURFACE_STYLE_USAGE(.BOTH.,#8824);
#8411=SURFACE_STYLE_USAGE(.BOTH.,#8825);
#8412=SURFACE_STYLE_USAGE(.BOTH.,#8826);
#8413=SURFACE_STYLE_USAGE(.BOTH.,#8827);
#8414=SURFACE_STYLE_USAGE(.BOTH.,#8828);
#8415=SURFACE_STYLE_USAGE(.BOTH.,#8829);
#8416=SURFACE_STYLE_USAGE(.BOTH.,#8830);
#8417=SURFACE_STYLE_USAGE(.BOTH.,#8831);
#8418=SURFACE_STYLE_USAGE(.BOTH.,#8832);
#8419=SURFACE_STYLE_USAGE(.BOTH.,#8833);
#8420=SURFACE_STYLE_USAGE(.BOTH.,#8834);
#8421=SURFACE_STYLE_USAGE(.BOTH.,#8835);
#8422=SURFACE_STYLE_USAGE(.BOTH.,#8836);
#8423=SURFACE_STYLE_USAGE(.BOTH.,#8837);
#8424=SURFACE_STYLE_USAGE(.BOTH.,#8838);
#8425=SURFACE_STYLE_USAGE(.BOTH.,#8839);
#8426=SURFACE_STYLE_USAGE(.BOTH.,#8840);
#8427=SURFACE_STYLE_USAGE(.BOTH.,#8841);
#8428=SURFACE_STYLE_USAGE(.BOTH.,#8842);
#8429=SURFACE_STYLE_USAGE(.BOTH.,#8843);
#8430=SURFACE_STYLE_USAGE(.BOTH.,#8844);
#8431=SURFACE_STYLE_USAGE(.BOTH.,#8845);
#8432=SURFACE_STYLE_USAGE(.BOTH.,#8846);
#8433=SURFACE_STYLE_USAGE(.BOTH.,#8847);
#8434=SURFACE_STYLE_USAGE(.BOTH.,#8848);
#8435=SURFACE_STYLE_USAGE(.BOTH.,#8849);
#8436=SURFACE_STYLE_USAGE(.BOTH.,#8850);
#8437=SURFACE_STYLE_USAGE(.BOTH.,#8851);
#8438=SURFACE_STYLE_USAGE(.BOTH.,#8852);
#8439=SURFACE_STYLE_USAGE(.BOTH.,#8853);
#8440=SURFACE_STYLE_USAGE(.BOTH.,#8854);
#8441=SURFACE_STYLE_USAGE(.BOTH.,#8855);
#8442=SURFACE_STYLE_USAGE(.BOTH.,#8856);
#8443=SURFACE_STYLE_USAGE(.BOTH.,#8857);
#8444=SURFACE_STYLE_USAGE(.BOTH.,#8858);
#8445=SURFACE_STYLE_USAGE(.BOTH.,#8859);
#8446=SURFACE_STYLE_USAGE(.BOTH.,#8860);
#8447=SURFACE_STYLE_USAGE(.BOTH.,#8861);
#8448=SURFACE_STYLE_USAGE(.BOTH.,#8862);
#8449=SURFACE_STYLE_USAGE(.BOTH.,#8863);
#8450=SURFACE_STYLE_USAGE(.BOTH.,#8864);
#8451=SURFACE_STYLE_USAGE(.BOTH.,#8865);
#8452=SURFACE_STYLE_USAGE(.BOTH.,#8866);
#8453=SURFACE_STYLE_USAGE(.BOTH.,#8867);
#8454=SURFACE_STYLE_USAGE(.BOTH.,#8868);
#8455=SURFACE_STYLE_USAGE(.BOTH.,#8869);
#8456=SURFACE_STYLE_USAGE(.BOTH.,#8870);
#8457=SURFACE_STYLE_USAGE(.BOTH.,#8871);
#8458=SURFACE_STYLE_USAGE(.BOTH.,#8872);
#8459=SURFACE_STYLE_USAGE(.BOTH.,#8873);
#8460=SURFACE_STYLE_USAGE(.BOTH.,#8874);
#8461=SURFACE_STYLE_USAGE(.BOTH.,#8875);
#8462=SURFACE_STYLE_USAGE(.BOTH.,#8876);
#8463=SURFACE_STYLE_USAGE(.BOTH.,#8877);
#8464=SURFACE_STYLE_USAGE(.BOTH.,#8878);
#8465=SURFACE_STYLE_USAGE(.BOTH.,#8879);
#8466=SURFACE_STYLE_USAGE(.BOTH.,#8880);
#8467=SURFACE_STYLE_USAGE(.BOTH.,#8881);
#8468=SURFACE_STYLE_USAGE(.BOTH.,#8882);
#8469=SURFACE_STYLE_USAGE(.BOTH.,#8883);
#8470=SURFACE_STYLE_USAGE(.BOTH.,#8884);
#8471=SURFACE_STYLE_USAGE(.BOTH.,#8885);
#8472=SURFACE_STYLE_USAGE(.BOTH.,#8886);
#8473=SURFACE_STYLE_USAGE(.BOTH.,#8887);
#8474=SURFACE_STYLE_USAGE(.BOTH.,#8888);
#8475=SURFACE_STYLE_USAGE(.BOTH.,#8889);
#8476=SURFACE_STYLE_USAGE(.BOTH.,#8890);
#8477=SURFACE_STYLE_USAGE(.BOTH.,#8891);
#8478=SURFACE_STYLE_USAGE(.BOTH.,#8892);
#8479=SURFACE_STYLE_USAGE(.BOTH.,#8893);
#8480=SURFACE_STYLE_USAGE(.BOTH.,#8894);
#8481=SURFACE_STYLE_USAGE(.BOTH.,#8895);
#8482=SURFACE_STYLE_USAGE(.BOTH.,#8896);
#8483=SURFACE_STYLE_USAGE(.BOTH.,#8897);
#8484=SURFACE_STYLE_USAGE(.BOTH.,#8898);
#8485=SURFACE_STYLE_USAGE(.BOTH.,#8899);
#8486=SURFACE_STYLE_USAGE(.BOTH.,#8900);
#8487=SURFACE_STYLE_USAGE(.BOTH.,#8901);
#8488=SURFACE_STYLE_USAGE(.BOTH.,#8902);
#8489=SURFACE_STYLE_USAGE(.BOTH.,#8903);
#8490=SURFACE_STYLE_USAGE(.BOTH.,#8904);
#8491=SURFACE_STYLE_USAGE(.BOTH.,#8905);
#8492=SURFACE_STYLE_USAGE(.BOTH.,#8906);
#8493=SURFACE_STYLE_USAGE(.BOTH.,#8907);
#8494=SURFACE_STYLE_USAGE(.BOTH.,#8908);
#8495=SURFACE_STYLE_USAGE(.BOTH.,#8909);
#8496=SURFACE_STYLE_USAGE(.BOTH.,#8910);
#8497=SURFACE_STYLE_USAGE(.BOTH.,#8911);
#8498=SURFACE_STYLE_USAGE(.BOTH.,#8912);
#8499=SURFACE_STYLE_USAGE(.BOTH.,#8913);
#8500=SURFACE_STYLE_USAGE(.BOTH.,#8914);
#8501=SURFACE_STYLE_USAGE(.BOTH.,#8915);
#8502=SURFACE_STYLE_USAGE(.BOTH.,#8916);
#8503=SURFACE_STYLE_USAGE(.BOTH.,#8917);
#8504=SURFACE_STYLE_USAGE(.BOTH.,#8918);
#8505=SURFACE_STYLE_USAGE(.BOTH.,#8919);
#8506=SURFACE_STYLE_USAGE(.BOTH.,#8920);
#8507=SURFACE_STYLE_USAGE(.BOTH.,#8921);
#8508=SURFACE_STYLE_USAGE(.BOTH.,#8922);
#8509=SURFACE_STYLE_USAGE(.BOTH.,#8923);
#8510=SURFACE_STYLE_USAGE(.BOTH.,#8924);
#8511=SURFACE_STYLE_USAGE(.BOTH.,#8925);
#8512=SURFACE_STYLE_USAGE(.BOTH.,#8926);
#8513=SURFACE_STYLE_USAGE(.BOTH.,#8927);
#8514=SURFACE_STYLE_USAGE(.BOTH.,#8928);
#8515=SURFACE_STYLE_USAGE(.BOTH.,#8929);
#8516=SURFACE_STYLE_USAGE(.BOTH.,#8930);
#8517=SURFACE_STYLE_USAGE(.BOTH.,#8931);
#8518=SURFACE_STYLE_USAGE(.BOTH.,#8932);
#8519=SURFACE_STYLE_USAGE(.BOTH.,#8933);
#8520=SURFACE_STYLE_USAGE(.BOTH.,#8934);
#8521=SURFACE_STYLE_USAGE(.BOTH.,#8935);
#8522=SURFACE_STYLE_USAGE(.BOTH.,#8936);
#8523=SURFACE_STYLE_USAGE(.BOTH.,#8937);
#8524=SURFACE_STYLE_USAGE(.BOTH.,#8938);
#8525=SURFACE_STYLE_USAGE(.BOTH.,#8939);
#8526=SURFACE_STYLE_USAGE(.BOTH.,#8940);
#8527=SURFACE_STYLE_USAGE(.BOTH.,#8941);
#8528=SURFACE_STYLE_USAGE(.BOTH.,#8942);
#8529=SURFACE_STYLE_USAGE(.BOTH.,#8943);
#8530=SURFACE_STYLE_USAGE(.BOTH.,#8944);
#8531=SURFACE_STYLE_USAGE(.BOTH.,#8945);
#8532=SURFACE_STYLE_USAGE(.BOTH.,#8946);
#8533=SURFACE_STYLE_USAGE(.BOTH.,#8947);
#8534=SURFACE_STYLE_USAGE(.BOTH.,#8948);
#8535=SURFACE_STYLE_USAGE(.BOTH.,#8949);
#8536=SURFACE_STYLE_USAGE(.BOTH.,#8950);
#8537=SURFACE_STYLE_USAGE(.BOTH.,#8951);
#8538=SURFACE_STYLE_USAGE(.BOTH.,#8952);
#8539=SURFACE_STYLE_USAGE(.BOTH.,#8953);
#8540=SURFACE_STYLE_USAGE(.BOTH.,#8954);
#8541=SURFACE_STYLE_USAGE(.BOTH.,#8955);
#8542=SURFACE_STYLE_USAGE(.BOTH.,#8956);
#8543=SURFACE_STYLE_USAGE(.BOTH.,#8957);
#8544=SURFACE_STYLE_USAGE(.BOTH.,#8958);
#8545=SURFACE_STYLE_USAGE(.BOTH.,#8959);
#8546=SURFACE_STYLE_USAGE(.BOTH.,#8960);
#8547=SURFACE_STYLE_USAGE(.BOTH.,#8961);
#8548=SURFACE_STYLE_USAGE(.BOTH.,#8962);
#8549=SURFACE_STYLE_USAGE(.BOTH.,#8963);
#8550=SURFACE_STYLE_USAGE(.BOTH.,#8964);
#8551=SURFACE_STYLE_USAGE(.BOTH.,#8965);
#8552=SURFACE_STYLE_USAGE(.BOTH.,#8966);
#8553=SURFACE_STYLE_USAGE(.BOTH.,#8967);
#8554=SURFACE_STYLE_USAGE(.BOTH.,#8968);
#8555=SURFACE_STYLE_USAGE(.BOTH.,#8969);
#8556=SURFACE_STYLE_USAGE(.BOTH.,#8970);
#8557=SURFACE_STYLE_USAGE(.BOTH.,#8971);
#8558=SURFACE_STYLE_USAGE(.BOTH.,#8972);
#8559=SURFACE_STYLE_USAGE(.BOTH.,#8973);
#8560=SURFACE_STYLE_USAGE(.BOTH.,#8974);
#8561=SURFACE_STYLE_USAGE(.BOTH.,#8975);
#8562=SURFACE_STYLE_USAGE(.BOTH.,#8976);
#8563=SURFACE_STYLE_USAGE(.BOTH.,#8977);
#8564=SURFACE_STYLE_USAGE(.BOTH.,#8978);
#8565=SURFACE_STYLE_USAGE(.BOTH.,#8979);
#8566=SURFACE_STYLE_USAGE(.BOTH.,#8980);
#8567=SURFACE_STYLE_USAGE(.BOTH.,#8981);
#8568=SURFACE_STYLE_USAGE(.BOTH.,#8982);
#8569=SURFACE_STYLE_USAGE(.BOTH.,#8983);
#8570=SURFACE_STYLE_USAGE(.BOTH.,#8984);
#8571=SURFACE_STYLE_USAGE(.BOTH.,#8985);
#8572=SURFACE_STYLE_USAGE(.BOTH.,#8986);
#8573=SURFACE_STYLE_USAGE(.BOTH.,#8987);
#8574=SURFACE_STYLE_USAGE(.BOTH.,#8988);
#8575=SURFACE_STYLE_USAGE(.BOTH.,#8989);
#8576=SURFACE_STYLE_USAGE(.BOTH.,#8990);
#8577=SURFACE_STYLE_USAGE(.BOTH.,#8991);
#8578=SURFACE_STYLE_USAGE(.BOTH.,#8992);
#8579=SURFACE_STYLE_USAGE(.BOTH.,#8993);
#8580=SURFACE_STYLE_USAGE(.BOTH.,#8994);
#8581=SURFACE_STYLE_USAGE(.BOTH.,#8995);
#8582=SURFACE_STYLE_USAGE(.BOTH.,#8996);
#8583=SURFACE_STYLE_USAGE(.BOTH.,#8997);
#8584=SURFACE_STYLE_USAGE(.BOTH.,#8998);
#8585=SURFACE_STYLE_USAGE(.BOTH.,#8999);
#8586=SURFACE_STYLE_USAGE(.BOTH.,#9000);
#8587=SURFACE_STYLE_USAGE(.BOTH.,#9001);
#8588=SURFACE_STYLE_USAGE(.BOTH.,#9002);
#8589=SURFACE_STYLE_USAGE(.BOTH.,#9003);
#8590=SURFACE_STYLE_USAGE(.BOTH.,#9004);
#8591=SURFACE_STYLE_USAGE(.BOTH.,#9005);
#8592=SURFACE_STYLE_USAGE(.BOTH.,#9006);
#8593=SURFACE_STYLE_USAGE(.BOTH.,#9007);
#8594=SURFACE_STYLE_USAGE(.BOTH.,#9008);
#8595=SURFACE_STYLE_USAGE(.BOTH.,#9009);
#8596=SURFACE_STYLE_USAGE(.BOTH.,#9010);
#8597=SURFACE_STYLE_USAGE(.BOTH.,#9011);
#8598=SURFACE_STYLE_USAGE(.BOTH.,#9012);
#8599=SURFACE_STYLE_USAGE(.BOTH.,#9013);
#8600=SURFACE_STYLE_USAGE(.BOTH.,#9014);
#8601=SURFACE_STYLE_USAGE(.BOTH.,#9015);
#8602=SURFACE_STYLE_USAGE(.BOTH.,#9016);
#8603=SURFACE_STYLE_USAGE(.BOTH.,#9017);
#8604=SURFACE_STYLE_USAGE(.BOTH.,#9018);
#8605=SURFACE_STYLE_USAGE(.BOTH.,#9019);
#8606=SURFACE_STYLE_USAGE(.BOTH.,#9020);
#8607=SURFACE_STYLE_USAGE(.BOTH.,#9021);
#8608=SURFACE_STYLE_USAGE(.BOTH.,#9022);
#8609=SURFACE_STYLE_USAGE(.BOTH.,#9023);
#8610=SURFACE_STYLE_USAGE(.BOTH.,#9024);
#8611=SURFACE_STYLE_USAGE(.BOTH.,#9025);
#8612=SURFACE_STYLE_USAGE(.BOTH.,#9026);
#8613=SURFACE_STYLE_USAGE(.BOTH.,#9027);
#8614=SURFACE_STYLE_USAGE(.BOTH.,#9028);
#8615=SURFACE_STYLE_USAGE(.BOTH.,#9029);
#8616=SURFACE_STYLE_USAGE(.BOTH.,#9030);
#8617=SURFACE_STYLE_USAGE(.BOTH.,#9031);
#8618=SURFACE_STYLE_USAGE(.BOTH.,#9032);
#8619=SURFACE_STYLE_USAGE(.BOTH.,#9033);
#8620=SURFACE_STYLE_USAGE(.BOTH.,#9034);
#8621=SURFACE_STYLE_USAGE(.BOTH.,#9035);
#8622=SURFACE_STYLE_USAGE(.BOTH.,#9036);
#8623=SURFACE_STYLE_USAGE(.BOTH.,#9037);
#8624=SURFACE_STYLE_USAGE(.BOTH.,#9038);
#8625=SURFACE_STYLE_USAGE(.BOTH.,#9039);
#8626=SURFACE_STYLE_USAGE(.BOTH.,#9040);
#8627=SURFACE_STYLE_USAGE(.BOTH.,#9041);
#8628=SURFACE_STYLE_USAGE(.BOTH.,#9042);
#8629=SURFACE_STYLE_USAGE(.BOTH.,#9043);
#8630=SURFACE_STYLE_USAGE(.BOTH.,#9044);
#8631=SURFACE_STYLE_USAGE(.BOTH.,#9045);
#8632=SURFACE_STYLE_USAGE(.BOTH.,#9046);
#8633=SURFACE_STYLE_USAGE(.BOTH.,#9047);
#8634=SURFACE_STYLE_USAGE(.BOTH.,#9048);
#8635=SURFACE_STYLE_USAGE(.BOTH.,#9049);
#8636=SURFACE_STYLE_USAGE(.BOTH.,#9050);
#8637=SURFACE_STYLE_USAGE(.BOTH.,#9051);
#8638=SURFACE_STYLE_USAGE(.BOTH.,#9052);
#8639=SURFACE_STYLE_USAGE(.BOTH.,#9053);
#8640=SURFACE_STYLE_USAGE(.BOTH.,#9054);
#8641=SURFACE_STYLE_USAGE(.BOTH.,#9055);
#8642=SURFACE_STYLE_USAGE(.BOTH.,#9056);
#8643=SURFACE_STYLE_USAGE(.BOTH.,#9057);
#8644=SURFACE_STYLE_USAGE(.BOTH.,#9058);
#8645=SURFACE_STYLE_USAGE(.BOTH.,#9059);
#8646=SURFACE_STYLE_USAGE(.BOTH.,#9060);
#8647=SURFACE_STYLE_USAGE(.BOTH.,#9061);
#8648=SURFACE_STYLE_USAGE(.BOTH.,#9062);
#8649=SURFACE_STYLE_USAGE(.BOTH.,#9063);
#8650=SURFACE_STYLE_USAGE(.BOTH.,#9064);
#8651=SURFACE_STYLE_USAGE(.BOTH.,#9065);
#8652=SURFACE_STYLE_USAGE(.BOTH.,#9066);
#8653=SURFACE_SIDE_STYLE('',(#9067));
#8654=SURFACE_SIDE_STYLE('',(#9068));
#8655=SURFACE_SIDE_STYLE('',(#9069));
#8656=SURFACE_SIDE_STYLE('',(#9070));
#8657=SURFACE_SIDE_STYLE('',(#9071));
#8658=SURFACE_SIDE_STYLE('',(#9072));
#8659=SURFACE_SIDE_STYLE('',(#9073));
#8660=SURFACE_SIDE_STYLE('',(#9074));
#8661=SURFACE_SIDE_STYLE('',(#9075));
#8662=SURFACE_SIDE_STYLE('',(#9076));
#8663=SURFACE_SIDE_STYLE('',(#9077));
#8664=SURFACE_SIDE_STYLE('',(#9078));
#8665=SURFACE_SIDE_STYLE('',(#9079));
#8666=SURFACE_SIDE_STYLE('',(#9080));
#8667=SURFACE_SIDE_STYLE('',(#9081));
#8668=SURFACE_SIDE_STYLE('',(#9082));
#8669=SURFACE_SIDE_STYLE('',(#9083));
#8670=SURFACE_SIDE_STYLE('',(#9084));
#8671=SURFACE_SIDE_STYLE('',(#9085));
#8672=SURFACE_SIDE_STYLE('',(#9086));
#8673=SURFACE_SIDE_STYLE('',(#9087));
#8674=SURFACE_SIDE_STYLE('',(#9088));
#8675=SURFACE_SIDE_STYLE('',(#9089));
#8676=SURFACE_SIDE_STYLE('',(#9090));
#8677=SURFACE_SIDE_STYLE('',(#9091));
#8678=SURFACE_SIDE_STYLE('',(#9092));
#8679=SURFACE_SIDE_STYLE('',(#9093));
#8680=SURFACE_SIDE_STYLE('',(#9094));
#8681=SURFACE_SIDE_STYLE('',(#9095));
#8682=SURFACE_SIDE_STYLE('',(#9096));
#8683=SURFACE_SIDE_STYLE('',(#9097));
#8684=SURFACE_SIDE_STYLE('',(#9098));
#8685=SURFACE_SIDE_STYLE('',(#9099));
#8686=SURFACE_SIDE_STYLE('',(#9100));
#8687=SURFACE_SIDE_STYLE('',(#9101));
#8688=SURFACE_SIDE_STYLE('',(#9102));
#8689=SURFACE_SIDE_STYLE('',(#9103));
#8690=SURFACE_SIDE_STYLE('',(#9104));
#8691=SURFACE_SIDE_STYLE('',(#9105));
#8692=SURFACE_SIDE_STYLE('',(#9106));
#8693=SURFACE_SIDE_STYLE('',(#9107));
#8694=SURFACE_SIDE_STYLE('',(#9108));
#8695=SURFACE_SIDE_STYLE('',(#9109));
#8696=SURFACE_SIDE_STYLE('',(#9110));
#8697=SURFACE_SIDE_STYLE('',(#9111));
#8698=SURFACE_SIDE_STYLE('',(#9112));
#8699=SURFACE_SIDE_STYLE('',(#9113));
#8700=SURFACE_SIDE_STYLE('',(#9114));
#8701=SURFACE_SIDE_STYLE('',(#9115));
#8702=SURFACE_SIDE_STYLE('',(#9116));
#8703=SURFACE_SIDE_STYLE('',(#9117));
#8704=SURFACE_SIDE_STYLE('',(#9118));
#8705=SURFACE_SIDE_STYLE('',(#9119));
#8706=SURFACE_SIDE_STYLE('',(#9120));
#8707=SURFACE_SIDE_STYLE('',(#9121));
#8708=SURFACE_SIDE_STYLE('',(#9122));
#8709=SURFACE_SIDE_STYLE('',(#9123));
#8710=SURFACE_SIDE_STYLE('',(#9124));
#8711=SURFACE_SIDE_STYLE('',(#9125));
#8712=SURFACE_SIDE_STYLE('',(#9126));
#8713=SURFACE_SIDE_STYLE('',(#9127));
#8714=SURFACE_SIDE_STYLE('',(#9128));
#8715=SURFACE_SIDE_STYLE('',(#9129));
#8716=SURFACE_SIDE_STYLE('',(#9130));
#8717=SURFACE_SIDE_STYLE('',(#9131));
#8718=SURFACE_SIDE_STYLE('',(#9132));
#8719=SURFACE_SIDE_STYLE('',(#9133));
#8720=SURFACE_SIDE_STYLE('',(#9134));
#8721=SURFACE_SIDE_STYLE('',(#9135));
#8722=SURFACE_SIDE_STYLE('',(#9136));
#8723=SURFACE_SIDE_STYLE('',(#9137));
#8724=SURFACE_SIDE_STYLE('',(#9138));
#8725=SURFACE_SIDE_STYLE('',(#9139));
#8726=SURFACE_SIDE_STYLE('',(#9140));
#8727=SURFACE_SIDE_STYLE('',(#9141));
#8728=SURFACE_SIDE_STYLE('',(#9142));
#8729=SURFACE_SIDE_STYLE('',(#9143));
#8730=SURFACE_SIDE_STYLE('',(#9144));
#8731=SURFACE_SIDE_STYLE('',(#9145));
#8732=SURFACE_SIDE_STYLE('',(#9146));
#8733=SURFACE_SIDE_STYLE('',(#9147));
#8734=SURFACE_SIDE_STYLE('',(#9148));
#8735=SURFACE_SIDE_STYLE('',(#9149));
#8736=SURFACE_SIDE_STYLE('',(#9150));
#8737=SURFACE_SIDE_STYLE('',(#9151));
#8738=SURFACE_SIDE_STYLE('',(#9152));
#8739=SURFACE_SIDE_STYLE('',(#9153));
#8740=SURFACE_SIDE_STYLE('',(#9154));
#8741=SURFACE_SIDE_STYLE('',(#9155));
#8742=SURFACE_SIDE_STYLE('',(#9156));
#8743=SURFACE_SIDE_STYLE('',(#9157));
#8744=SURFACE_SIDE_STYLE('',(#9158));
#8745=SURFACE_SIDE_STYLE('',(#9159));
#8746=SURFACE_SIDE_STYLE('',(#9160));
#8747=SURFACE_SIDE_STYLE('',(#9161));
#8748=SURFACE_SIDE_STYLE('',(#9162));
#8749=SURFACE_SIDE_STYLE('',(#9163));
#8750=SURFACE_SIDE_STYLE('',(#9164));
#8751=SURFACE_SIDE_STYLE('',(#9165));
#8752=SURFACE_SIDE_STYLE('',(#9166));
#8753=SURFACE_SIDE_STYLE('',(#9167));
#8754=SURFACE_SIDE_STYLE('',(#9168));
#8755=SURFACE_SIDE_STYLE('',(#9169));
#8756=SURFACE_SIDE_STYLE('',(#9170));
#8757=SURFACE_SIDE_STYLE('',(#9171));
#8758=SURFACE_SIDE_STYLE('',(#9172));
#8759=SURFACE_SIDE_STYLE('',(#9173));
#8760=SURFACE_SIDE_STYLE('',(#9174));
#8761=SURFACE_SIDE_STYLE('',(#9175));
#8762=SURFACE_SIDE_STYLE('',(#9176));
#8763=SURFACE_SIDE_STYLE('',(#9177));
#8764=SURFACE_SIDE_STYLE('',(#9178));
#8765=SURFACE_SIDE_STYLE('',(#9179));
#8766=SURFACE_SIDE_STYLE('',(#9180));
#8767=SURFACE_SIDE_STYLE('',(#9181));
#8768=SURFACE_SIDE_STYLE('',(#9182));
#8769=SURFACE_SIDE_STYLE('',(#9183));
#8770=SURFACE_SIDE_STYLE('',(#9184));
#8771=SURFACE_SIDE_STYLE('',(#9185));
#8772=SURFACE_SIDE_STYLE('',(#9186));
#8773=SURFACE_SIDE_STYLE('',(#9187));
#8774=SURFACE_SIDE_STYLE('',(#9188));
#8775=SURFACE_SIDE_STYLE('',(#9189));
#8776=SURFACE_SIDE_STYLE('',(#9190));
#8777=SURFACE_SIDE_STYLE('',(#9191));
#8778=SURFACE_SIDE_STYLE('',(#9192));
#8779=SURFACE_SIDE_STYLE('',(#9193));
#8780=SURFACE_SIDE_STYLE('',(#9194));
#8781=SURFACE_SIDE_STYLE('',(#9195));
#8782=SURFACE_SIDE_STYLE('',(#9196));
#8783=SURFACE_SIDE_STYLE('',(#9197));
#8784=SURFACE_SIDE_STYLE('',(#9198));
#8785=SURFACE_SIDE_STYLE('',(#9199));
#8786=SURFACE_SIDE_STYLE('',(#9200));
#8787=SURFACE_SIDE_STYLE('',(#9201));
#8788=SURFACE_SIDE_STYLE('',(#9202));
#8789=SURFACE_SIDE_STYLE('',(#9203));
#8790=SURFACE_SIDE_STYLE('',(#9204));
#8791=SURFACE_SIDE_STYLE('',(#9205));
#8792=SURFACE_SIDE_STYLE('',(#9206));
#8793=SURFACE_SIDE_STYLE('',(#9207));
#8794=SURFACE_SIDE_STYLE('',(#9208));
#8795=SURFACE_SIDE_STYLE('',(#9209));
#8796=SURFACE_SIDE_STYLE('',(#9210));
#8797=SURFACE_SIDE_STYLE('',(#9211));
#8798=SURFACE_SIDE_STYLE('',(#9212));
#8799=SURFACE_SIDE_STYLE('',(#9213));
#8800=SURFACE_SIDE_STYLE('',(#9214));
#8801=SURFACE_SIDE_STYLE('',(#9215));
#8802=SURFACE_SIDE_STYLE('',(#9216));
#8803=SURFACE_SIDE_STYLE('',(#9217));
#8804=SURFACE_SIDE_STYLE('',(#9218));
#8805=SURFACE_SIDE_STYLE('',(#9219));
#8806=SURFACE_SIDE_STYLE('',(#9220));
#8807=SURFACE_SIDE_STYLE('',(#9221));
#8808=SURFACE_SIDE_STYLE('',(#9222));
#8809=SURFACE_SIDE_STYLE('',(#9223));
#8810=SURFACE_SIDE_STYLE('',(#9224));
#8811=SURFACE_SIDE_STYLE('',(#9225));
#8812=SURFACE_SIDE_STYLE('',(#9226));
#8813=SURFACE_SIDE_STYLE('',(#9227));
#8814=SURFACE_SIDE_STYLE('',(#9228));
#8815=SURFACE_SIDE_STYLE('',(#9229));
#8816=SURFACE_SIDE_STYLE('',(#9230));
#8817=SURFACE_SIDE_STYLE('',(#9231));
#8818=SURFACE_SIDE_STYLE('',(#9232));
#8819=SURFACE_SIDE_STYLE('',(#9233));
#8820=SURFACE_SIDE_STYLE('',(#9234));
#8821=SURFACE_SIDE_STYLE('',(#9235));
#8822=SURFACE_SIDE_STYLE('',(#9236));
#8823=SURFACE_SIDE_STYLE('',(#9237));
#8824=SURFACE_SIDE_STYLE('',(#9238));
#8825=SURFACE_SIDE_STYLE('',(#9239));
#8826=SURFACE_SIDE_STYLE('',(#9240));
#8827=SURFACE_SIDE_STYLE('',(#9241));
#8828=SURFACE_SIDE_STYLE('',(#9242));
#8829=SURFACE_SIDE_STYLE('',(#9243));
#8830=SURFACE_SIDE_STYLE('',(#9244));
#8831=SURFACE_SIDE_STYLE('',(#9245));
#8832=SURFACE_SIDE_STYLE('',(#9246));
#8833=SURFACE_SIDE_STYLE('',(#9247));
#8834=SURFACE_SIDE_STYLE('',(#9248));
#8835=SURFACE_SIDE_STYLE('',(#9249));
#8836=SURFACE_SIDE_STYLE('',(#9250));
#8837=SURFACE_SIDE_STYLE('',(#9251));
#8838=SURFACE_SIDE_STYLE('',(#9252));
#8839=SURFACE_SIDE_STYLE('',(#9253));
#8840=SURFACE_SIDE_STYLE('',(#9254));
#8841=SURFACE_SIDE_STYLE('',(#9255));
#8842=SURFACE_SIDE_STYLE('',(#9256));
#8843=SURFACE_SIDE_STYLE('',(#9257));
#8844=SURFACE_SIDE_STYLE('',(#9258));
#8845=SURFACE_SIDE_STYLE('',(#9259));
#8846=SURFACE_SIDE_STYLE('',(#9260));
#8847=SURFACE_SIDE_STYLE('',(#9261));
#8848=SURFACE_SIDE_STYLE('',(#9262));
#8849=SURFACE_SIDE_STYLE('',(#9263));
#8850=SURFACE_SIDE_STYLE('',(#9264));
#8851=SURFACE_SIDE_STYLE('',(#9265));
#8852=SURFACE_SIDE_STYLE('',(#9266));
#8853=SURFACE_SIDE_STYLE('',(#9267));
#8854=SURFACE_SIDE_STYLE('',(#9268));
#8855=SURFACE_SIDE_STYLE('',(#9269));
#8856=SURFACE_SIDE_STYLE('',(#9270));
#8857=SURFACE_SIDE_STYLE('',(#9271));
#8858=SURFACE_SIDE_STYLE('',(#9272));
#8859=SURFACE_SIDE_STYLE('',(#9273));
#8860=SURFACE_SIDE_STYLE('',(#9274));
#8861=SURFACE_SIDE_STYLE('',(#9275));
#8862=SURFACE_SIDE_STYLE('',(#9276));
#8863=SURFACE_SIDE_STYLE('',(#9277));
#8864=SURFACE_SIDE_STYLE('',(#9278));
#8865=SURFACE_SIDE_STYLE('',(#9279));
#8866=SURFACE_SIDE_STYLE('',(#9280));
#8867=SURFACE_SIDE_STYLE('',(#9281));
#8868=SURFACE_SIDE_STYLE('',(#9282));
#8869=SURFACE_SIDE_STYLE('',(#9283));
#8870=SURFACE_SIDE_STYLE('',(#9284));
#8871=SURFACE_SIDE_STYLE('',(#9285));
#8872=SURFACE_SIDE_STYLE('',(#9286));
#8873=SURFACE_SIDE_STYLE('',(#9287));
#8874=SURFACE_SIDE_STYLE('',(#9288));
#8875=SURFACE_SIDE_STYLE('',(#9289));
#8876=SURFACE_SIDE_STYLE('',(#9290));
#8877=SURFACE_SIDE_STYLE('',(#9291));
#8878=SURFACE_SIDE_STYLE('',(#9292));
#8879=SURFACE_SIDE_STYLE('',(#9293));
#8880=SURFACE_SIDE_STYLE('',(#9294));
#8881=SURFACE_SIDE_STYLE('',(#9295));
#8882=SURFACE_SIDE_STYLE('',(#9296));
#8883=SURFACE_SIDE_STYLE('',(#9297));
#8884=SURFACE_SIDE_STYLE('',(#9298));
#8885=SURFACE_SIDE_STYLE('',(#9299));
#8886=SURFACE_SIDE_STYLE('',(#9300));
#8887=SURFACE_SIDE_STYLE('',(#9301));
#8888=SURFACE_SIDE_STYLE('',(#9302));
#8889=SURFACE_SIDE_STYLE('',(#9303));
#8890=SURFACE_SIDE_STYLE('',(#9304));
#8891=SURFACE_SIDE_STYLE('',(#9305));
#8892=SURFACE_SIDE_STYLE('',(#9306));
#8893=SURFACE_SIDE_STYLE('',(#9307));
#8894=SURFACE_SIDE_STYLE('',(#9308));
#8895=SURFACE_SIDE_STYLE('',(#9309));
#8896=SURFACE_SIDE_STYLE('',(#9310));
#8897=SURFACE_SIDE_STYLE('',(#9311));
#8898=SURFACE_SIDE_STYLE('',(#9312));
#8899=SURFACE_SIDE_STYLE('',(#9313));
#8900=SURFACE_SIDE_STYLE('',(#9314));
#8901=SURFACE_SIDE_STYLE('',(#9315));
#8902=SURFACE_SIDE_STYLE('',(#9316));
#8903=SURFACE_SIDE_STYLE('',(#9317));
#8904=SURFACE_SIDE_STYLE('',(#9318));
#8905=SURFACE_SIDE_STYLE('',(#9319));
#8906=SURFACE_SIDE_STYLE('',(#9320));
#8907=SURFACE_SIDE_STYLE('',(#9321));
#8908=SURFACE_SIDE_STYLE('',(#9322));
#8909=SURFACE_SIDE_STYLE('',(#9323));
#8910=SURFACE_SIDE_STYLE('',(#9324));
#8911=SURFACE_SIDE_STYLE('',(#9325));
#8912=SURFACE_SIDE_STYLE('',(#9326));
#8913=SURFACE_SIDE_STYLE('',(#9327));
#8914=SURFACE_SIDE_STYLE('',(#9328));
#8915=SURFACE_SIDE_STYLE('',(#9329));
#8916=SURFACE_SIDE_STYLE('',(#9330));
#8917=SURFACE_SIDE_STYLE('',(#9331));
#8918=SURFACE_SIDE_STYLE('',(#9332));
#8919=SURFACE_SIDE_STYLE('',(#9333));
#8920=SURFACE_SIDE_STYLE('',(#9334));
#8921=SURFACE_SIDE_STYLE('',(#9335));
#8922=SURFACE_SIDE_STYLE('',(#9336));
#8923=SURFACE_SIDE_STYLE('',(#9337));
#8924=SURFACE_SIDE_STYLE('',(#9338));
#8925=SURFACE_SIDE_STYLE('',(#9339));
#8926=SURFACE_SIDE_STYLE('',(#9340));
#8927=SURFACE_SIDE_STYLE('',(#9341));
#8928=SURFACE_SIDE_STYLE('',(#9342));
#8929=SURFACE_SIDE_STYLE('',(#9343));
#8930=SURFACE_SIDE_STYLE('',(#9344));
#8931=SURFACE_SIDE_STYLE('',(#9345));
#8932=SURFACE_SIDE_STYLE('',(#9346));
#8933=SURFACE_SIDE_STYLE('',(#9347));
#8934=SURFACE_SIDE_STYLE('',(#9348));
#8935=SURFACE_SIDE_STYLE('',(#9349));
#8936=SURFACE_SIDE_STYLE('',(#9350));
#8937=SURFACE_SIDE_STYLE('',(#9351));
#8938=SURFACE_SIDE_STYLE('',(#9352));
#8939=SURFACE_SIDE_STYLE('',(#9353));
#8940=SURFACE_SIDE_STYLE('',(#9354));
#8941=SURFACE_SIDE_STYLE('',(#9355));
#8942=SURFACE_SIDE_STYLE('',(#9356));
#8943=SURFACE_SIDE_STYLE('',(#9357));
#8944=SURFACE_SIDE_STYLE('',(#9358));
#8945=SURFACE_SIDE_STYLE('',(#9359));
#8946=SURFACE_SIDE_STYLE('',(#9360));
#8947=SURFACE_SIDE_STYLE('',(#9361));
#8948=SURFACE_SIDE_STYLE('',(#9362));
#8949=SURFACE_SIDE_STYLE('',(#9363));
#8950=SURFACE_SIDE_STYLE('',(#9364));
#8951=SURFACE_SIDE_STYLE('',(#9365));
#8952=SURFACE_SIDE_STYLE('',(#9366));
#8953=SURFACE_SIDE_STYLE('',(#9367));
#8954=SURFACE_SIDE_STYLE('',(#9368));
#8955=SURFACE_SIDE_STYLE('',(#9369));
#8956=SURFACE_SIDE_STYLE('',(#9370));
#8957=SURFACE_SIDE_STYLE('',(#9371));
#8958=SURFACE_SIDE_STYLE('',(#9372));
#8959=SURFACE_SIDE_STYLE('',(#9373));
#8960=SURFACE_SIDE_STYLE('',(#9374));
#8961=SURFACE_SIDE_STYLE('',(#9375));
#8962=SURFACE_SIDE_STYLE('',(#9376));
#8963=SURFACE_SIDE_STYLE('',(#9377));
#8964=SURFACE_SIDE_STYLE('',(#9378));
#8965=SURFACE_SIDE_STYLE('',(#9379));
#8966=SURFACE_SIDE_STYLE('',(#9380));
#8967=SURFACE_SIDE_STYLE('',(#9381));
#8968=SURFACE_SIDE_STYLE('',(#9382));
#8969=SURFACE_SIDE_STYLE('',(#9383));
#8970=SURFACE_SIDE_STYLE('',(#9384));
#8971=SURFACE_SIDE_STYLE('',(#9385));
#8972=SURFACE_SIDE_STYLE('',(#9386));
#8973=SURFACE_SIDE_STYLE('',(#9387));
#8974=SURFACE_SIDE_STYLE('',(#9388));
#8975=SURFACE_SIDE_STYLE('',(#9389));
#8976=SURFACE_SIDE_STYLE('',(#9390));
#8977=SURFACE_SIDE_STYLE('',(#9391));
#8978=SURFACE_SIDE_STYLE('',(#9392));
#8979=SURFACE_SIDE_STYLE('',(#9393));
#8980=SURFACE_SIDE_STYLE('',(#9394));
#8981=SURFACE_SIDE_STYLE('',(#9395));
#8982=SURFACE_SIDE_STYLE('',(#9396));
#8983=SURFACE_SIDE_STYLE('',(#9397));
#8984=SURFACE_SIDE_STYLE('',(#9398));
#8985=SURFACE_SIDE_STYLE('',(#9399));
#8986=SURFACE_SIDE_STYLE('',(#9400));
#8987=SURFACE_SIDE_STYLE('',(#9401));
#8988=SURFACE_SIDE_STYLE('',(#9402));
#8989=SURFACE_SIDE_STYLE('',(#9403));
#8990=SURFACE_SIDE_STYLE('',(#9404));
#8991=SURFACE_SIDE_STYLE('',(#9405));
#8992=SURFACE_SIDE_STYLE('',(#9406));
#8993=SURFACE_SIDE_STYLE('',(#9407));
#8994=SURFACE_SIDE_STYLE('',(#9408));
#8995=SURFACE_SIDE_STYLE('',(#9409));
#8996=SURFACE_SIDE_STYLE('',(#9410));
#8997=SURFACE_SIDE_STYLE('',(#9411));
#8998=SURFACE_SIDE_STYLE('',(#9412));
#8999=SURFACE_SIDE_STYLE('',(#9413));
#9000=SURFACE_SIDE_STYLE('',(#9414));
#9001=SURFACE_SIDE_STYLE('',(#9415));
#9002=SURFACE_SIDE_STYLE('',(#9416));
#9003=SURFACE_SIDE_STYLE('',(#9417));
#9004=SURFACE_SIDE_STYLE('',(#9418));
#9005=SURFACE_SIDE_STYLE('',(#9419));
#9006=SURFACE_SIDE_STYLE('',(#9420));
#9007=SURFACE_SIDE_STYLE('',(#9421));
#9008=SURFACE_SIDE_STYLE('',(#9422));
#9009=SURFACE_SIDE_STYLE('',(#9423));
#9010=SURFACE_SIDE_STYLE('',(#9424));
#9011=SURFACE_SIDE_STYLE('',(#9425));
#9012=SURFACE_SIDE_STYLE('',(#9426));
#9013=SURFACE_SIDE_STYLE('',(#9427));
#9014=SURFACE_SIDE_STYLE('',(#9428));
#9015=SURFACE_SIDE_STYLE('',(#9429));
#9016=SURFACE_SIDE_STYLE('',(#9430));
#9017=SURFACE_SIDE_STYLE('',(#9431));
#9018=SURFACE_SIDE_STYLE('',(#9432));
#9019=SURFACE_SIDE_STYLE('',(#9433));
#9020=SURFACE_SIDE_STYLE('',(#9434));
#9021=SURFACE_SIDE_STYLE('',(#9435));
#9022=SURFACE_SIDE_STYLE('',(#9436));
#9023=SURFACE_SIDE_STYLE('',(#9437));
#9024=SURFACE_SIDE_STYLE('',(#9438));
#9025=SURFACE_SIDE_STYLE('',(#9439));
#9026=SURFACE_SIDE_STYLE('',(#9440));
#9027=SURFACE_SIDE_STYLE('',(#9441));
#9028=SURFACE_SIDE_STYLE('',(#9442));
#9029=SURFACE_SIDE_STYLE('',(#9443));
#9030=SURFACE_SIDE_STYLE('',(#9444));
#9031=SURFACE_SIDE_STYLE('',(#9445));
#9032=SURFACE_SIDE_STYLE('',(#9446));
#9033=SURFACE_SIDE_STYLE('',(#9447));
#9034=SURFACE_SIDE_STYLE('',(#9448));
#9035=SURFACE_SIDE_STYLE('',(#9449));
#9036=SURFACE_SIDE_STYLE('',(#9450));
#9037=SURFACE_SIDE_STYLE('',(#9451));
#9038=SURFACE_SIDE_STYLE('',(#9452));
#9039=SURFACE_SIDE_STYLE('',(#9453));
#9040=SURFACE_SIDE_STYLE('',(#9454));
#9041=SURFACE_SIDE_STYLE('',(#9455));
#9042=SURFACE_SIDE_STYLE('',(#9456));
#9043=SURFACE_SIDE_STYLE('',(#9457));
#9044=SURFACE_SIDE_STYLE('',(#9458));
#9045=SURFACE_SIDE_STYLE('',(#9459));
#9046=SURFACE_SIDE_STYLE('',(#9460));
#9047=SURFACE_SIDE_STYLE('',(#9461));
#9048=SURFACE_SIDE_STYLE('',(#9462));
#9049=SURFACE_SIDE_STYLE('',(#9463));
#9050=SURFACE_SIDE_STYLE('',(#9464));
#9051=SURFACE_SIDE_STYLE('',(#9465));
#9052=SURFACE_SIDE_STYLE('',(#9466));
#9053=SURFACE_SIDE_STYLE('',(#9467));
#9054=SURFACE_SIDE_STYLE('',(#9468));
#9055=SURFACE_SIDE_STYLE('',(#9469));
#9056=SURFACE_SIDE_STYLE('',(#9470));
#9057=SURFACE_SIDE_STYLE('',(#9471,#20));
#9058=SURFACE_SIDE_STYLE('',(#9472,#21));
#9059=SURFACE_SIDE_STYLE('',(#9473,#22));
#9060=SURFACE_SIDE_STYLE('',(#9474,#23));
#9061=SURFACE_SIDE_STYLE('',(#9475,#24));
#9062=SURFACE_SIDE_STYLE('',(#9476,#25));
#9063=SURFACE_SIDE_STYLE('',(#9477,#26));
#9064=SURFACE_SIDE_STYLE('',(#9478,#27));
#9065=SURFACE_SIDE_STYLE('',(#9479,#28));
#9066=SURFACE_SIDE_STYLE('',(#9480,#29));
#9067=SURFACE_STYLE_FILL_AREA(#9481);
#9068=SURFACE_STYLE_FILL_AREA(#9482);
#9069=SURFACE_STYLE_FILL_AREA(#9483);
#9070=SURFACE_STYLE_FILL_AREA(#9484);
#9071=SURFACE_STYLE_FILL_AREA(#9485);
#9072=SURFACE_STYLE_FILL_AREA(#9486);
#9073=SURFACE_STYLE_FILL_AREA(#9487);
#9074=SURFACE_STYLE_FILL_AREA(#9488);
#9075=SURFACE_STYLE_FILL_AREA(#9489);
#9076=SURFACE_STYLE_FILL_AREA(#9490);
#9077=SURFACE_STYLE_FILL_AREA(#9491);
#9078=SURFACE_STYLE_FILL_AREA(#9492);
#9079=SURFACE_STYLE_FILL_AREA(#9493);
#9080=SURFACE_STYLE_FILL_AREA(#9494);
#9081=SURFACE_STYLE_FILL_AREA(#9495);
#9082=SURFACE_STYLE_FILL_AREA(#9496);
#9083=SURFACE_STYLE_FILL_AREA(#9497);
#9084=SURFACE_STYLE_FILL_AREA(#9498);
#9085=SURFACE_STYLE_FILL_AREA(#9499);
#9086=SURFACE_STYLE_FILL_AREA(#9500);
#9087=SURFACE_STYLE_FILL_AREA(#9501);
#9088=SURFACE_STYLE_FILL_AREA(#9502);
#9089=SURFACE_STYLE_FILL_AREA(#9503);
#9090=SURFACE_STYLE_FILL_AREA(#9504);
#9091=SURFACE_STYLE_FILL_AREA(#9505);
#9092=SURFACE_STYLE_FILL_AREA(#9506);
#9093=SURFACE_STYLE_FILL_AREA(#9507);
#9094=SURFACE_STYLE_FILL_AREA(#9508);
#9095=SURFACE_STYLE_FILL_AREA(#9509);
#9096=SURFACE_STYLE_FILL_AREA(#9510);
#9097=SURFACE_STYLE_FILL_AREA(#9511);
#9098=SURFACE_STYLE_FILL_AREA(#9512);
#9099=SURFACE_STYLE_FILL_AREA(#9513);
#9100=SURFACE_STYLE_FILL_AREA(#9514);
#9101=SURFACE_STYLE_FILL_AREA(#9515);
#9102=SURFACE_STYLE_FILL_AREA(#9516);
#9103=SURFACE_STYLE_FILL_AREA(#9517);
#9104=SURFACE_STYLE_FILL_AREA(#9518);
#9105=SURFACE_STYLE_FILL_AREA(#9519);
#9106=SURFACE_STYLE_FILL_AREA(#9520);
#9107=SURFACE_STYLE_FILL_AREA(#9521);
#9108=SURFACE_STYLE_FILL_AREA(#9522);
#9109=SURFACE_STYLE_FILL_AREA(#9523);
#9110=SURFACE_STYLE_FILL_AREA(#9524);
#9111=SURFACE_STYLE_FILL_AREA(#9525);
#9112=SURFACE_STYLE_FILL_AREA(#9526);
#9113=SURFACE_STYLE_FILL_AREA(#9527);
#9114=SURFACE_STYLE_FILL_AREA(#9528);
#9115=SURFACE_STYLE_FILL_AREA(#9529);
#9116=SURFACE_STYLE_FILL_AREA(#9530);
#9117=SURFACE_STYLE_FILL_AREA(#9531);
#9118=SURFACE_STYLE_FILL_AREA(#9532);
#9119=SURFACE_STYLE_FILL_AREA(#9533);
#9120=SURFACE_STYLE_FILL_AREA(#9534);
#9121=SURFACE_STYLE_FILL_AREA(#9535);
#9122=SURFACE_STYLE_FILL_AREA(#9536);
#9123=SURFACE_STYLE_FILL_AREA(#9537);
#9124=SURFACE_STYLE_FILL_AREA(#9538);
#9125=SURFACE_STYLE_FILL_AREA(#9539);
#9126=SURFACE_STYLE_FILL_AREA(#9540);
#9127=SURFACE_STYLE_FILL_AREA(#9541);
#9128=SURFACE_STYLE_FILL_AREA(#9542);
#9129=SURFACE_STYLE_FILL_AREA(#9543);
#9130=SURFACE_STYLE_FILL_AREA(#9544);
#9131=SURFACE_STYLE_FILL_AREA(#9545);
#9132=SURFACE_STYLE_FILL_AREA(#9546);
#9133=SURFACE_STYLE_FILL_AREA(#9547);
#9134=SURFACE_STYLE_FILL_AREA(#9548);
#9135=SURFACE_STYLE_FILL_AREA(#9549);
#9136=SURFACE_STYLE_FILL_AREA(#9550);
#9137=SURFACE_STYLE_FILL_AREA(#9551);
#9138=SURFACE_STYLE_FILL_AREA(#9552);
#9139=SURFACE_STYLE_FILL_AREA(#9553);
#9140=SURFACE_STYLE_FILL_AREA(#9554);
#9141=SURFACE_STYLE_FILL_AREA(#9555);
#9142=SURFACE_STYLE_FILL_AREA(#9556);
#9143=SURFACE_STYLE_FILL_AREA(#9557);
#9144=SURFACE_STYLE_FILL_AREA(#9558);
#9145=SURFACE_STYLE_FILL_AREA(#9559);
#9146=SURFACE_STYLE_FILL_AREA(#9560);
#9147=SURFACE_STYLE_FILL_AREA(#9561);
#9148=SURFACE_STYLE_FILL_AREA(#9562);
#9149=SURFACE_STYLE_FILL_AREA(#9563);
#9150=SURFACE_STYLE_FILL_AREA(#9564);
#9151=SURFACE_STYLE_FILL_AREA(#9565);
#9152=SURFACE_STYLE_FILL_AREA(#9566);
#9153=SURFACE_STYLE_FILL_AREA(#9567);
#9154=SURFACE_STYLE_FILL_AREA(#9568);
#9155=SURFACE_STYLE_FILL_AREA(#9569);
#9156=SURFACE_STYLE_FILL_AREA(#9570);
#9157=SURFACE_STYLE_FILL_AREA(#9571);
#9158=SURFACE_STYLE_FILL_AREA(#9572);
#9159=SURFACE_STYLE_FILL_AREA(#9573);
#9160=SURFACE_STYLE_FILL_AREA(#9574);
#9161=SURFACE_STYLE_FILL_AREA(#9575);
#9162=SURFACE_STYLE_FILL_AREA(#9576);
#9163=SURFACE_STYLE_FILL_AREA(#9577);
#9164=SURFACE_STYLE_FILL_AREA(#9578);
#9165=SURFACE_STYLE_FILL_AREA(#9579);
#9166=SURFACE_STYLE_FILL_AREA(#9580);
#9167=SURFACE_STYLE_FILL_AREA(#9581);
#9168=SURFACE_STYLE_FILL_AREA(#9582);
#9169=SURFACE_STYLE_FILL_AREA(#9583);
#9170=SURFACE_STYLE_FILL_AREA(#9584);
#9171=SURFACE_STYLE_FILL_AREA(#9585);
#9172=SURFACE_STYLE_FILL_AREA(#9586);
#9173=SURFACE_STYLE_FILL_AREA(#9587);
#9174=SURFACE_STYLE_FILL_AREA(#9588);
#9175=SURFACE_STYLE_FILL_AREA(#9589);
#9176=SURFACE_STYLE_FILL_AREA(#9590);
#9177=SURFACE_STYLE_FILL_AREA(#9591);
#9178=SURFACE_STYLE_FILL_AREA(#9592);
#9179=SURFACE_STYLE_FILL_AREA(#9593);
#9180=SURFACE_STYLE_FILL_AREA(#9594);
#9181=SURFACE_STYLE_FILL_AREA(#9595);
#9182=SURFACE_STYLE_FILL_AREA(#9596);
#9183=SURFACE_STYLE_FILL_AREA(#9597);
#9184=SURFACE_STYLE_FILL_AREA(#9598);
#9185=SURFACE_STYLE_FILL_AREA(#9599);
#9186=SURFACE_STYLE_FILL_AREA(#9600);
#9187=SURFACE_STYLE_FILL_AREA(#9601);
#9188=SURFACE_STYLE_FILL_AREA(#9602);
#9189=SURFACE_STYLE_FILL_AREA(#9603);
#9190=SURFACE_STYLE_FILL_AREA(#9604);
#9191=SURFACE_STYLE_FILL_AREA(#9605);
#9192=SURFACE_STYLE_FILL_AREA(#9606);
#9193=SURFACE_STYLE_FILL_AREA(#9607);
#9194=SURFACE_STYLE_FILL_AREA(#9608);
#9195=SURFACE_STYLE_FILL_AREA(#9609);
#9196=SURFACE_STYLE_FILL_AREA(#9610);
#9197=SURFACE_STYLE_FILL_AREA(#9611);
#9198=SURFACE_STYLE_FILL_AREA(#9612);
#9199=SURFACE_STYLE_FILL_AREA(#9613);
#9200=SURFACE_STYLE_FILL_AREA(#9614);
#9201=SURFACE_STYLE_FILL_AREA(#9615);
#9202=SURFACE_STYLE_FILL_AREA(#9616);
#9203=SURFACE_STYLE_FILL_AREA(#9617);
#9204=SURFACE_STYLE_FILL_AREA(#9618);
#9205=SURFACE_STYLE_FILL_AREA(#9619);
#9206=SURFACE_STYLE_FILL_AREA(#9620);
#9207=SURFACE_STYLE_FILL_AREA(#9621);
#9208=SURFACE_STYLE_FILL_AREA(#9622);
#9209=SURFACE_STYLE_FILL_AREA(#9623);
#9210=SURFACE_STYLE_FILL_AREA(#9624);
#9211=SURFACE_STYLE_FILL_AREA(#9625);
#9212=SURFACE_STYLE_FILL_AREA(#9626);
#9213=SURFACE_STYLE_FILL_AREA(#9627);
#9214=SURFACE_STYLE_FILL_AREA(#9628);
#9215=SURFACE_STYLE_FILL_AREA(#9629);
#9216=SURFACE_STYLE_FILL_AREA(#9630);
#9217=SURFACE_STYLE_FILL_AREA(#9631);
#9218=SURFACE_STYLE_FILL_AREA(#9632);
#9219=SURFACE_STYLE_FILL_AREA(#9633);
#9220=SURFACE_STYLE_FILL_AREA(#9634);
#9221=SURFACE_STYLE_FILL_AREA(#9635);
#9222=SURFACE_STYLE_FILL_AREA(#9636);
#9223=SURFACE_STYLE_FILL_AREA(#9637);
#9224=SURFACE_STYLE_FILL_AREA(#9638);
#9225=SURFACE_STYLE_FILL_AREA(#9639);
#9226=SURFACE_STYLE_FILL_AREA(#9640);
#9227=SURFACE_STYLE_FILL_AREA(#9641);
#9228=SURFACE_STYLE_FILL_AREA(#9642);
#9229=SURFACE_STYLE_FILL_AREA(#9643);
#9230=SURFACE_STYLE_FILL_AREA(#9644);
#9231=SURFACE_STYLE_FILL_AREA(#9645);
#9232=SURFACE_STYLE_FILL_AREA(#9646);
#9233=SURFACE_STYLE_FILL_AREA(#9647);
#9234=SURFACE_STYLE_FILL_AREA(#9648);
#9235=SURFACE_STYLE_FILL_AREA(#9649);
#9236=SURFACE_STYLE_FILL_AREA(#9650);
#9237=SURFACE_STYLE_FILL_AREA(#9651);
#9238=SURFACE_STYLE_FILL_AREA(#9652);
#9239=SURFACE_STYLE_FILL_AREA(#9653);
#9240=SURFACE_STYLE_FILL_AREA(#9654);
#9241=SURFACE_STYLE_FILL_AREA(#9655);
#9242=SURFACE_STYLE_FILL_AREA(#9656);
#9243=SURFACE_STYLE_FILL_AREA(#9657);
#9244=SURFACE_STYLE_FILL_AREA(#9658);
#9245=SURFACE_STYLE_FILL_AREA(#9659);
#9246=SURFACE_STYLE_FILL_AREA(#9660);
#9247=SURFACE_STYLE_FILL_AREA(#9661);
#9248=SURFACE_STYLE_FILL_AREA(#9662);
#9249=SURFACE_STYLE_FILL_AREA(#9663);
#9250=SURFACE_STYLE_FILL_AREA(#9664);
#9251=SURFACE_STYLE_FILL_AREA(#9665);
#9252=SURFACE_STYLE_FILL_AREA(#9666);
#9253=SURFACE_STYLE_FILL_AREA(#9667);
#9254=SURFACE_STYLE_FILL_AREA(#9668);
#9255=SURFACE_STYLE_FILL_AREA(#9669);
#9256=SURFACE_STYLE_FILL_AREA(#9670);
#9257=SURFACE_STYLE_FILL_AREA(#9671);
#9258=SURFACE_STYLE_FILL_AREA(#9672);
#9259=SURFACE_STYLE_FILL_AREA(#9673);
#9260=SURFACE_STYLE_FILL_AREA(#9674);
#9261=SURFACE_STYLE_FILL_AREA(#9675);
#9262=SURFACE_STYLE_FILL_AREA(#9676);
#9263=SURFACE_STYLE_FILL_AREA(#9677);
#9264=SURFACE_STYLE_FILL_AREA(#9678);
#9265=SURFACE_STYLE_FILL_AREA(#9679);
#9266=SURFACE_STYLE_FILL_AREA(#9680);
#9267=SURFACE_STYLE_FILL_AREA(#9681);
#9268=SURFACE_STYLE_FILL_AREA(#9682);
#9269=SURFACE_STYLE_FILL_AREA(#9683);
#9270=SURFACE_STYLE_FILL_AREA(#9684);
#9271=SURFACE_STYLE_FILL_AREA(#9685);
#9272=SURFACE_STYLE_FILL_AREA(#9686);
#9273=SURFACE_STYLE_FILL_AREA(#9687);
#9274=SURFACE_STYLE_FILL_AREA(#9688);
#9275=SURFACE_STYLE_FILL_AREA(#9689);
#9276=SURFACE_STYLE_FILL_AREA(#9690);
#9277=SURFACE_STYLE_FILL_AREA(#9691);
#9278=SURFACE_STYLE_FILL_AREA(#9692);
#9279=SURFACE_STYLE_FILL_AREA(#9693);
#9280=SURFACE_STYLE_FILL_AREA(#9694);
#9281=SURFACE_STYLE_FILL_AREA(#9695);
#9282=SURFACE_STYLE_FILL_AREA(#9696);
#9283=SURFACE_STYLE_FILL_AREA(#9697);
#9284=SURFACE_STYLE_FILL_AREA(#9698);
#9285=SURFACE_STYLE_FILL_AREA(#9699);
#9286=SURFACE_STYLE_FILL_AREA(#9700);
#9287=SURFACE_STYLE_FILL_AREA(#9701);
#9288=SURFACE_STYLE_FILL_AREA(#9702);
#9289=SURFACE_STYLE_FILL_AREA(#9703);
#9290=SURFACE_STYLE_FILL_AREA(#9704);
#9291=SURFACE_STYLE_FILL_AREA(#9705);
#9292=SURFACE_STYLE_FILL_AREA(#9706);
#9293=SURFACE_STYLE_FILL_AREA(#9707);
#9294=SURFACE_STYLE_FILL_AREA(#9708);
#9295=SURFACE_STYLE_FILL_AREA(#9709);
#9296=SURFACE_STYLE_FILL_AREA(#9710);
#9297=SURFACE_STYLE_FILL_AREA(#9711);
#9298=SURFACE_STYLE_FILL_AREA(#9712);
#9299=SURFACE_STYLE_FILL_AREA(#9713);
#9300=SURFACE_STYLE_FILL_AREA(#9714);
#9301=SURFACE_STYLE_FILL_AREA(#9715);
#9302=SURFACE_STYLE_FILL_AREA(#9716);
#9303=SURFACE_STYLE_FILL_AREA(#9717);
#9304=SURFACE_STYLE_FILL_AREA(#9718);
#9305=SURFACE_STYLE_FILL_AREA(#9719);
#9306=SURFACE_STYLE_FILL_AREA(#9720);
#9307=SURFACE_STYLE_FILL_AREA(#9721);
#9308=SURFACE_STYLE_FILL_AREA(#9722);
#9309=SURFACE_STYLE_FILL_AREA(#9723);
#9310=SURFACE_STYLE_FILL_AREA(#9724);
#9311=SURFACE_STYLE_FILL_AREA(#9725);
#9312=SURFACE_STYLE_FILL_AREA(#9726);
#9313=SURFACE_STYLE_FILL_AREA(#9727);
#9314=SURFACE_STYLE_FILL_AREA(#9728);
#9315=SURFACE_STYLE_FILL_AREA(#9729);
#9316=SURFACE_STYLE_FILL_AREA(#9730);
#9317=SURFACE_STYLE_FILL_AREA(#9731);
#9318=SURFACE_STYLE_FILL_AREA(#9732);
#9319=SURFACE_STYLE_FILL_AREA(#9733);
#9320=SURFACE_STYLE_FILL_AREA(#9734);
#9321=SURFACE_STYLE_FILL_AREA(#9735);
#9322=SURFACE_STYLE_FILL_AREA(#9736);
#9323=SURFACE_STYLE_FILL_AREA(#9737);
#9324=SURFACE_STYLE_FILL_AREA(#9738);
#9325=SURFACE_STYLE_FILL_AREA(#9739);
#9326=SURFACE_STYLE_FILL_AREA(#9740);
#9327=SURFACE_STYLE_FILL_AREA(#9741);
#9328=SURFACE_STYLE_FILL_AREA(#9742);
#9329=SURFACE_STYLE_FILL_AREA(#9743);
#9330=SURFACE_STYLE_FILL_AREA(#9744);
#9331=SURFACE_STYLE_FILL_AREA(#9745);
#9332=SURFACE_STYLE_FILL_AREA(#9746);
#9333=SURFACE_STYLE_FILL_AREA(#9747);
#9334=SURFACE_STYLE_FILL_AREA(#9748);
#9335=SURFACE_STYLE_FILL_AREA(#9749);
#9336=SURFACE_STYLE_FILL_AREA(#9750);
#9337=SURFACE_STYLE_FILL_AREA(#9751);
#9338=SURFACE_STYLE_FILL_AREA(#9752);
#9339=SURFACE_STYLE_FILL_AREA(#9753);
#9340=SURFACE_STYLE_FILL_AREA(#9754);
#9341=SURFACE_STYLE_FILL_AREA(#9755);
#9342=SURFACE_STYLE_FILL_AREA(#9756);
#9343=SURFACE_STYLE_FILL_AREA(#9757);
#9344=SURFACE_STYLE_FILL_AREA(#9758);
#9345=SURFACE_STYLE_FILL_AREA(#9759);
#9346=SURFACE_STYLE_FILL_AREA(#9760);
#9347=SURFACE_STYLE_FILL_AREA(#9761);
#9348=SURFACE_STYLE_FILL_AREA(#9762);
#9349=SURFACE_STYLE_FILL_AREA(#9763);
#9350=SURFACE_STYLE_FILL_AREA(#9764);
#9351=SURFACE_STYLE_FILL_AREA(#9765);
#9352=SURFACE_STYLE_FILL_AREA(#9766);
#9353=SURFACE_STYLE_FILL_AREA(#9767);
#9354=SURFACE_STYLE_FILL_AREA(#9768);
#9355=SURFACE_STYLE_FILL_AREA(#9769);
#9356=SURFACE_STYLE_FILL_AREA(#9770);
#9357=SURFACE_STYLE_FILL_AREA(#9771);
#9358=SURFACE_STYLE_FILL_AREA(#9772);
#9359=SURFACE_STYLE_FILL_AREA(#9773);
#9360=SURFACE_STYLE_FILL_AREA(#9774);
#9361=SURFACE_STYLE_FILL_AREA(#9775);
#9362=SURFACE_STYLE_FILL_AREA(#9776);
#9363=SURFACE_STYLE_FILL_AREA(#9777);
#9364=SURFACE_STYLE_FILL_AREA(#9778);
#9365=SURFACE_STYLE_FILL_AREA(#9779);
#9366=SURFACE_STYLE_FILL_AREA(#9780);
#9367=SURFACE_STYLE_FILL_AREA(#9781);
#9368=SURFACE_STYLE_FILL_AREA(#9782);
#9369=SURFACE_STYLE_FILL_AREA(#9783);
#9370=SURFACE_STYLE_FILL_AREA(#9784);
#9371=SURFACE_STYLE_FILL_AREA(#9785);
#9372=SURFACE_STYLE_FILL_AREA(#9786);
#9373=SURFACE_STYLE_FILL_AREA(#9787);
#9374=SURFACE_STYLE_FILL_AREA(#9788);
#9375=SURFACE_STYLE_FILL_AREA(#9789);
#9376=SURFACE_STYLE_FILL_AREA(#9790);
#9377=SURFACE_STYLE_FILL_AREA(#9791);
#9378=SURFACE_STYLE_FILL_AREA(#9792);
#9379=SURFACE_STYLE_FILL_AREA(#9793);
#9380=SURFACE_STYLE_FILL_AREA(#9794);
#9381=SURFACE_STYLE_FILL_AREA(#9795);
#9382=SURFACE_STYLE_FILL_AREA(#9796);
#9383=SURFACE_STYLE_FILL_AREA(#9797);
#9384=SURFACE_STYLE_FILL_AREA(#9798);
#9385=SURFACE_STYLE_FILL_AREA(#9799);
#9386=SURFACE_STYLE_FILL_AREA(#9800);
#9387=SURFACE_STYLE_FILL_AREA(#9801);
#9388=SURFACE_STYLE_FILL_AREA(#9802);
#9389=SURFACE_STYLE_FILL_AREA(#9803);
#9390=SURFACE_STYLE_FILL_AREA(#9804);
#9391=SURFACE_STYLE_FILL_AREA(#9805);
#9392=SURFACE_STYLE_FILL_AREA(#9806);
#9393=SURFACE_STYLE_FILL_AREA(#9807);
#9394=SURFACE_STYLE_FILL_AREA(#9808);
#9395=SURFACE_STYLE_FILL_AREA(#9809);
#9396=SURFACE_STYLE_FILL_AREA(#9810);
#9397=SURFACE_STYLE_FILL_AREA(#9811);
#9398=SURFACE_STYLE_FILL_AREA(#9812);
#9399=SURFACE_STYLE_FILL_AREA(#9813);
#9400=SURFACE_STYLE_FILL_AREA(#9814);
#9401=SURFACE_STYLE_FILL_AREA(#9815);
#9402=SURFACE_STYLE_FILL_AREA(#9816);
#9403=SURFACE_STYLE_FILL_AREA(#9817);
#9404=SURFACE_STYLE_FILL_AREA(#9818);
#9405=SURFACE_STYLE_FILL_AREA(#9819);
#9406=SURFACE_STYLE_FILL_AREA(#9820);
#9407=SURFACE_STYLE_FILL_AREA(#9821);
#9408=SURFACE_STYLE_FILL_AREA(#9822);
#9409=SURFACE_STYLE_FILL_AREA(#9823);
#9410=SURFACE_STYLE_FILL_AREA(#9824);
#9411=SURFACE_STYLE_FILL_AREA(#9825);
#9412=SURFACE_STYLE_FILL_AREA(#9826);
#9413=SURFACE_STYLE_FILL_AREA(#9827);
#9414=SURFACE_STYLE_FILL_AREA(#9828);
#9415=SURFACE_STYLE_FILL_AREA(#9829);
#9416=SURFACE_STYLE_FILL_AREA(#9830);
#9417=SURFACE_STYLE_FILL_AREA(#9831);
#9418=SURFACE_STYLE_FILL_AREA(#9832);
#9419=SURFACE_STYLE_FILL_AREA(#9833);
#9420=SURFACE_STYLE_FILL_AREA(#9834);
#9421=SURFACE_STYLE_FILL_AREA(#9835);
#9422=SURFACE_STYLE_FILL_AREA(#9836);
#9423=SURFACE_STYLE_FILL_AREA(#9837);
#9424=SURFACE_STYLE_FILL_AREA(#9838);
#9425=SURFACE_STYLE_FILL_AREA(#9839);
#9426=SURFACE_STYLE_FILL_AREA(#9840);
#9427=SURFACE_STYLE_FILL_AREA(#9841);
#9428=SURFACE_STYLE_FILL_AREA(#9842);
#9429=SURFACE_STYLE_FILL_AREA(#9843);
#9430=SURFACE_STYLE_FILL_AREA(#9844);
#9431=SURFACE_STYLE_FILL_AREA(#9845);
#9432=SURFACE_STYLE_FILL_AREA(#9846);
#9433=SURFACE_STYLE_FILL_AREA(#9847);
#9434=SURFACE_STYLE_FILL_AREA(#9848);
#9435=SURFACE_STYLE_FILL_AREA(#9849);
#9436=SURFACE_STYLE_FILL_AREA(#9850);
#9437=SURFACE_STYLE_FILL_AREA(#9851);
#9438=SURFACE_STYLE_FILL_AREA(#9852);
#9439=SURFACE_STYLE_FILL_AREA(#9853);
#9440=SURFACE_STYLE_FILL_AREA(#9854);
#9441=SURFACE_STYLE_FILL_AREA(#9855);
#9442=SURFACE_STYLE_FILL_AREA(#9856);
#9443=SURFACE_STYLE_FILL_AREA(#9857);
#9444=SURFACE_STYLE_FILL_AREA(#9858);
#9445=SURFACE_STYLE_FILL_AREA(#9859);
#9446=SURFACE_STYLE_FILL_AREA(#9860);
#9447=SURFACE_STYLE_FILL_AREA(#9861);
#9448=SURFACE_STYLE_FILL_AREA(#9862);
#9449=SURFACE_STYLE_FILL_AREA(#9863);
#9450=SURFACE_STYLE_FILL_AREA(#9864);
#9451=SURFACE_STYLE_FILL_AREA(#9865);
#9452=SURFACE_STYLE_FILL_AREA(#9866);
#9453=SURFACE_STYLE_FILL_AREA(#9867);
#9454=SURFACE_STYLE_FILL_AREA(#9868);
#9455=SURFACE_STYLE_FILL_AREA(#9869);
#9456=SURFACE_STYLE_FILL_AREA(#9870);
#9457=SURFACE_STYLE_FILL_AREA(#9871);
#9458=SURFACE_STYLE_FILL_AREA(#9872);
#9459=SURFACE_STYLE_FILL_AREA(#9873);
#9460=SURFACE_STYLE_FILL_AREA(#9874);
#9461=SURFACE_STYLE_FILL_AREA(#9875);
#9462=SURFACE_STYLE_FILL_AREA(#9876);
#9463=SURFACE_STYLE_FILL_AREA(#9877);
#9464=SURFACE_STYLE_FILL_AREA(#9878);
#9465=SURFACE_STYLE_FILL_AREA(#9879);
#9466=SURFACE_STYLE_FILL_AREA(#9880);
#9467=SURFACE_STYLE_FILL_AREA(#9881);
#9468=SURFACE_STYLE_FILL_AREA(#9882);
#9469=SURFACE_STYLE_FILL_AREA(#9883);
#9470=SURFACE_STYLE_FILL_AREA(#9884);
#9471=SURFACE_STYLE_FILL_AREA(#9885);
#9472=SURFACE_STYLE_FILL_AREA(#9886);
#9473=SURFACE_STYLE_FILL_AREA(#9887);
#9474=SURFACE_STYLE_FILL_AREA(#9888);
#9475=SURFACE_STYLE_FILL_AREA(#9889);
#9476=SURFACE_STYLE_FILL_AREA(#9890);
#9477=SURFACE_STYLE_FILL_AREA(#9891);
#9478=SURFACE_STYLE_FILL_AREA(#9892);
#9479=SURFACE_STYLE_FILL_AREA(#9893);
#9480=SURFACE_STYLE_FILL_AREA(#9894);
#9481=FILL_AREA_STYLE('',(#9895));
#9482=FILL_AREA_STYLE('',(#9896));
#9483=FILL_AREA_STYLE('',(#9897));
#9484=FILL_AREA_STYLE('',(#9898));
#9485=FILL_AREA_STYLE('',(#9899));
#9486=FILL_AREA_STYLE('',(#9900));
#9487=FILL_AREA_STYLE('',(#9901));
#9488=FILL_AREA_STYLE('',(#9902));
#9489=FILL_AREA_STYLE('',(#9903));
#9490=FILL_AREA_STYLE('',(#9904));
#9491=FILL_AREA_STYLE('',(#9905));
#9492=FILL_AREA_STYLE('',(#9906));
#9493=FILL_AREA_STYLE('',(#9907));
#9494=FILL_AREA_STYLE('',(#9908));
#9495=FILL_AREA_STYLE('',(#9909));
#9496=FILL_AREA_STYLE('',(#9910));
#9497=FILL_AREA_STYLE('',(#9911));
#9498=FILL_AREA_STYLE('',(#9912));
#9499=FILL_AREA_STYLE('',(#9913));
#9500=FILL_AREA_STYLE('',(#9914));
#9501=FILL_AREA_STYLE('',(#9915));
#9502=FILL_AREA_STYLE('',(#9916));
#9503=FILL_AREA_STYLE('',(#9917));
#9504=FILL_AREA_STYLE('',(#9918));
#9505=FILL_AREA_STYLE('',(#9919));
#9506=FILL_AREA_STYLE('',(#9920));
#9507=FILL_AREA_STYLE('',(#9921));
#9508=FILL_AREA_STYLE('',(#9922));
#9509=FILL_AREA_STYLE('',(#9923));
#9510=FILL_AREA_STYLE('',(#9924));
#9511=FILL_AREA_STYLE('',(#9925));
#9512=FILL_AREA_STYLE('',(#9926));
#9513=FILL_AREA_STYLE('',(#9927));
#9514=FILL_AREA_STYLE('',(#9928));
#9515=FILL_AREA_STYLE('',(#9929));
#9516=FILL_AREA_STYLE('',(#9930));
#9517=FILL_AREA_STYLE('',(#9931));
#9518=FILL_AREA_STYLE('',(#9932));
#9519=FILL_AREA_STYLE('',(#9933));
#9520=FILL_AREA_STYLE('',(#9934));
#9521=FILL_AREA_STYLE('',(#9935));
#9522=FILL_AREA_STYLE('',(#9936));
#9523=FILL_AREA_STYLE('',(#9937));
#9524=FILL_AREA_STYLE('',(#9938));
#9525=FILL_AREA_STYLE('',(#9939));
#9526=FILL_AREA_STYLE('',(#9940));
#9527=FILL_AREA_STYLE('',(#9941));
#9528=FILL_AREA_STYLE('',(#9942));
#9529=FILL_AREA_STYLE('',(#9943));
#9530=FILL_AREA_STYLE('',(#9944));
#9531=FILL_AREA_STYLE('',(#9945));
#9532=FILL_AREA_STYLE('',(#9946));
#9533=FILL_AREA_STYLE('',(#9947));
#9534=FILL_AREA_STYLE('',(#9948));
#9535=FILL_AREA_STYLE('',(#9949));
#9536=FILL_AREA_STYLE('',(#9950));
#9537=FILL_AREA_STYLE('',(#9951));
#9538=FILL_AREA_STYLE('',(#9952));
#9539=FILL_AREA_STYLE('',(#9953));
#9540=FILL_AREA_STYLE('',(#9954));
#9541=FILL_AREA_STYLE('',(#9955));
#9542=FILL_AREA_STYLE('',(#9956));
#9543=FILL_AREA_STYLE('',(#9957));
#9544=FILL_AREA_STYLE('',(#9958));
#9545=FILL_AREA_STYLE('',(#9959));
#9546=FILL_AREA_STYLE('',(#9960));
#9547=FILL_AREA_STYLE('',(#9961));
#9548=FILL_AREA_STYLE('',(#9962));
#9549=FILL_AREA_STYLE('',(#9963));
#9550=FILL_AREA_STYLE('',(#9964));
#9551=FILL_AREA_STYLE('',(#9965));
#9552=FILL_AREA_STYLE('',(#9966));
#9553=FILL_AREA_STYLE('',(#9967));
#9554=FILL_AREA_STYLE('',(#9968));
#9555=FILL_AREA_STYLE('',(#9969));
#9556=FILL_AREA_STYLE('',(#9970));
#9557=FILL_AREA_STYLE('',(#9971));
#9558=FILL_AREA_STYLE('',(#9972));
#9559=FILL_AREA_STYLE('',(#9973));
#9560=FILL_AREA_STYLE('',(#9974));
#9561=FILL_AREA_STYLE('',(#9975));
#9562=FILL_AREA_STYLE('',(#9976));
#9563=FILL_AREA_STYLE('',(#9977));
#9564=FILL_AREA_STYLE('',(#9978));
#9565=FILL_AREA_STYLE('',(#9979));
#9566=FILL_AREA_STYLE('',(#9980));
#9567=FILL_AREA_STYLE('',(#9981));
#9568=FILL_AREA_STYLE('',(#9982));
#9569=FILL_AREA_STYLE('',(#9983));
#9570=FILL_AREA_STYLE('',(#9984));
#9571=FILL_AREA_STYLE('',(#9985));
#9572=FILL_AREA_STYLE('',(#9986));
#9573=FILL_AREA_STYLE('',(#9987));
#9574=FILL_AREA_STYLE('',(#9988));
#9575=FILL_AREA_STYLE('',(#9989));
#9576=FILL_AREA_STYLE('',(#9990));
#9577=FILL_AREA_STYLE('',(#9991));
#9578=FILL_AREA_STYLE('',(#9992));
#9579=FILL_AREA_STYLE('',(#9993));
#9580=FILL_AREA_STYLE('',(#9994));
#9581=FILL_AREA_STYLE('',(#9995));
#9582=FILL_AREA_STYLE('',(#9996));
#9583=FILL_AREA_STYLE('',(#9997));
#9584=FILL_AREA_STYLE('',(#9998));
#9585=FILL_AREA_STYLE('',(#9999));
#9586=FILL_AREA_STYLE('',(#10000));
#9587=FILL_AREA_STYLE('',(#10001));
#9588=FILL_AREA_STYLE('',(#10002));
#9589=FILL_AREA_STYLE('',(#10003));
#9590=FILL_AREA_STYLE('',(#10004));
#9591=FILL_AREA_STYLE('',(#10005));
#9592=FILL_AREA_STYLE('',(#10006));
#9593=FILL_AREA_STYLE('',(#10007));
#9594=FILL_AREA_STYLE('',(#10008));
#9595=FILL_AREA_STYLE('',(#10009));
#9596=FILL_AREA_STYLE('',(#10010));
#9597=FILL_AREA_STYLE('',(#10011));
#9598=FILL_AREA_STYLE('',(#10012));
#9599=FILL_AREA_STYLE('',(#10013));
#9600=FILL_AREA_STYLE('',(#10014));
#9601=FILL_AREA_STYLE('',(#10015));
#9602=FILL_AREA_STYLE('',(#10016));
#9603=FILL_AREA_STYLE('',(#10017));
#9604=FILL_AREA_STYLE('',(#10018));
#9605=FILL_AREA_STYLE('',(#10019));
#9606=FILL_AREA_STYLE('',(#10020));
#9607=FILL_AREA_STYLE('',(#10021));
#9608=FILL_AREA_STYLE('',(#10022));
#9609=FILL_AREA_STYLE('',(#10023));
#9610=FILL_AREA_STYLE('',(#10024));
#9611=FILL_AREA_STYLE('',(#10025));
#9612=FILL_AREA_STYLE('',(#10026));
#9613=FILL_AREA_STYLE('',(#10027));
#9614=FILL_AREA_STYLE('',(#10028));
#9615=FILL_AREA_STYLE('',(#10029));
#9616=FILL_AREA_STYLE('',(#10030));
#9617=FILL_AREA_STYLE('',(#10031));
#9618=FILL_AREA_STYLE('',(#10032));
#9619=FILL_AREA_STYLE('',(#10033));
#9620=FILL_AREA_STYLE('',(#10034));
#9621=FILL_AREA_STYLE('',(#10035));
#9622=FILL_AREA_STYLE('',(#10036));
#9623=FILL_AREA_STYLE('',(#10037));
#9624=FILL_AREA_STYLE('',(#10038));
#9625=FILL_AREA_STYLE('',(#10039));
#9626=FILL_AREA_STYLE('',(#10040));
#9627=FILL_AREA_STYLE('',(#10041));
#9628=FILL_AREA_STYLE('',(#10042));
#9629=FILL_AREA_STYLE('',(#10043));
#9630=FILL_AREA_STYLE('',(#10044));
#9631=FILL_AREA_STYLE('',(#10045));
#9632=FILL_AREA_STYLE('',(#10046));
#9633=FILL_AREA_STYLE('',(#10047));
#9634=FILL_AREA_STYLE('',(#10048));
#9635=FILL_AREA_STYLE('',(#10049));
#9636=FILL_AREA_STYLE('',(#10050));
#9637=FILL_AREA_STYLE('',(#10051));
#9638=FILL_AREA_STYLE('',(#10052));
#9639=FILL_AREA_STYLE('',(#10053));
#9640=FILL_AREA_STYLE('',(#10054));
#9641=FILL_AREA_STYLE('',(#10055));
#9642=FILL_AREA_STYLE('',(#10056));
#9643=FILL_AREA_STYLE('',(#10057));
#9644=FILL_AREA_STYLE('',(#10058));
#9645=FILL_AREA_STYLE('',(#10059));
#9646=FILL_AREA_STYLE('',(#10060));
#9647=FILL_AREA_STYLE('',(#10061));
#9648=FILL_AREA_STYLE('',(#10062));
#9649=FILL_AREA_STYLE('',(#10063));
#9650=FILL_AREA_STYLE('',(#10064));
#9651=FILL_AREA_STYLE('',(#10065));
#9652=FILL_AREA_STYLE('',(#10066));
#9653=FILL_AREA_STYLE('',(#10067));
#9654=FILL_AREA_STYLE('',(#10068));
#9655=FILL_AREA_STYLE('',(#10069));
#9656=FILL_AREA_STYLE('',(#10070));
#9657=FILL_AREA_STYLE('',(#10071));
#9658=FILL_AREA_STYLE('',(#10072));
#9659=FILL_AREA_STYLE('',(#10073));
#9660=FILL_AREA_STYLE('',(#10074));
#9661=FILL_AREA_STYLE('',(#10075));
#9662=FILL_AREA_STYLE('',(#10076));
#9663=FILL_AREA_STYLE('',(#10077));
#9664=FILL_AREA_STYLE('',(#10078));
#9665=FILL_AREA_STYLE('',(#10079));
#9666=FILL_AREA_STYLE('',(#10080));
#9667=FILL_AREA_STYLE('',(#10081));
#9668=FILL_AREA_STYLE('',(#10082));
#9669=FILL_AREA_STYLE('',(#10083));
#9670=FILL_AREA_STYLE('',(#10084));
#9671=FILL_AREA_STYLE('',(#10085));
#9672=FILL_AREA_STYLE('',(#10086));
#9673=FILL_AREA_STYLE('',(#10087));
#9674=FILL_AREA_STYLE('',(#10088));
#9675=FILL_AREA_STYLE('',(#10089));
#9676=FILL_AREA_STYLE('',(#10090));
#9677=FILL_AREA_STYLE('',(#10091));
#9678=FILL_AREA_STYLE('',(#10092));
#9679=FILL_AREA_STYLE('',(#10093));
#9680=FILL_AREA_STYLE('',(#10094));
#9681=FILL_AREA_STYLE('',(#10095));
#9682=FILL_AREA_STYLE('',(#10096));
#9683=FILL_AREA_STYLE('',(#10097));
#9684=FILL_AREA_STYLE('',(#10098));
#9685=FILL_AREA_STYLE('',(#10099));
#9686=FILL_AREA_STYLE('',(#10100));
#9687=FILL_AREA_STYLE('',(#10101));
#9688=FILL_AREA_STYLE('',(#10102));
#9689=FILL_AREA_STYLE('',(#10103));
#9690=FILL_AREA_STYLE('',(#10104));
#9691=FILL_AREA_STYLE('',(#10105));
#9692=FILL_AREA_STYLE('',(#10106));
#9693=FILL_AREA_STYLE('',(#10107));
#9694=FILL_AREA_STYLE('',(#10108));
#9695=FILL_AREA_STYLE('',(#10109));
#9696=FILL_AREA_STYLE('',(#10110));
#9697=FILL_AREA_STYLE('',(#10111));
#9698=FILL_AREA_STYLE('',(#10112));
#9699=FILL_AREA_STYLE('',(#10113));
#9700=FILL_AREA_STYLE('',(#10114));
#9701=FILL_AREA_STYLE('',(#10115));
#9702=FILL_AREA_STYLE('',(#10116));
#9703=FILL_AREA_STYLE('',(#10117));
#9704=FILL_AREA_STYLE('',(#10118));
#9705=FILL_AREA_STYLE('',(#10119));
#9706=FILL_AREA_STYLE('',(#10120));
#9707=FILL_AREA_STYLE('',(#10121));
#9708=FILL_AREA_STYLE('',(#10122));
#9709=FILL_AREA_STYLE('',(#10123));
#9710=FILL_AREA_STYLE('',(#10124));
#9711=FILL_AREA_STYLE('',(#10125));
#9712=FILL_AREA_STYLE('',(#10126));
#9713=FILL_AREA_STYLE('',(#10127));
#9714=FILL_AREA_STYLE('',(#10128));
#9715=FILL_AREA_STYLE('',(#10129));
#9716=FILL_AREA_STYLE('',(#10130));
#9717=FILL_AREA_STYLE('',(#10131));
#9718=FILL_AREA_STYLE('',(#10132));
#9719=FILL_AREA_STYLE('',(#10133));
#9720=FILL_AREA_STYLE('',(#10134));
#9721=FILL_AREA_STYLE('',(#10135));
#9722=FILL_AREA_STYLE('',(#10136));
#9723=FILL_AREA_STYLE('',(#10137));
#9724=FILL_AREA_STYLE('',(#10138));
#9725=FILL_AREA_STYLE('',(#10139));
#9726=FILL_AREA_STYLE('',(#10140));
#9727=FILL_AREA_STYLE('',(#10141));
#9728=FILL_AREA_STYLE('',(#10142));
#9729=FILL_AREA_STYLE('',(#10143));
#9730=FILL_AREA_STYLE('',(#10144));
#9731=FILL_AREA_STYLE('',(#10145));
#9732=FILL_AREA_STYLE('',(#10146));
#9733=FILL_AREA_STYLE('',(#10147));
#9734=FILL_AREA_STYLE('',(#10148));
#9735=FILL_AREA_STYLE('',(#10149));
#9736=FILL_AREA_STYLE('',(#10150));
#9737=FILL_AREA_STYLE('',(#10151));
#9738=FILL_AREA_STYLE('',(#10152));
#9739=FILL_AREA_STYLE('',(#10153));
#9740=FILL_AREA_STYLE('',(#10154));
#9741=FILL_AREA_STYLE('',(#10155));
#9742=FILL_AREA_STYLE('',(#10156));
#9743=FILL_AREA_STYLE('',(#10157));
#9744=FILL_AREA_STYLE('',(#10158));
#9745=FILL_AREA_STYLE('',(#10159));
#9746=FILL_AREA_STYLE('',(#10160));
#9747=FILL_AREA_STYLE('',(#10161));
#9748=FILL_AREA_STYLE('',(#10162));
#9749=FILL_AREA_STYLE('',(#10163));
#9750=FILL_AREA_STYLE('',(#10164));
#9751=FILL_AREA_STYLE('',(#10165));
#9752=FILL_AREA_STYLE('',(#10166));
#9753=FILL_AREA_STYLE('',(#10167));
#9754=FILL_AREA_STYLE('',(#10168));
#9755=FILL_AREA_STYLE('',(#10169));
#9756=FILL_AREA_STYLE('',(#10170));
#9757=FILL_AREA_STYLE('',(#10171));
#9758=FILL_AREA_STYLE('',(#10172));
#9759=FILL_AREA_STYLE('',(#10173));
#9760=FILL_AREA_STYLE('',(#10174));
#9761=FILL_AREA_STYLE('',(#10175));
#9762=FILL_AREA_STYLE('',(#10176));
#9763=FILL_AREA_STYLE('',(#10177));
#9764=FILL_AREA_STYLE('',(#10178));
#9765=FILL_AREA_STYLE('',(#10179));
#9766=FILL_AREA_STYLE('',(#10180));
#9767=FILL_AREA_STYLE('',(#10181));
#9768=FILL_AREA_STYLE('',(#10182));
#9769=FILL_AREA_STYLE('',(#10183));
#9770=FILL_AREA_STYLE('',(#10184));
#9771=FILL_AREA_STYLE('',(#10185));
#9772=FILL_AREA_STYLE('',(#10186));
#9773=FILL_AREA_STYLE('',(#10187));
#9774=FILL_AREA_STYLE('',(#10188));
#9775=FILL_AREA_STYLE('',(#10189));
#9776=FILL_AREA_STYLE('',(#10190));
#9777=FILL_AREA_STYLE('',(#10191));
#9778=FILL_AREA_STYLE('',(#10192));
#9779=FILL_AREA_STYLE('',(#10193));
#9780=FILL_AREA_STYLE('',(#10194));
#9781=FILL_AREA_STYLE('',(#10195));
#9782=FILL_AREA_STYLE('',(#10196));
#9783=FILL_AREA_STYLE('',(#10197));
#9784=FILL_AREA_STYLE('',(#10198));
#9785=FILL_AREA_STYLE('',(#10199));
#9786=FILL_AREA_STYLE('',(#10200));
#9787=FILL_AREA_STYLE('',(#10201));
#9788=FILL_AREA_STYLE('',(#10202));
#9789=FILL_AREA_STYLE('',(#10203));
#9790=FILL_AREA_STYLE('',(#10204));
#9791=FILL_AREA_STYLE('',(#10205));
#9792=FILL_AREA_STYLE('',(#10206));
#9793=FILL_AREA_STYLE('',(#10207));
#9794=FILL_AREA_STYLE('',(#10208));
#9795=FILL_AREA_STYLE('',(#10209));
#9796=FILL_AREA_STYLE('',(#10210));
#9797=FILL_AREA_STYLE('',(#10211));
#9798=FILL_AREA_STYLE('',(#10212));
#9799=FILL_AREA_STYLE('',(#10213));
#9800=FILL_AREA_STYLE('',(#10214));
#9801=FILL_AREA_STYLE('',(#10215));
#9802=FILL_AREA_STYLE('',(#10216));
#9803=FILL_AREA_STYLE('',(#10217));
#9804=FILL_AREA_STYLE('',(#10218));
#9805=FILL_AREA_STYLE('',(#10219));
#9806=FILL_AREA_STYLE('',(#10220));
#9807=FILL_AREA_STYLE('',(#10221));
#9808=FILL_AREA_STYLE('',(#10222));
#9809=FILL_AREA_STYLE('',(#10223));
#9810=FILL_AREA_STYLE('',(#10224));
#9811=FILL_AREA_STYLE('',(#10225));
#9812=FILL_AREA_STYLE('',(#10226));
#9813=FILL_AREA_STYLE('',(#10227));
#9814=FILL_AREA_STYLE('',(#10228));
#9815=FILL_AREA_STYLE('',(#10229));
#9816=FILL_AREA_STYLE('',(#10230));
#9817=FILL_AREA_STYLE('',(#10231));
#9818=FILL_AREA_STYLE('',(#10232));
#9819=FILL_AREA_STYLE('',(#10233));
#9820=FILL_AREA_STYLE('',(#10234));
#9821=FILL_AREA_STYLE('',(#10235));
#9822=FILL_AREA_STYLE('',(#10236));
#9823=FILL_AREA_STYLE('',(#10237));
#9824=FILL_AREA_STYLE('',(#10238));
#9825=FILL_AREA_STYLE('',(#10239));
#9826=FILL_AREA_STYLE('',(#10240));
#9827=FILL_AREA_STYLE('',(#10241));
#9828=FILL_AREA_STYLE('',(#10242));
#9829=FILL_AREA_STYLE('',(#10243));
#9830=FILL_AREA_STYLE('',(#10244));
#9831=FILL_AREA_STYLE('',(#10245));
#9832=FILL_AREA_STYLE('',(#10246));
#9833=FILL_AREA_STYLE('',(#10247));
#9834=FILL_AREA_STYLE('',(#10248));
#9835=FILL_AREA_STYLE('',(#10249));
#9836=FILL_AREA_STYLE('',(#10250));
#9837=FILL_AREA_STYLE('',(#10251));
#9838=FILL_AREA_STYLE('',(#10252));
#9839=FILL_AREA_STYLE('',(#10253));
#9840=FILL_AREA_STYLE('',(#10254));
#9841=FILL_AREA_STYLE('',(#10255));
#9842=FILL_AREA_STYLE('',(#10256));
#9843=FILL_AREA_STYLE('',(#10257));
#9844=FILL_AREA_STYLE('',(#10258));
#9845=FILL_AREA_STYLE('',(#10259));
#9846=FILL_AREA_STYLE('',(#10260));
#9847=FILL_AREA_STYLE('',(#10261));
#9848=FILL_AREA_STYLE('',(#10262));
#9849=FILL_AREA_STYLE('',(#10263));
#9850=FILL_AREA_STYLE('',(#10264));
#9851=FILL_AREA_STYLE('',(#10265));
#9852=FILL_AREA_STYLE('',(#10266));
#9853=FILL_AREA_STYLE('',(#10267));
#9854=FILL_AREA_STYLE('',(#10268));
#9855=FILL_AREA_STYLE('',(#10269));
#9856=FILL_AREA_STYLE('',(#10270));
#9857=FILL_AREA_STYLE('',(#10271));
#9858=FILL_AREA_STYLE('',(#10272));
#9859=FILL_AREA_STYLE('',(#10273));
#9860=FILL_AREA_STYLE('',(#10274));
#9861=FILL_AREA_STYLE('',(#10275));
#9862=FILL_AREA_STYLE('',(#10276));
#9863=FILL_AREA_STYLE('',(#10277));
#9864=FILL_AREA_STYLE('',(#10278));
#9865=FILL_AREA_STYLE('',(#10279));
#9866=FILL_AREA_STYLE('',(#10280));
#9867=FILL_AREA_STYLE('',(#10281));
#9868=FILL_AREA_STYLE('',(#10282));
#9869=FILL_AREA_STYLE('',(#10283));
#9870=FILL_AREA_STYLE('',(#10284));
#9871=FILL_AREA_STYLE('',(#10285));
#9872=FILL_AREA_STYLE('',(#10286));
#9873=FILL_AREA_STYLE('',(#10287));
#9874=FILL_AREA_STYLE('',(#10288));
#9875=FILL_AREA_STYLE('',(#10289));
#9876=FILL_AREA_STYLE('',(#10290));
#9877=FILL_AREA_STYLE('',(#10291));
#9878=FILL_AREA_STYLE('',(#10292));
#9879=FILL_AREA_STYLE('',(#10293));
#9880=FILL_AREA_STYLE('',(#10294));
#9881=FILL_AREA_STYLE('',(#10295));
#9882=FILL_AREA_STYLE('',(#10296));
#9883=FILL_AREA_STYLE('',(#10297));
#9884=FILL_AREA_STYLE('',(#10298));
#9885=FILL_AREA_STYLE('',(#10299));
#9886=FILL_AREA_STYLE('',(#10300));
#9887=FILL_AREA_STYLE('',(#10301));
#9888=FILL_AREA_STYLE('',(#10302));
#9889=FILL_AREA_STYLE('',(#10303));
#9890=FILL_AREA_STYLE('',(#10304));
#9891=FILL_AREA_STYLE('',(#10305));
#9892=FILL_AREA_STYLE('',(#10306));
#9893=FILL_AREA_STYLE('',(#10307));
#9894=FILL_AREA_STYLE('',(#10308));
#9895=FILL_AREA_STYLE_COLOUR('',#10309);
#9896=FILL_AREA_STYLE_COLOUR('',#10310);
#9897=FILL_AREA_STYLE_COLOUR('',#10310);
#9898=FILL_AREA_STYLE_COLOUR('',#10310);
#9899=FILL_AREA_STYLE_COLOUR('',#10310);
#9900=FILL_AREA_STYLE_COLOUR('',#10310);
#9901=FILL_AREA_STYLE_COLOUR('',#10310);
#9902=FILL_AREA_STYLE_COLOUR('',#10310);
#9903=FILL_AREA_STYLE_COLOUR('',#10310);
#9904=FILL_AREA_STYLE_COLOUR('',#10310);
#9905=FILL_AREA_STYLE_COLOUR('',#10310);
#9906=FILL_AREA_STYLE_COLOUR('',#10310);
#9907=FILL_AREA_STYLE_COLOUR('',#10310);
#9908=FILL_AREA_STYLE_COLOUR('',#10310);
#9909=FILL_AREA_STYLE_COLOUR('',#10310);
#9910=FILL_AREA_STYLE_COLOUR('',#10310);
#9911=FILL_AREA_STYLE_COLOUR('',#10310);
#9912=FILL_AREA_STYLE_COLOUR('',#10310);
#9913=FILL_AREA_STYLE_COLOUR('',#10310);
#9914=FILL_AREA_STYLE_COLOUR('',#10310);
#9915=FILL_AREA_STYLE_COLOUR('',#10310);
#9916=FILL_AREA_STYLE_COLOUR('',#10310);
#9917=FILL_AREA_STYLE_COLOUR('',#10310);
#9918=FILL_AREA_STYLE_COLOUR('',#10310);
#9919=FILL_AREA_STYLE_COLOUR('',#10310);
#9920=FILL_AREA_STYLE_COLOUR('',#10310);
#9921=FILL_AREA_STYLE_COLOUR('',#10310);
#9922=FILL_AREA_STYLE_COLOUR('',#10310);
#9923=FILL_AREA_STYLE_COLOUR('',#10310);
#9924=FILL_AREA_STYLE_COLOUR('',#10310);
#9925=FILL_AREA_STYLE_COLOUR('',#10310);
#9926=FILL_AREA_STYLE_COLOUR('',#10310);
#9927=FILL_AREA_STYLE_COLOUR('',#10310);
#9928=FILL_AREA_STYLE_COLOUR('',#10310);
#9929=FILL_AREA_STYLE_COLOUR('',#10310);
#9930=FILL_AREA_STYLE_COLOUR('',#10310);
#9931=FILL_AREA_STYLE_COLOUR('',#10310);
#9932=FILL_AREA_STYLE_COLOUR('',#10310);
#9933=FILL_AREA_STYLE_COLOUR('',#10310);
#9934=FILL_AREA_STYLE_COLOUR('',#10310);
#9935=FILL_AREA_STYLE_COLOUR('',#10310);
#9936=FILL_AREA_STYLE_COLOUR('',#10310);
#9937=FILL_AREA_STYLE_COLOUR('',#10310);
#9938=FILL_AREA_STYLE_COLOUR('',#10310);
#9939=FILL_AREA_STYLE_COLOUR('',#10310);
#9940=FILL_AREA_STYLE_COLOUR('',#10310);
#9941=FILL_AREA_STYLE_COLOUR('',#10310);
#9942=FILL_AREA_STYLE_COLOUR('',#10310);
#9943=FILL_AREA_STYLE_COLOUR('',#10310);
#9944=FILL_AREA_STYLE_COLOUR('',#10310);
#9945=FILL_AREA_STYLE_COLOUR('',#10310);
#9946=FILL_AREA_STYLE_COLOUR('',#10310);
#9947=FILL_AREA_STYLE_COLOUR('',#10310);
#9948=FILL_AREA_STYLE_COLOUR('',#10310);
#9949=FILL_AREA_STYLE_COLOUR('',#10310);
#9950=FILL_AREA_STYLE_COLOUR('',#10310);
#9951=FILL_AREA_STYLE_COLOUR('',#10310);
#9952=FILL_AREA_STYLE_COLOUR('',#10310);
#9953=FILL_AREA_STYLE_COLOUR('',#10310);
#9954=FILL_AREA_STYLE_COLOUR('',#10310);
#9955=FILL_AREA_STYLE_COLOUR('',#10310);
#9956=FILL_AREA_STYLE_COLOUR('',#10310);
#9957=FILL_AREA_STYLE_COLOUR('',#10310);
#9958=FILL_AREA_STYLE_COLOUR('',#10310);
#9959=FILL_AREA_STYLE_COLOUR('',#10310);
#9960=FILL_AREA_STYLE_COLOUR('',#10310);
#9961=FILL_AREA_STYLE_COLOUR('',#10310);
#9962=FILL_AREA_STYLE_COLOUR('',#10310);
#9963=FILL_AREA_STYLE_COLOUR('',#10310);
#9964=FILL_AREA_STYLE_COLOUR('',#10310);
#9965=FILL_AREA_STYLE_COLOUR('',#10310);
#9966=FILL_AREA_STYLE_COLOUR('',#10310);
#9967=FILL_AREA_STYLE_COLOUR('',#10310);
#9968=FILL_AREA_STYLE_COLOUR('',#10310);
#9969=FILL_AREA_STYLE_COLOUR('',#10310);
#9970=FILL_AREA_STYLE_COLOUR('',#10310);
#9971=FILL_AREA_STYLE_COLOUR('',#10310);
#9972=FILL_AREA_STYLE_COLOUR('',#10310);
#9973=FILL_AREA_STYLE_COLOUR('',#10310);
#9974=FILL_AREA_STYLE_COLOUR('',#10310);
#9975=FILL_AREA_STYLE_COLOUR('',#10310);
#9976=FILL_AREA_STYLE_COLOUR('',#10310);
#9977=FILL_AREA_STYLE_COLOUR('',#10310);
#9978=FILL_AREA_STYLE_COLOUR('',#10310);
#9979=FILL_AREA_STYLE_COLOUR('',#10310);
#9980=FILL_AREA_STYLE_COLOUR('',#10310);
#9981=FILL_AREA_STYLE_COLOUR('',#10310);
#9982=FILL_AREA_STYLE_COLOUR('',#10310);
#9983=FILL_AREA_STYLE_COLOUR('',#10310);
#9984=FILL_AREA_STYLE_COLOUR('',#10310);
#9985=FILL_AREA_STYLE_COLOUR('',#10310);
#9986=FILL_AREA_STYLE_COLOUR('',#10310);
#9987=FILL_AREA_STYLE_COLOUR('',#10310);
#9988=FILL_AREA_STYLE_COLOUR('',#10310);
#9989=FILL_AREA_STYLE_COLOUR('',#10310);
#9990=FILL_AREA_STYLE_COLOUR('',#10310);
#9991=FILL_AREA_STYLE_COLOUR('',#10310);
#9992=FILL_AREA_STYLE_COLOUR('',#10310);
#9993=FILL_AREA_STYLE_COLOUR('',#10310);
#9994=FILL_AREA_STYLE_COLOUR('',#10310);
#9995=FILL_AREA_STYLE_COLOUR('',#10310);
#9996=FILL_AREA_STYLE_COLOUR('',#10310);
#9997=FILL_AREA_STYLE_COLOUR('',#10310);
#9998=FILL_AREA_STYLE_COLOUR('',#10310);
#9999=FILL_AREA_STYLE_COLOUR('',#10310);
#10000=FILL_AREA_STYLE_COLOUR('',#10310);
#10001=FILL_AREA_STYLE_COLOUR('',#10310);
#10002=FILL_AREA_STYLE_COLOUR('',#10310);
#10003=FILL_AREA_STYLE_COLOUR('',#10310);
#10004=FILL_AREA_STYLE_COLOUR('',#10310);
#10005=FILL_AREA_STYLE_COLOUR('',#10310);
#10006=FILL_AREA_STYLE_COLOUR('',#10310);
#10007=FILL_AREA_STYLE_COLOUR('',#10310);
#10008=FILL_AREA_STYLE_COLOUR('',#10310);
#10009=FILL_AREA_STYLE_COLOUR('',#10310);
#10010=FILL_AREA_STYLE_COLOUR('',#10310);
#10011=FILL_AREA_STYLE_COLOUR('',#10310);
#10012=FILL_AREA_STYLE_COLOUR('',#10310);
#10013=FILL_AREA_STYLE_COLOUR('',#10310);
#10014=FILL_AREA_STYLE_COLOUR('',#10310);
#10015=FILL_AREA_STYLE_COLOUR('',#10310);
#10016=FILL_AREA_STYLE_COLOUR('',#10310);
#10017=FILL_AREA_STYLE_COLOUR('',#10310);
#10018=FILL_AREA_STYLE_COLOUR('',#10310);
#10019=FILL_AREA_STYLE_COLOUR('',#10310);
#10020=FILL_AREA_STYLE_COLOUR('',#10310);
#10021=FILL_AREA_STYLE_COLOUR('',#10310);
#10022=FILL_AREA_STYLE_COLOUR('',#10310);
#10023=FILL_AREA_STYLE_COLOUR('',#10310);
#10024=FILL_AREA_STYLE_COLOUR('',#10310);
#10025=FILL_AREA_STYLE_COLOUR('',#10310);
#10026=FILL_AREA_STYLE_COLOUR('',#10310);
#10027=FILL_AREA_STYLE_COLOUR('',#10310);
#10028=FILL_AREA_STYLE_COLOUR('',#10310);
#10029=FILL_AREA_STYLE_COLOUR('',#10310);
#10030=FILL_AREA_STYLE_COLOUR('',#10310);
#10031=FILL_AREA_STYLE_COLOUR('',#10310);
#10032=FILL_AREA_STYLE_COLOUR('',#10310);
#10033=FILL_AREA_STYLE_COLOUR('',#10310);
#10034=FILL_AREA_STYLE_COLOUR('',#10310);
#10035=FILL_AREA_STYLE_COLOUR('',#10310);
#10036=FILL_AREA_STYLE_COLOUR('',#10310);
#10037=FILL_AREA_STYLE_COLOUR('',#10310);
#10038=FILL_AREA_STYLE_COLOUR('',#10310);
#10039=FILL_AREA_STYLE_COLOUR('',#10310);
#10040=FILL_AREA_STYLE_COLOUR('',#10310);
#10041=FILL_AREA_STYLE_COLOUR('',#10310);
#10042=FILL_AREA_STYLE_COLOUR('',#10310);
#10043=FILL_AREA_STYLE_COLOUR('',#10310);
#10044=FILL_AREA_STYLE_COLOUR('',#10311);
#10045=FILL_AREA_STYLE_COLOUR('',#10311);
#10046=FILL_AREA_STYLE_COLOUR('',#10311);
#10047=FILL_AREA_STYLE_COLOUR('',#10311);
#10048=FILL_AREA_STYLE_COLOUR('',#10311);
#10049=FILL_AREA_STYLE_COLOUR('',#10311);
#10050=FILL_AREA_STYLE_COLOUR('',#10311);
#10051=FILL_AREA_STYLE_COLOUR('',#10311);
#10052=FILL_AREA_STYLE_COLOUR('',#10311);
#10053=FILL_AREA_STYLE_COLOUR('',#10311);
#10054=FILL_AREA_STYLE_COLOUR('',#10311);
#10055=FILL_AREA_STYLE_COLOUR('',#10311);
#10056=FILL_AREA_STYLE_COLOUR('',#10311);
#10057=FILL_AREA_STYLE_COLOUR('',#10311);
#10058=FILL_AREA_STYLE_COLOUR('',#10311);
#10059=FILL_AREA_STYLE_COLOUR('',#10311);
#10060=FILL_AREA_STYLE_COLOUR('',#10311);
#10061=FILL_AREA_STYLE_COLOUR('',#10311);
#10062=FILL_AREA_STYLE_COLOUR('',#10311);
#10063=FILL_AREA_STYLE_COLOUR('',#10311);
#10064=FILL_AREA_STYLE_COLOUR('',#10311);
#10065=FILL_AREA_STYLE_COLOUR('',#10311);
#10066=FILL_AREA_STYLE_COLOUR('',#10311);
#10067=FILL_AREA_STYLE_COLOUR('',#10311);
#10068=FILL_AREA_STYLE_COLOUR('',#10311);
#10069=FILL_AREA_STYLE_COLOUR('',#10311);
#10070=FILL_AREA_STYLE_COLOUR('',#10311);
#10071=FILL_AREA_STYLE_COLOUR('',#10311);
#10072=FILL_AREA_STYLE_COLOUR('',#10311);
#10073=FILL_AREA_STYLE_COLOUR('',#10311);
#10074=FILL_AREA_STYLE_COLOUR('',#10310);
#10075=FILL_AREA_STYLE_COLOUR('',#10310);
#10076=FILL_AREA_STYLE_COLOUR('',#10310);
#10077=FILL_AREA_STYLE_COLOUR('',#10310);
#10078=FILL_AREA_STYLE_COLOUR('',#10310);
#10079=FILL_AREA_STYLE_COLOUR('',#10312);
#10080=FILL_AREA_STYLE_COLOUR('',#10310);
#10081=FILL_AREA_STYLE_COLOUR('',#10310);
#10082=FILL_AREA_STYLE_COLOUR('',#10311);
#10083=FILL_AREA_STYLE_COLOUR('',#10311);
#10084=FILL_AREA_STYLE_COLOUR('',#10311);
#10085=FILL_AREA_STYLE_COLOUR('',#10311);
#10086=FILL_AREA_STYLE_COLOUR('',#10311);
#10087=FILL_AREA_STYLE_COLOUR('',#10311);
#10088=FILL_AREA_STYLE_COLOUR('',#10311);
#10089=FILL_AREA_STYLE_COLOUR('',#10311);
#10090=FILL_AREA_STYLE_COLOUR('',#10311);
#10091=FILL_AREA_STYLE_COLOUR('',#10311);
#10092=FILL_AREA_STYLE_COLOUR('',#10311);
#10093=FILL_AREA_STYLE_COLOUR('',#10311);
#10094=FILL_AREA_STYLE_COLOUR('',#10311);
#10095=FILL_AREA_STYLE_COLOUR('',#10311);
#10096=FILL_AREA_STYLE_COLOUR('',#10311);
#10097=FILL_AREA_STYLE_COLOUR('',#10311);
#10098=FILL_AREA_STYLE_COLOUR('',#10311);
#10099=FILL_AREA_STYLE_COLOUR('',#10311);
#10100=FILL_AREA_STYLE_COLOUR('',#10311);
#10101=FILL_AREA_STYLE_COLOUR('',#10311);
#10102=FILL_AREA_STYLE_COLOUR('',#10311);
#10103=FILL_AREA_STYLE_COLOUR('',#10311);
#10104=FILL_AREA_STYLE_COLOUR('',#10311);
#10105=FILL_AREA_STYLE_COLOUR('',#10311);
#10106=FILL_AREA_STYLE_COLOUR('',#10311);
#10107=FILL_AREA_STYLE_COLOUR('',#10311);
#10108=FILL_AREA_STYLE_COLOUR('',#10311);
#10109=FILL_AREA_STYLE_COLOUR('',#10311);
#10110=FILL_AREA_STYLE_COLOUR('',#10311);
#10111=FILL_AREA_STYLE_COLOUR('',#10311);
#10112=FILL_AREA_STYLE_COLOUR('',#10311);
#10113=FILL_AREA_STYLE_COLOUR('',#10311);
#10114=FILL_AREA_STYLE_COLOUR('',#10311);
#10115=FILL_AREA_STYLE_COLOUR('',#10310);
#10116=FILL_AREA_STYLE_COLOUR('',#10310);
#10117=FILL_AREA_STYLE_COLOUR('',#10310);
#10118=FILL_AREA_STYLE_COLOUR('',#10311);
#10119=FILL_AREA_STYLE_COLOUR('',#10311);
#10120=FILL_AREA_STYLE_COLOUR('',#10311);
#10121=FILL_AREA_STYLE_COLOUR('',#10313);
#10122=FILL_AREA_STYLE_COLOUR('',#10313);
#10123=FILL_AREA_STYLE_COLOUR('',#10313);
#10124=FILL_AREA_STYLE_COLOUR('',#10313);
#10125=FILL_AREA_STYLE_COLOUR('',#10313);
#10126=FILL_AREA_STYLE_COLOUR('',#10313);
#10127=FILL_AREA_STYLE_COLOUR('',#10313);
#10128=FILL_AREA_STYLE_COLOUR('',#10313);
#10129=FILL_AREA_STYLE_COLOUR('',#10313);
#10130=FILL_AREA_STYLE_COLOUR('',#10313);
#10131=FILL_AREA_STYLE_COLOUR('',#10313);
#10132=FILL_AREA_STYLE_COLOUR('',#10313);
#10133=FILL_AREA_STYLE_COLOUR('',#10309);
#10134=FILL_AREA_STYLE_COLOUR('',#10312);
#10135=FILL_AREA_STYLE_COLOUR('',#10312);
#10136=FILL_AREA_STYLE_COLOUR('',#10312);
#10137=FILL_AREA_STYLE_COLOUR('',#10312);
#10138=FILL_AREA_STYLE_COLOUR('',#10312);
#10139=FILL_AREA_STYLE_COLOUR('',#10312);
#10140=FILL_AREA_STYLE_COLOUR('',#10312);
#10141=FILL_AREA_STYLE_COLOUR('',#10312);
#10142=FILL_AREA_STYLE_COLOUR('',#10312);
#10143=FILL_AREA_STYLE_COLOUR('',#10312);
#10144=FILL_AREA_STYLE_COLOUR('',#10314);
#10145=FILL_AREA_STYLE_COLOUR('',#10314);
#10146=FILL_AREA_STYLE_COLOUR('',#10314);
#10147=FILL_AREA_STYLE_COLOUR('',#10314);
#10148=FILL_AREA_STYLE_COLOUR('',#10314);
#10149=FILL_AREA_STYLE_COLOUR('',#10312);
#10150=FILL_AREA_STYLE_COLOUR('',#10312);
#10151=FILL_AREA_STYLE_COLOUR('',#10312);
#10152=FILL_AREA_STYLE_COLOUR('',#10312);
#10153=FILL_AREA_STYLE_COLOUR('',#10312);
#10154=FILL_AREA_STYLE_COLOUR('',#10310);
#10155=FILL_AREA_STYLE_COLOUR('',#10310);
#10156=FILL_AREA_STYLE_COLOUR('',#10310);
#10157=FILL_AREA_STYLE_COLOUR('',#10310);
#10158=FILL_AREA_STYLE_COLOUR('',#10310);
#10159=FILL_AREA_STYLE_COLOUR('',#10310);
#10160=FILL_AREA_STYLE_COLOUR('',#10310);
#10161=FILL_AREA_STYLE_COLOUR('',#10310);
#10162=FILL_AREA_STYLE_COLOUR('',#10310);
#10163=FILL_AREA_STYLE_COLOUR('',#10310);
#10164=FILL_AREA_STYLE_COLOUR('',#10310);
#10165=FILL_AREA_STYLE_COLOUR('',#10310);
#10166=FILL_AREA_STYLE_COLOUR('',#10310);
#10167=FILL_AREA_STYLE_COLOUR('',#10310);
#10168=FILL_AREA_STYLE_COLOUR('',#10310);
#10169=FILL_AREA_STYLE_COLOUR('',#10310);
#10170=FILL_AREA_STYLE_COLOUR('',#10310);
#10171=FILL_AREA_STYLE_COLOUR('',#10310);
#10172=FILL_AREA_STYLE_COLOUR('',#10310);
#10173=FILL_AREA_STYLE_COLOUR('',#10310);
#10174=FILL_AREA_STYLE_COLOUR('',#10310);
#10175=FILL_AREA_STYLE_COLOUR('',#10310);
#10176=FILL_AREA_STYLE_COLOUR('',#10310);
#10177=FILL_AREA_STYLE_COLOUR('',#10310);
#10178=FILL_AREA_STYLE_COLOUR('',#10310);
#10179=FILL_AREA_STYLE_COLOUR('',#10310);
#10180=FILL_AREA_STYLE_COLOUR('',#10310);
#10181=FILL_AREA_STYLE_COLOUR('',#10310);
#10182=FILL_AREA_STYLE_COLOUR('',#10310);
#10183=FILL_AREA_STYLE_COLOUR('',#10310);
#10184=FILL_AREA_STYLE_COLOUR('',#10310);
#10185=FILL_AREA_STYLE_COLOUR('',#10310);
#10186=FILL_AREA_STYLE_COLOUR('',#10310);
#10187=FILL_AREA_STYLE_COLOUR('',#10310);
#10188=FILL_AREA_STYLE_COLOUR('',#10310);
#10189=FILL_AREA_STYLE_COLOUR('',#10310);
#10190=FILL_AREA_STYLE_COLOUR('',#10310);
#10191=FILL_AREA_STYLE_COLOUR('',#10310);
#10192=FILL_AREA_STYLE_COLOUR('',#10312);
#10193=FILL_AREA_STYLE_COLOUR('',#10312);
#10194=FILL_AREA_STYLE_COLOUR('',#10312);
#10195=FILL_AREA_STYLE_COLOUR('',#10312);
#10196=FILL_AREA_STYLE_COLOUR('',#10312);
#10197=FILL_AREA_STYLE_COLOUR('',#64);
#10198=FILL_AREA_STYLE_COLOUR('',#64);
#10199=FILL_AREA_STYLE_COLOUR('',#64);
#10200=FILL_AREA_STYLE_COLOUR('',#64);
#10201=FILL_AREA_STYLE_COLOUR('',#64);
#10202=FILL_AREA_STYLE_COLOUR('',#64);
#10203=FILL_AREA_STYLE_COLOUR('',#64);
#10204=FILL_AREA_STYLE_COLOUR('',#64);
#10205=FILL_AREA_STYLE_COLOUR('',#64);
#10206=FILL_AREA_STYLE_COLOUR('',#64);
#10207=FILL_AREA_STYLE_COLOUR('',#64);
#10208=FILL_AREA_STYLE_COLOUR('',#64);
#10209=FILL_AREA_STYLE_COLOUR('',#64);
#10210=FILL_AREA_STYLE_COLOUR('',#64);
#10211=FILL_AREA_STYLE_COLOUR('',#64);
#10212=FILL_AREA_STYLE_COLOUR('',#64);
#10213=FILL_AREA_STYLE_COLOUR('',#64);
#10214=FILL_AREA_STYLE_COLOUR('',#64);
#10215=FILL_AREA_STYLE_COLOUR('',#64);
#10216=FILL_AREA_STYLE_COLOUR('',#64);
#10217=FILL_AREA_STYLE_COLOUR('',#64);
#10218=FILL_AREA_STYLE_COLOUR('',#10309);
#10219=FILL_AREA_STYLE_COLOUR('',#64);
#10220=FILL_AREA_STYLE_COLOUR('',#64);
#10221=FILL_AREA_STYLE_COLOUR('',#64);
#10222=FILL_AREA_STYLE_COLOUR('',#64);
#10223=FILL_AREA_STYLE_COLOUR('',#64);
#10224=FILL_AREA_STYLE_COLOUR('',#64);
#10225=FILL_AREA_STYLE_COLOUR('',#64);
#10226=FILL_AREA_STYLE_COLOUR('',#64);
#10227=FILL_AREA_STYLE_COLOUR('',#64);
#10228=FILL_AREA_STYLE_COLOUR('',#64);
#10229=FILL_AREA_STYLE_COLOUR('',#64);
#10230=FILL_AREA_STYLE_COLOUR('',#64);
#10231=FILL_AREA_STYLE_COLOUR('',#10309);
#10232=FILL_AREA_STYLE_COLOUR('',#64);
#10233=FILL_AREA_STYLE_COLOUR('',#64);
#10234=FILL_AREA_STYLE_COLOUR('',#64);
#10235=FILL_AREA_STYLE_COLOUR('',#64);
#10236=FILL_AREA_STYLE_COLOUR('',#64);
#10237=FILL_AREA_STYLE_COLOUR('',#64);
#10238=FILL_AREA_STYLE_COLOUR('',#64);
#10239=FILL_AREA_STYLE_COLOUR('',#64);
#10240=FILL_AREA_STYLE_COLOUR('',#64);
#10241=FILL_AREA_STYLE_COLOUR('',#64);
#10242=FILL_AREA_STYLE_COLOUR('',#64);
#10243=FILL_AREA_STYLE_COLOUR('',#64);
#10244=FILL_AREA_STYLE_COLOUR('',#64);
#10245=FILL_AREA_STYLE_COLOUR('',#64);
#10246=FILL_AREA_STYLE_COLOUR('',#64);
#10247=FILL_AREA_STYLE_COLOUR('',#64);
#10248=FILL_AREA_STYLE_COLOUR('',#64);
#10249=FILL_AREA_STYLE_COLOUR('',#64);
#10250=FILL_AREA_STYLE_COLOUR('',#64);
#10251=FILL_AREA_STYLE_COLOUR('',#64);
#10252=FILL_AREA_STYLE_COLOUR('',#64);
#10253=FILL_AREA_STYLE_COLOUR('',#64);
#10254=FILL_AREA_STYLE_COLOUR('',#64);
#10255=FILL_AREA_STYLE_COLOUR('',#64);
#10256=FILL_AREA_STYLE_COLOUR('',#64);
#10257=FILL_AREA_STYLE_COLOUR('',#64);
#10258=FILL_AREA_STYLE_COLOUR('',#64);
#10259=FILL_AREA_STYLE_COLOUR('',#64);
#10260=FILL_AREA_STYLE_COLOUR('',#64);
#10261=FILL_AREA_STYLE_COLOUR('',#64);
#10262=FILL_AREA_STYLE_COLOUR('',#64);
#10263=FILL_AREA_STYLE_COLOUR('',#64);
#10264=FILL_AREA_STYLE_COLOUR('',#64);
#10265=FILL_AREA_STYLE_COLOUR('',#64);
#10266=FILL_AREA_STYLE_COLOUR('',#64);
#10267=FILL_AREA_STYLE_COLOUR('',#64);
#10268=FILL_AREA_STYLE_COLOUR('',#64);
#10269=FILL_AREA_STYLE_COLOUR('',#64);
#10270=FILL_AREA_STYLE_COLOUR('',#64);
#10271=FILL_AREA_STYLE_COLOUR('',#64);
#10272=FILL_AREA_STYLE_COLOUR('',#64);
#10273=FILL_AREA_STYLE_COLOUR('',#64);
#10274=FILL_AREA_STYLE_COLOUR('',#64);
#10275=FILL_AREA_STYLE_COLOUR('',#64);
#10276=FILL_AREA_STYLE_COLOUR('',#64);
#10277=FILL_AREA_STYLE_COLOUR('',#64);
#10278=FILL_AREA_STYLE_COLOUR('',#64);
#10279=FILL_AREA_STYLE_COLOUR('',#64);
#10280=FILL_AREA_STYLE_COLOUR('',#64);
#10281=FILL_AREA_STYLE_COLOUR('',#64);
#10282=FILL_AREA_STYLE_COLOUR('',#64);
#10283=FILL_AREA_STYLE_COLOUR('',#64);
#10284=FILL_AREA_STYLE_COLOUR('',#64);
#10285=FILL_AREA_STYLE_COLOUR('',#64);
#10286=FILL_AREA_STYLE_COLOUR('',#64);
#10287=FILL_AREA_STYLE_COLOUR('',#64);
#10288=FILL_AREA_STYLE_COLOUR('',#64);
#10289=FILL_AREA_STYLE_COLOUR('',#64);
#10290=FILL_AREA_STYLE_COLOUR('',#64);
#10291=FILL_AREA_STYLE_COLOUR('',#64);
#10292=FILL_AREA_STYLE_COLOUR('',#10309);
#10293=FILL_AREA_STYLE_COLOUR('',#64);
#10294=FILL_AREA_STYLE_COLOUR('',#64);
#10295=FILL_AREA_STYLE_COLOUR('',#64);
#10296=FILL_AREA_STYLE_COLOUR('',#10309);
#10297=FILL_AREA_STYLE_COLOUR('',#10309);
#10298=FILL_AREA_STYLE_COLOUR('',#10309);
#10299=FILL_AREA_STYLE_COLOUR('',#10315);
#10300=FILL_AREA_STYLE_COLOUR('',#10315);
#10301=FILL_AREA_STYLE_COLOUR('',#10315);
#10302=FILL_AREA_STYLE_COLOUR('',#10315);
#10303=FILL_AREA_STYLE_COLOUR('',#10315);
#10304=FILL_AREA_STYLE_COLOUR('',#10316);
#10305=FILL_AREA_STYLE_COLOUR('',#10316);
#10306=FILL_AREA_STYLE_COLOUR('',#10316);
#10307=FILL_AREA_STYLE_COLOUR('',#10316);
#10308=FILL_AREA_STYLE_COLOUR('',#10316);
#10309=COLOUR_RGB('',0.211764708161354,0.435451000928879,0.69803923368454);
#10310=COLOUR_RGB('',0.819999992847443,0.819999992847443,0.819999992847443);
#10311=COLOUR_RGB('',0.699999988079071,0.699999988079071,0.699999988079071);
#10312=COLOUR_RGB('',0.200000002980232,0.200000002980232,0.200000002980232);
#10313=COLOUR_RGB('',0.749019622802734,0.674117624759674,0.674117624759674);
#10314=COLOUR_RGB('',0.660000026226044,0.608167588710785,0.532146632671356);
#10315=COLOUR_RGB('',0.,0.404782623052597,0.699999988079071);
#10316=COLOUR_RGB('',0.850000023841858,0.,0.);
#10317=ADVANCED_FACE('',(#6635,#6636,#6637,#6638,#6639,#6640,#6641,#6642,
#6643,#6644,#6645,#6646,#6647,#6648,#6649,#6650,#6651,#6652,#6653,#6654,
#6655,#6656,#6657,#6658,#6659,#6660,#6661,#6662,#6663,#6664,#6665,#6666,
#6667,#6668,#6669,#6670,#6671,#6672,#6673,#6674,#6675,#6676,#6677,#6678,
#6679),#7127,.T.);
#10318=ADVANCED_FACE('',(#6680,#6681),#7128,.F.);
#10319=ADVANCED_FACE('',(#6682,#6683),#7129,.F.);
#10320=ADVANCED_FACE('',(#6684),#67,.T.);
#10321=ADVANCED_FACE('',(#6685),#7130,.T.);
#10322=ADVANCED_FACE('',(#6686),#68,.F.);
#10323=ADVANCED_FACE('',(#6687),#69,.T.);
#10324=ADVANCED_FACE('',(#6688),#7131,.T.);
#10325=ADVANCED_FACE('',(#6689),#70,.F.);
#10326=ADVANCED_FACE('',(#6690),#71,.T.);
#10327=ADVANCED_FACE('',(#6691),#7132,.T.);
#10328=ADVANCED_FACE('',(#6692),#72,.F.);
#10329=ADVANCED_FACE('',(#6693),#73,.T.);
#10330=ADVANCED_FACE('',(#6694),#7133,.T.);
#10331=ADVANCED_FACE('',(#6695),#74,.F.);
#10332=ADVANCED_FACE('',(#6696),#75,.T.);
#10333=ADVANCED_FACE('',(#6697),#7134,.T.);
#10334=ADVANCED_FACE('',(#6698),#76,.F.);
#10335=ADVANCED_FACE('',(#6699),#77,.T.);
#10336=ADVANCED_FACE('',(#6700),#7135,.T.);
#10337=ADVANCED_FACE('',(#6701),#78,.F.);
#10338=ADVANCED_FACE('',(#6702),#7136,.T.);
#10339=ADVANCED_FACE('',(#6703),#79,.T.);
#10340=ADVANCED_FACE('',(#6704),#7137,.T.);
#10341=ADVANCED_FACE('',(#6705),#80,.F.);
#10342=ADVANCED_FACE('',(#6706),#81,.T.);
#10343=ADVANCED_FACE('',(#6707),#7138,.T.);
#10344=ADVANCED_FACE('',(#6708),#82,.F.);
#10345=ADVANCED_FACE('',(#6709),#7139,.T.);
#10346=ADVANCED_FACE('',(#6710),#7140,.F.);
#10347=ADVANCED_FACE('',(#6711),#7141,.T.);
#10348=ADVANCED_FACE('',(#6712),#7142,.T.);
#10349=ADVANCED_FACE('',(#6713),#83,.T.);
#10350=ADVANCED_FACE('',(#6714),#7143,.T.);
#10351=ADVANCED_FACE('',(#6715),#84,.F.);
#10352=ADVANCED_FACE('',(#6716),#85,.T.);
#10353=ADVANCED_FACE('',(#6717),#7144,.T.);
#10354=ADVANCED_FACE('',(#6718),#86,.F.);
#10355=ADVANCED_FACE('',(#6719),#7145,.T.);
#10356=ADVANCED_FACE('',(#6720),#7146,.F.);
#10357=ADVANCED_FACE('',(#6721),#7147,.T.);
#10358=ADVANCED_FACE('',(#6722),#87,.T.);
#10359=ADVANCED_FACE('',(#6723),#7148,.T.);
#10360=ADVANCED_FACE('',(#6724),#88,.F.);
#10361=ADVANCED_FACE('',(#6725),#89,.T.);
#10362=ADVANCED_FACE('',(#6726),#7149,.T.);
#10363=ADVANCED_FACE('',(#6727),#90,.F.);
#10364=ADVANCED_FACE('',(#6728),#91,.T.);
#10365=ADVANCED_FACE('',(#6729),#7150,.T.);
#10366=ADVANCED_FACE('',(#6730),#92,.F.);
#10367=ADVANCED_FACE('',(#6731),#93,.T.);
#10368=ADVANCED_FACE('',(#6732),#7151,.T.);
#10369=ADVANCED_FACE('',(#6733),#94,.F.);
#10370=ADVANCED_FACE('',(#6734),#95,.T.);
#10371=ADVANCED_FACE('',(#6735),#7152,.T.);
#10372=ADVANCED_FACE('',(#6736),#96,.F.);
#10373=ADVANCED_FACE('',(#6737),#97,.T.);
#10374=ADVANCED_FACE('',(#6738),#7153,.T.);
#10375=ADVANCED_FACE('',(#6739),#98,.F.);
#10376=ADVANCED_FACE('',(#6740),#99,.T.);
#10377=ADVANCED_FACE('',(#6741),#7154,.T.);
#10378=ADVANCED_FACE('',(#6742),#100,.F.);
#10379=ADVANCED_FACE('',(#6743),#101,.T.);
#10380=ADVANCED_FACE('',(#6744),#7155,.T.);
#10381=ADVANCED_FACE('',(#6745),#102,.F.);
#10382=ADVANCED_FACE('',(#6746),#7156,.T.);
#10383=ADVANCED_FACE('',(#6747),#103,.T.);
#10384=ADVANCED_FACE('',(#6748),#7157,.T.);
#10385=ADVANCED_FACE('',(#6749),#104,.F.);
#10386=ADVANCED_FACE('',(#6750),#105,.T.);
#10387=ADVANCED_FACE('',(#6751),#7158,.T.);
#10388=ADVANCED_FACE('',(#6752),#106,.F.);
#10389=ADVANCED_FACE('',(#6753),#7159,.T.);
#10390=ADVANCED_FACE('',(#6754),#7160,.F.);
#10391=ADVANCED_FACE('',(#6755),#7161,.T.);
#10392=ADVANCED_FACE('',(#6756),#7162,.T.);
#10393=ADVANCED_FACE('',(#6757),#107,.T.);
#10394=ADVANCED_FACE('',(#6758),#7163,.T.);
#10395=ADVANCED_FACE('',(#6759),#108,.F.);
#10396=ADVANCED_FACE('',(#6760),#109,.T.);
#10397=ADVANCED_FACE('',(#6761),#7164,.T.);
#10398=ADVANCED_FACE('',(#6762),#110,.F.);
#10399=ADVANCED_FACE('',(#6763),#7165,.T.);
#10400=ADVANCED_FACE('',(#6764),#7166,.F.);
#10401=ADVANCED_FACE('',(#6765),#7167,.T.);
#10402=ADVANCED_FACE('',(#6766),#7168,.T.);
#10403=ADVANCED_FACE('',(#6767),#111,.T.);
#10404=ADVANCED_FACE('',(#6768),#7169,.T.);
#10405=ADVANCED_FACE('',(#6769),#112,.F.);
#10406=ADVANCED_FACE('',(#6770),#113,.T.);
#10407=ADVANCED_FACE('',(#6771),#7170,.T.);
#10408=ADVANCED_FACE('',(#6772),#114,.F.);
#10409=ADVANCED_FACE('',(#6773),#7171,.T.);
#10410=ADVANCED_FACE('',(#6774),#7172,.F.);
#10411=ADVANCED_FACE('',(#6775),#7173,.T.);
#10412=ADVANCED_FACE('',(#6776),#115,.T.);
#10413=ADVANCED_FACE('',(#6777),#7174,.T.);
#10414=ADVANCED_FACE('',(#6778),#116,.F.);
#10415=ADVANCED_FACE('',(#6779),#117,.T.);
#10416=ADVANCED_FACE('',(#6780),#7175,.T.);
#10417=ADVANCED_FACE('',(#6781),#118,.F.);
#10418=ADVANCED_FACE('',(#6782),#119,.T.);
#10419=ADVANCED_FACE('',(#6783),#7176,.T.);
#10420=ADVANCED_FACE('',(#6784),#120,.F.);
#10421=ADVANCED_FACE('',(#6785),#121,.T.);
#10422=ADVANCED_FACE('',(#6786),#7177,.T.);
#10423=ADVANCED_FACE('',(#6787),#122,.F.);
#10424=ADVANCED_FACE('',(#6788),#123,.T.);
#10425=ADVANCED_FACE('',(#6789),#7178,.T.);
#10426=ADVANCED_FACE('',(#6790),#124,.F.);
#10427=ADVANCED_FACE('',(#6791),#125,.T.);
#10428=ADVANCED_FACE('',(#6792),#7179,.T.);
#10429=ADVANCED_FACE('',(#6793),#126,.F.);
#10430=ADVANCED_FACE('',(#6794),#127,.T.);
#10431=ADVANCED_FACE('',(#6795),#7180,.T.);
#10432=ADVANCED_FACE('',(#6796),#128,.F.);
#10433=ADVANCED_FACE('',(#6797),#129,.T.);
#10434=ADVANCED_FACE('',(#6798),#7181,.T.);
#10435=ADVANCED_FACE('',(#6799),#130,.F.);
#10436=ADVANCED_FACE('',(#6800),#7182,.T.);
#10437=ADVANCED_FACE('',(#6801),#131,.T.);
#10438=ADVANCED_FACE('',(#6802),#7183,.T.);
#10439=ADVANCED_FACE('',(#6803),#132,.F.);
#10440=ADVANCED_FACE('',(#6804),#133,.T.);
#10441=ADVANCED_FACE('',(#6805),#7184,.T.);
#10442=ADVANCED_FACE('',(#6806),#134,.F.);
#10443=ADVANCED_FACE('',(#6807),#7185,.T.);
#10444=ADVANCED_FACE('',(#6808),#7186,.F.);
#10445=ADVANCED_FACE('',(#6809),#7187,.T.);
#10446=ADVANCED_FACE('',(#6810),#7188,.T.);
#10447=ADVANCED_FACE('',(#6811),#135,.T.);
#10448=ADVANCED_FACE('',(#6812),#7189,.T.);
#10449=ADVANCED_FACE('',(#6813),#136,.F.);
#10450=ADVANCED_FACE('',(#6814),#137,.T.);
#10451=ADVANCED_FACE('',(#6815),#7190,.T.);
#10452=ADVANCED_FACE('',(#6816),#138,.F.);
#10453=ADVANCED_FACE('',(#6817),#7191,.T.);
#10454=ADVANCED_FACE('',(#6818),#7192,.F.);
#10455=ADVANCED_FACE('',(#6819),#7193,.T.);
#10456=ADVANCED_FACE('',(#6820),#7194,.T.);
#10457=ADVANCED_FACE('',(#6821),#139,.T.);
#10458=ADVANCED_FACE('',(#6822),#7195,.T.);
#10459=ADVANCED_FACE('',(#6823),#140,.F.);
#10460=ADVANCED_FACE('',(#6824),#141,.T.);
#10461=ADVANCED_FACE('',(#6825),#7196,.T.);
#10462=ADVANCED_FACE('',(#6826),#142,.F.);
#10463=ADVANCED_FACE('',(#6827),#7197,.T.);
#10464=ADVANCED_FACE('',(#6828),#7198,.F.);
#10465=ADVANCED_FACE('',(#6829),#7199,.T.);
#10466=ADVANCED_FACE('',(#6830),#7200,.F.);
#10467=ADVANCED_FACE('',(#6831),#7201,.F.);
#10468=ADVANCED_FACE('',(#6832,#6833),#7202,.T.);
#10469=ADVANCED_FACE('',(#6834),#7203,.F.);
#10470=ADVANCED_FACE('',(#6835),#7204,.F.);
#10471=ADVANCED_FACE('',(#6836),#7205,.T.);
#10472=ADVANCED_FACE('',(#6837),#7206,.T.);
#10473=ADVANCED_FACE('',(#6838),#7207,.T.);
#10474=ADVANCED_FACE('',(#6839,#6840),#7208,.F.);
#10475=ADVANCED_FACE('',(#6841),#7209,.T.);
#10476=ADVANCED_FACE('',(#6842,#6843),#7210,.F.);
#10477=ADVANCED_FACE('',(#6844),#7211,.T.);
#10478=ADVANCED_FACE('',(#6845),#7212,.T.);
#10479=ADVANCED_FACE('',(#6846),#7213,.T.);
#10480=ADVANCED_FACE('',(#6847),#7214,.T.);
#10481=ADVANCED_FACE('',(#6848),#7215,.F.);
#10482=ADVANCED_FACE('',(#6849),#7216,.F.);
#10483=ADVANCED_FACE('',(#6850,#6851),#7217,.T.);
#10484=ADVANCED_FACE('',(#6852),#7218,.F.);
#10485=ADVANCED_FACE('',(#6853),#7219,.F.);
#10486=ADVANCED_FACE('',(#6854),#7220,.F.);
#10487=ADVANCED_FACE('',(#6855),#7221,.F.);
#10488=ADVANCED_FACE('',(#6856,#6857),#7222,.T.);
#10489=ADVANCED_FACE('',(#6858),#7223,.F.);
#10490=ADVANCED_FACE('',(#6859),#7224,.F.);
#10491=ADVANCED_FACE('',(#6860),#7225,.F.);
#10492=ADVANCED_FACE('',(#6861),#7226,.F.);
#10493=ADVANCED_FACE('',(#6862,#6863),#7227,.T.);
#10494=ADVANCED_FACE('',(#6864),#7228,.F.);
#10495=ADVANCED_FACE('',(#6865),#7229,.F.);
#10496=ADVANCED_FACE('',(#6866),#143,.T.);
#10497=ADVANCED_FACE('',(#6867),#7230,.F.);
#10498=ADVANCED_FACE('',(#6868),#144,.T.);
#10499=ADVANCED_FACE('',(#6869),#145,.T.);
#10500=ADVANCED_FACE('',(#6870),#7231,.F.);
#10501=ADVANCED_FACE('',(#6871),#7232,.T.);
#10502=ADVANCED_FACE('',(#6872),#7233,.F.);
#10503=ADVANCED_FACE('',(#6873),#146,.T.);
#10504=ADVANCED_FACE('',(#6874),#7234,.F.);
#10505=ADVANCED_FACE('',(#6875),#7235,.F.);
#10506=ADVANCED_FACE('',(#6876),#7236,.F.);
#10507=ADVANCED_FACE('',(#6877),#7237,.F.);
#10508=ADVANCED_FACE('',(#6878,#6879),#7238,.T.);
#10509=ADVANCED_FACE('',(#6880,#6881),#147,.F.);
#10510=ADVANCED_FACE('',(#6882),#7239,.F.);
#10511=ADVANCED_FACE('',(#6883),#7240,.F.);
#10512=ADVANCED_FACE('',(#6884),#7241,.F.);
#10513=ADVANCED_FACE('',(#6885),#7242,.F.);
#10514=ADVANCED_FACE('',(#6886,#6887),#7243,.T.);
#10515=ADVANCED_FACE('',(#6888,#6889),#148,.F.);
#10516=ADVANCED_FACE('',(#6890),#7244,.F.);
#10517=ADVANCED_FACE('',(#6891),#7245,.F.);
#10518=ADVANCED_FACE('',(#6892),#7246,.F.);
#10519=ADVANCED_FACE('',(#6893),#7247,.F.);
#10520=ADVANCED_FACE('',(#6894,#6895),#7248,.T.);
#10521=ADVANCED_FACE('',(#6896,#6897),#149,.F.);
#10522=ADVANCED_FACE('',(#6898),#7249,.F.);
#10523=ADVANCED_FACE('',(#6899),#7250,.F.);
#10524=ADVANCED_FACE('',(#6900),#7251,.F.);
#10525=ADVANCED_FACE('',(#6901),#7252,.F.);
#10526=ADVANCED_FACE('',(#6902,#6903),#7253,.T.);
#10527=ADVANCED_FACE('',(#6904,#6905),#150,.F.);
#10528=ADVANCED_FACE('',(#6906),#7254,.T.);
#10529=ADVANCED_FACE('',(#6907),#7255,.T.);
#10530=ADVANCED_FACE('',(#6908),#7256,.T.);
#10531=ADVANCED_FACE('',(#6909),#7257,.T.);
#10532=ADVANCED_FACE('',(#6910),#7258,.T.);
#10533=ADVANCED_FACE('',(#6911),#7259,.T.);
#10534=ADVANCED_FACE('',(#6912,#6913),#7260,.F.);
#10535=ADVANCED_FACE('',(#6914,#6915),#151,.F.);
#10536=ADVANCED_FACE('',(#6916),#7261,.T.);
#10537=ADVANCED_FACE('',(#6917),#152,.T.);
#10538=ADVANCED_FACE('',(#6918),#7262,.T.);
#10539=ADVANCED_FACE('',(#6919),#153,.T.);
#10540=ADVANCED_FACE('',(#6920),#7263,.T.);
#10541=ADVANCED_FACE('',(#6921,#6922),#7264,.F.);
#10542=ADVANCED_FACE('',(#6923,#6924),#154,.F.);
#10543=ADVANCED_FACE('',(#6925),#7265,.T.);
#10544=ADVANCED_FACE('',(#6926),#7266,.T.);
#10545=ADVANCED_FACE('',(#6927),#7267,.T.);
#10546=ADVANCED_FACE('',(#6928),#7268,.T.);
#10547=ADVANCED_FACE('',(#6929),#7269,.T.);
#10548=ADVANCED_FACE('',(#6930),#155,.F.);
#10549=ADVANCED_FACE('',(#6931),#7270,.T.);
#10550=ADVANCED_FACE('',(#6932),#156,.F.);
#10551=ADVANCED_FACE('',(#6933),#7271,.T.);
#10552=ADVANCED_FACE('',(#6934),#7272,.T.);
#10553=ADVANCED_FACE('',(#6935),#7273,.T.);
#10554=ADVANCED_FACE('',(#6936),#7274,.T.);
#10555=ADVANCED_FACE('',(#6937,#6938,#6939,#6940,#6941),#7275,.F.);
#10556=ADVANCED_FACE('',(#6942),#7276,.T.);
#10557=ADVANCED_FACE('',(#6943),#7277,.F.);
#10558=ADVANCED_FACE('',(#6944),#7278,.F.);
#10559=ADVANCED_FACE('',(#6945),#7279,.F.);
#10560=ADVANCED_FACE('',(#6946),#7280,.F.);
#10561=ADVANCED_FACE('',(#6947),#7281,.T.);
#10562=ADVANCED_FACE('',(#6948),#7282,.F.);
#10563=ADVANCED_FACE('',(#6949),#7283,.F.);
#10564=ADVANCED_FACE('',(#6950),#7284,.F.);
#10565=ADVANCED_FACE('',(#6951),#7285,.F.);
#10566=ADVANCED_FACE('',(#6952),#7286,.T.);
#10567=ADVANCED_FACE('',(#6953),#7287,.F.);
#10568=ADVANCED_FACE('',(#6954),#7288,.F.);
#10569=ADVANCED_FACE('',(#6955),#7289,.F.);
#10570=ADVANCED_FACE('',(#6956),#7290,.F.);
#10571=ADVANCED_FACE('',(#6957),#7291,.T.);
#10572=ADVANCED_FACE('',(#6958),#7292,.F.);
#10573=ADVANCED_FACE('',(#6959),#7293,.F.);
#10574=ADVANCED_FACE('',(#6960),#7294,.F.);
#10575=ADVANCED_FACE('',(#6961),#7295,.F.);
#10576=ADVANCED_FACE('',(#6962),#7296,.T.);
#10577=ADVANCED_FACE('',(#6963),#157,.T.);
#10578=ADVANCED_FACE('',(#6964),#7297,.T.);
#10579=ADVANCED_FACE('',(#6965),#158,.F.);
#10580=ADVANCED_FACE('',(#6966),#159,.T.);
#10581=ADVANCED_FACE('',(#6967),#7298,.T.);
#10582=ADVANCED_FACE('',(#6968),#160,.F.);
#10583=ADVANCED_FACE('',(#6969),#7299,.T.);
#10584=ADVANCED_FACE('',(#6970),#7300,.F.);
#10585=ADVANCED_FACE('',(#6971),#7301,.T.);
#10586=ADVANCED_FACE('',(#6972),#7302,.T.);
#10587=ADVANCED_FACE('',(#6973),#161,.T.);
#10588=ADVANCED_FACE('',(#6974),#7303,.T.);
#10589=ADVANCED_FACE('',(#6975),#162,.F.);
#10590=ADVANCED_FACE('',(#6976),#163,.T.);
#10591=ADVANCED_FACE('',(#6977),#7304,.T.);
#10592=ADVANCED_FACE('',(#6978),#164,.F.);
#10593=ADVANCED_FACE('',(#6979),#7305,.T.);
#10594=ADVANCED_FACE('',(#6980),#7306,.F.);
#10595=ADVANCED_FACE('',(#6981),#7307,.T.);
#10596=ADVANCED_FACE('',(#6982),#7308,.T.);
#10597=ADVANCED_FACE('',(#6983),#165,.T.);
#10598=ADVANCED_FACE('',(#6984),#7309,.T.);
#10599=ADVANCED_FACE('',(#6985),#166,.F.);
#10600=ADVANCED_FACE('',(#6986),#167,.T.);
#10601=ADVANCED_FACE('',(#6987),#7310,.T.);
#10602=ADVANCED_FACE('',(#6988),#168,.F.);
#10603=ADVANCED_FACE('',(#6989),#7311,.T.);
#10604=ADVANCED_FACE('',(#6990),#7312,.F.);
#10605=ADVANCED_FACE('',(#6991),#7313,.T.);
#10606=ADVANCED_FACE('',(#6992),#169,.F.);
#10607=ADVANCED_FACE('',(#6993),#7314,.T.);
#10608=ADVANCED_FACE('',(#6994),#170,.F.);
#10609=ADVANCED_FACE('',(#6995),#7315,.T.);
#10610=ADVANCED_FACE('',(#6996),#171,.F.);
#10611=ADVANCED_FACE('',(#6997),#7316,.T.);
#10612=ADVANCED_FACE('',(#6998),#172,.F.);
#10613=ADVANCED_FACE('',(#6999),#7317,.T.);
#10614=ADVANCED_FACE('',(#7000),#7318,.F.);
#10615=ADVANCED_FACE('',(#7001),#7319,.F.);
#10616=ADVANCED_FACE('',(#7002),#7320,.F.);
#10617=ADVANCED_FACE('',(#7003),#7321,.F.);
#10618=ADVANCED_FACE('',(#7004),#7322,.T.);
#10619=ADVANCED_FACE('',(#7005),#7323,.T.);
#10620=ADVANCED_FACE('',(#7006),#7324,.T.);
#10621=ADVANCED_FACE('',(#7007),#7325,.T.);
#10622=ADVANCED_FACE('',(#7008),#7326,.T.);
#10623=ADVANCED_FACE('',(#7009),#7327,.T.);
#10624=ADVANCED_FACE('',(#7010),#7328,.T.);
#10625=ADVANCED_FACE('',(#7011),#7329,.T.);
#10626=ADVANCED_FACE('',(#7012),#7330,.T.);
#10627=ADVANCED_FACE('',(#7013),#7331,.T.);
#10628=ADVANCED_FACE('',(#7014,#7015,#7016),#7332,.T.);
#10629=ADVANCED_FACE('',(#7017),#40,.T.);
#10630=ADVANCED_FACE('',(#7018),#41,.T.);
#10631=ADVANCED_FACE('',(#7019),#7333,.T.);
#10632=ADVANCED_FACE('',(#7020),#42,.T.);
#10633=ADVANCED_FACE('',(#7021),#7334,.T.);
#10634=ADVANCED_FACE('',(#7022),#7335,.T.);
#10635=ADVANCED_FACE('',(#7023),#43,.T.);
#10636=ADVANCED_FACE('',(#7024),#44,.T.);
#10637=ADVANCED_FACE('',(#7025),#7336,.T.);
#10638=ADVANCED_FACE('',(#7026),#45,.T.);
#10639=ADVANCED_FACE('',(#7027),#46,.T.);
#10640=ADVANCED_FACE('',(#7028),#7337,.T.);
#10641=ADVANCED_FACE('',(#7029,#7030,#7031),#7338,.T.);
#10642=ADVANCED_FACE('',(#7032),#47,.T.);
#10643=ADVANCED_FACE('',(#7033),#48,.T.);
#10644=ADVANCED_FACE('',(#7034),#7339,.T.);
#10645=ADVANCED_FACE('',(#7035),#49,.T.);
#10646=ADVANCED_FACE('',(#7036),#7340,.T.);
#10647=ADVANCED_FACE('',(#7037),#7341,.T.);
#10648=ADVANCED_FACE('',(#7038),#50,.T.);
#10649=ADVANCED_FACE('',(#7039),#51,.T.);
#10650=ADVANCED_FACE('',(#7040),#7342,.T.);
#10651=ADVANCED_FACE('',(#7041),#52,.T.);
#10652=ADVANCED_FACE('',(#7042),#53,.T.);
#10653=ADVANCED_FACE('',(#7043),#7343,.T.);
#10654=ADVANCED_FACE('',(#7044),#7344,.T.);
#10655=ADVANCED_FACE('',(#7045),#7345,.T.);
#10656=ADVANCED_FACE('',(#7046),#7346,.T.);
#10657=ADVANCED_FACE('',(#7047),#7347,.T.);
#10658=ADVANCED_FACE('',(#7048),#7348,.T.);
#10659=ADVANCED_FACE('',(#7049),#7349,.T.);
#10660=ADVANCED_FACE('',(#7050),#54,.T.);
#10661=ADVANCED_FACE('',(#7051),#55,.T.);
#10662=ADVANCED_FACE('',(#7052),#7350,.T.);
#10663=ADVANCED_FACE('',(#7053),#56,.T.);
#10664=ADVANCED_FACE('',(#7054),#7351,.T.);
#10665=ADVANCED_FACE('',(#7055),#7352,.T.);
#10666=ADVANCED_FACE('',(#7056),#7353,.T.);
#10667=ADVANCED_FACE('',(#7057),#7354,.T.);
#10668=ADVANCED_FACE('',(#7058),#7355,.T.);
#10669=ADVANCED_FACE('',(#7059),#7356,.T.);
#10670=ADVANCED_FACE('',(#7060),#7357,.T.);
#10671=ADVANCED_FACE('',(#7061),#7358,.T.);
#10672=ADVANCED_FACE('',(#7062),#7359,.T.);
#10673=ADVANCED_FACE('',(#7063),#7360,.T.);
#10674=ADVANCED_FACE('',(#7064),#7361,.T.);
#10675=ADVANCED_FACE('',(#7065),#7362,.T.);
#10676=ADVANCED_FACE('',(#7066),#7363,.T.);
#10677=ADVANCED_FACE('',(#7067),#7364,.T.);
#10678=ADVANCED_FACE('',(#7068),#7365,.T.);
#10679=ADVANCED_FACE('',(#7069),#7366,.T.);
#10680=ADVANCED_FACE('',(#7070),#7367,.T.);
#10681=ADVANCED_FACE('',(#7071),#7368,.T.);
#10682=ADVANCED_FACE('',(#7072),#7369,.T.);
#10683=ADVANCED_FACE('',(#7073),#7370,.T.);
#10684=ADVANCED_FACE('',(#7074),#7371,.T.);
#10685=ADVANCED_FACE('',(#7075),#7372,.T.);
#10686=ADVANCED_FACE('',(#7076),#7373,.T.);
#10687=ADVANCED_FACE('',(#7077),#7374,.T.);
#10688=ADVANCED_FACE('',(#7078),#7375,.T.);
#10689=ADVANCED_FACE('',(#7079),#7376,.T.);
#10690=ADVANCED_FACE('',(#7080),#7377,.T.);
#10691=ADVANCED_FACE('',(#7081),#7378,.T.);
#10692=ADVANCED_FACE('',(#7082),#7379,.T.);
#10693=ADVANCED_FACE('',(#7083),#7380,.T.);
#10694=ADVANCED_FACE('',(#7084),#7381,.T.);
#10695=ADVANCED_FACE('',(#7085),#7382,.T.);
#10696=ADVANCED_FACE('',(#7086),#7383,.T.);
#10697=ADVANCED_FACE('',(#7087),#7384,.T.);
#10698=ADVANCED_FACE('',(#7088),#7385,.T.);
#10699=ADVANCED_FACE('',(#7089),#7386,.T.);
#10700=ADVANCED_FACE('',(#7090),#7387,.T.);
#10701=ADVANCED_FACE('',(#7091),#7388,.T.);
#10702=ADVANCED_FACE('',(#7092),#7389,.T.);
#10703=ADVANCED_FACE('',(#7093),#7390,.T.);
#10704=ADVANCED_FACE('',(#7094),#7391,.T.);
#10705=ADVANCED_FACE('',(#7095),#7392,.T.);
#10706=ADVANCED_FACE('',(#7096),#57,.T.);
#10707=ADVANCED_FACE('',(#7097),#7393,.T.);
#10708=ADVANCED_FACE('',(#7098),#58,.T.);
#10709=ADVANCED_FACE('',(#7099),#7394,.T.);
#10710=ADVANCED_FACE('',(#7100),#59,.T.);
#10711=ADVANCED_FACE('',(#7101,#7102),#7395,.T.);
#10712=ADVANCED_FACE('',(#7103,#7104),#60,.T.);
#10713=ADVANCED_FACE('',(#7105,#7106),#61,.T.);
#10714=ADVANCED_FACE('',(#7107),#7396,.T.);
#10715=ADVANCED_FACE('',(#7108,#7109),#7397,.T.);
#10716=ADVANCED_FACE('',(#7110,#7111),#62,.T.);
#10717=ADVANCED_FACE('',(#7112,#7113),#63,.T.);
#10718=ADVANCED_FACE('',(#7114),#7398,.T.);
#10719=ADVANCED_FACE('',(#7115),#7399,.T.);
#10720=ADVANCED_FACE('',(#7116),#7400,.T.);
#10721=ADVANCED_FACE('',(#7117),#7401,.T.);
#10722=ADVANCED_FACE('',(#7118),#7402,.F.);
#10723=ADVANCED_FACE('',(#7119),#7403,.F.);
#10724=ADVANCED_FACE('',(#7120),#7404,.F.);
#10725=ADVANCED_FACE('',(#7121),#7405,.F.);
#10726=ADVANCED_FACE('',(#7122),#7406,.T.);
#10727=ADVANCED_FACE('',(#7123),#7407,.F.);
#10728=ADVANCED_FACE('',(#7124),#7408,.F.);
#10729=ADVANCED_FACE('',(#7125),#7409,.F.);
#10730=ADVANCED_FACE('',(#7126),#7410,.F.);
#10731=CLOSED_SHELL('',(#10317,#10318,#10319,#10320,#10321,#10322,#10323,
#10324,#10325,#10326,#10327,#10328,#10329,#10330,#10331,#10332,#10333,#10334,
#10335,#10336,#10337,#10338,#10339,#10340,#10341,#10342,#10343,#10344,#10345,
#10346,#10347,#10348,#10349,#10350,#10351,#10352,#10353,#10354,#10355,#10356,
#10357,#10358,#10359,#10360,#10361,#10362,#10363,#10364,#10365,#10366,#10367,
#10368,#10369,#10370,#10371,#10372,#10373,#10374,#10375,#10376,#10377,#10378,
#10379,#10380,#10381,#10382,#10383,#10384,#10385,#10386,#10387,#10388,#10389,
#10390,#10391,#10392,#10393,#10394,#10395,#10396,#10397,#10398,#10399,#10400,
#10401,#10402,#10403,#10404,#10405,#10406,#10407,#10408,#10409,#10410,#10411,
#10412,#10413,#10414,#10415,#10416,#10417,#10418,#10419,#10420,#10421,#10422,
#10423,#10424,#10425,#10426,#10427,#10428,#10429,#10430,#10431,#10432,#10433,
#10434,#10435,#10436,#10437,#10438,#10439,#10440,#10441,#10442,#10443,#10444,
#10445,#10446,#10447,#10448,#10449,#10450,#10451,#10452,#10453,#10454,#10455,
#10456,#10457,#10458,#10459,#10460,#10461,#10462,#10463,#10464,#10465,#10466,
#10467,#10468,#10469,#10470,#10471,#10472,#10473,#10474,#10475,#10476,#10477,
#10478,#10479,#10480,#10481,#10482,#10483,#10484,#10485,#10486,#10487,#10488,
#10489,#10490,#10491,#10492,#10493,#10494,#10495,#10496,#10497,#10498,#10499,
#10500,#10501,#10502,#10503,#10504,#10505,#10506,#10507,#10508,#10509,#10510,
#10511,#10512,#10513,#10514,#10515,#10516,#10517,#10518,#10519,#10520,#10521,
#10522,#10523,#10524,#10525,#10526,#10527,#10528,#10529,#10530,#10531,#10532,
#10533,#10534,#10535,#10536,#10537,#10538,#10539,#10540,#10541,#10542,#10543,
#10544,#10545,#10546,#10547,#10548,#10549,#10550,#10551,#10552,#10553,#10554,
#10555,#10556,#10557,#10558,#10559,#10560,#10561,#10562,#10563,#10564,#10565,
#10566,#10567,#10568,#10569,#10570,#10571,#10572,#10573,#10574,#10575,#10576,
#10577,#10578,#10579,#10580,#10581,#10582,#10583,#10584,#10585,#10586,#10587,
#10588,#10589,#10590,#10591,#10592,#10593,#10594,#10595,#10596,#10597,#10598,
#10599,#10600,#10601,#10602,#10603,#10604,#10605,#10606,#10607,#10608,#10609,
#10610,#10611,#10612,#10613,#10614,#10615,#10616,#10617,#10618,#10619,#10620,
#10621,#10622,#10623,#10624,#10625,#10626,#10627,#10628,#10629,#10630,#10631,
#10632,#10633,#10634,#10635,#10636,#10637,#10638,#10639,#10640,#10641,#10642,
#10643,#10644,#10645,#10646,#10647,#10648,#10649,#10650,#10651,#10652,#10653,
#10654,#10655,#10656,#10657,#10658,#10659,#10660,#10661,#10662,#10663,#10664,
#10665,#10666,#10667,#10668,#10669,#10670,#10671,#10672,#10673,#10674,#10675,
#10676,#10677,#10678,#10679,#10680,#10681,#10682,#10683,#10684,#10685,#10686,
#10687,#10688,#10689,#10690,#10691,#10692,#10693,#10694,#10695,#10696,#10697,
#10698,#10699,#10700,#10701,#10702,#10703,#10704,#10705,#10706,#10707,#10708,
#10709,#10710,#10711,#10712,#10713,#10714,#10715,#10716,#10717,#10718,#10719,
#10720,#10721,#10722,#10723,#10724,#10725,#10726,#10727,#10728,#10729,#10730));
#10732=MANIFOLD_SOLID_BREP('',#10731);
#10733=SHAPE_DEFINITION_REPRESENTATION(#17017,#10734);
#10734=SHAPE_REPRESENTATION('PCB TP_4056',(#10735),#17012);
#10735=AXIS2_PLACEMENT_3D('',#13284,#11338,#11339);
#10736=AXIS2_PLACEMENT_3D('',#13285,#11340,#11341);
#10737=AXIS2_PLACEMENT_3D('',#13583,#11441,#11442);
#10738=AXIS2_PLACEMENT_3D('',#13591,#11446,#11447);
#10739=AXIS2_PLACEMENT_3D('',#13613,#11458,#11459);
#10740=AXIS2_PLACEMENT_3D('',#13617,#11461,#11462);
#10741=AXIS2_PLACEMENT_3D('',#14086,#11502,#11503);
#10742=AXIS2_PLACEMENT_3D('',#14090,#11505,#11506);
#10743=AXIS2_PLACEMENT_3D('',#14094,#11508,#11509);
#10744=AXIS2_PLACEMENT_3D('',#14098,#11511,#11512);
#10745=AXIS2_PLACEMENT_3D('',#14102,#11514,#11515);
#10746=AXIS2_PLACEMENT_3D('',#14111,#11520,#11521);
#10747=AXIS2_PLACEMENT_3D('',#14115,#11523,#11524);
#10748=AXIS2_PLACEMENT_3D('',#14119,#11526,#11527);
#10749=AXIS2_PLACEMENT_3D('',#14123,#11529,#11530);
#10750=AXIS2_PLACEMENT_3D('',#14127,#11532,#11533);
#10751=AXIS2_PLACEMENT_3D('',#14128,#11534,#11535);
#10752=AXIS2_PLACEMENT_3D('',#14133,#11537,#11538);
#10753=AXIS2_PLACEMENT_3D('',#14137,#11540,#11541);
#10754=AXIS2_PLACEMENT_3D('',#14141,#11543,#11544);
#10755=AXIS2_PLACEMENT_3D('',#14144,#11546,#11547);
#10756=AXIS2_PLACEMENT_3D('',#14145,#11548,#11549);
#10757=AXIS2_PLACEMENT_3D('',#14150,#11551,#11552);
#10758=AXIS2_PLACEMENT_3D('',#14153,#11554,#11555);
#10759=AXIS2_PLACEMENT_3D('',#14159,#11559,#11560);
#10760=AXIS2_PLACEMENT_3D('',#14160,#11561,#11562);
#10761=AXIS2_PLACEMENT_3D('',#14161,#11563,#11564);
#10762=AXIS2_PLACEMENT_3D('',#14162,#11565,#11566);
#10763=AXIS2_PLACEMENT_3D('',#14163,#11567,#11568);
#10764=AXIS2_PLACEMENT_3D('',#14167,#11570,#11571);
#10765=AXIS2_PLACEMENT_3D('',#14168,#11572,#11573);
#10766=AXIS2_PLACEMENT_3D('',#14174,#11577,#11578);
#10767=AXIS2_PLACEMENT_3D('',#14175,#11579,#11580);
#10768=AXIS2_PLACEMENT_3D('',#14179,#11582,#11583);
#10769=AXIS2_PLACEMENT_3D('',#14180,#11584,#11585);
#10770=AXIS2_PLACEMENT_3D('',#14181,#11586,#11587);
#10771=AXIS2_PLACEMENT_3D('',#14186,#11589,#11590);
#10772=AXIS2_PLACEMENT_3D('',#14189,#11592,#11593);
#10773=AXIS2_PLACEMENT_3D('',#14195,#11597,#11598);
#10774=AXIS2_PLACEMENT_3D('',#14196,#11599,#11600);
#10775=AXIS2_PLACEMENT_3D('',#14197,#11601,#11602);
#10776=AXIS2_PLACEMENT_3D('',#14198,#11603,#11604);
#10777=AXIS2_PLACEMENT_3D('',#14199,#11605,#11606);
#10778=AXIS2_PLACEMENT_3D('',#14203,#11608,#11609);
#10779=AXIS2_PLACEMENT_3D('',#14204,#11610,#11611);
#10780=AXIS2_PLACEMENT_3D('',#14210,#11615,#11616);
#10781=AXIS2_PLACEMENT_3D('',#14211,#11617,#11618);
#10782=AXIS2_PLACEMENT_3D('',#14215,#11620,#11621);
#10783=AXIS2_PLACEMENT_3D('',#14216,#11622,#11623);
#10784=AXIS2_PLACEMENT_3D('',#14217,#11624,#11625);
#10785=AXIS2_PLACEMENT_3D('',#14222,#11627,#11628);
#10786=AXIS2_PLACEMENT_3D('',#14225,#11630,#11631);
#10787=AXIS2_PLACEMENT_3D('',#14231,#11635,#11636);
#10788=AXIS2_PLACEMENT_3D('',#14232,#11637,#11638);
#10789=AXIS2_PLACEMENT_3D('',#14233,#11639,#11640);
#10790=AXIS2_PLACEMENT_3D('',#14234,#11641,#11642);
#10791=AXIS2_PLACEMENT_3D('',#14235,#11643,#11644);
#10792=AXIS2_PLACEMENT_3D('',#14239,#11646,#11647);
#10793=AXIS2_PLACEMENT_3D('',#14240,#11648,#11649);
#10794=AXIS2_PLACEMENT_3D('',#14246,#11653,#11654);
#10795=AXIS2_PLACEMENT_3D('',#14247,#11655,#11656);
#10796=AXIS2_PLACEMENT_3D('',#14251,#11658,#11659);
#10797=AXIS2_PLACEMENT_3D('',#14252,#11660,#11661);
#10798=AXIS2_PLACEMENT_3D('',#14258,#11665,#11666);
#10799=AXIS2_PLACEMENT_3D('',#14259,#11667,#11668);
#10800=AXIS2_PLACEMENT_3D('',#14261,#11669,#11670);
#10801=AXIS2_PLACEMENT_3D('',#14264,#11672,#11673);
#10802=AXIS2_PLACEMENT_3D('',#14270,#11677,#11678);
#10803=AXIS2_PLACEMENT_3D('',#14271,#11679,#11680);
#10804=AXIS2_PLACEMENT_3D('',#14272,#11681,#11682);
#10805=AXIS2_PLACEMENT_3D('',#14273,#11683,#11684);
#10806=AXIS2_PLACEMENT_3D('',#14274,#11685,#11686);
#10807=AXIS2_PLACEMENT_3D('',#14276,#11687,#11688);
#10808=AXIS2_PLACEMENT_3D('',#14279,#11690,#11691);
#10809=AXIS2_PLACEMENT_3D('',#14285,#11695,#11696);
#10810=AXIS2_PLACEMENT_3D('',#14286,#11697,#11698);
#10811=AXIS2_PLACEMENT_3D('',#14288,#11699,#11700);
#10812=AXIS2_PLACEMENT_3D('',#14291,#11702,#11703);
#10813=AXIS2_PLACEMENT_3D('',#14294,#11706,#11707);
#10814=AXIS2_PLACEMENT_3D('',#14295,#11708,#11709);
#10815=AXIS2_PLACEMENT_3D('',#14296,#11710,#11711);
#10816=AXIS2_PLACEMENT_3D('',#14302,#11715,#11716);
#10817=AXIS2_PLACEMENT_3D('',#14303,#11717,#11718);
#10818=AXIS2_PLACEMENT_3D('',#14305,#11719,#11720);
#10819=AXIS2_PLACEMENT_3D('',#14308,#11722,#11723);
#10820=AXIS2_PLACEMENT_3D('',#14314,#11727,#11728);
#10821=AXIS2_PLACEMENT_3D('',#14315,#11729,#11730);
#10822=AXIS2_PLACEMENT_3D('',#14316,#11731,#11732);
#10823=AXIS2_PLACEMENT_3D('',#14317,#11733,#11734);
#10824=AXIS2_PLACEMENT_3D('',#14318,#11735,#11736);
#10825=AXIS2_PLACEMENT_3D('',#14320,#11737,#11738);
#10826=AXIS2_PLACEMENT_3D('',#14323,#11740,#11741);
#10827=AXIS2_PLACEMENT_3D('',#14329,#11745,#11746);
#10828=AXIS2_PLACEMENT_3D('',#14330,#11747,#11748);
#10829=AXIS2_PLACEMENT_3D('',#14332,#11749,#11750);
#10830=AXIS2_PLACEMENT_3D('',#14335,#11752,#11753);
#10831=AXIS2_PLACEMENT_3D('',#14338,#11756,#11757);
#10832=AXIS2_PLACEMENT_3D('',#14339,#11758,#11759);
#10833=AXIS2_PLACEMENT_3D('',#14340,#11760,#11761);
#10834=AXIS2_PLACEMENT_3D('',#14341,#11762,#11763);
#10835=AXIS2_PLACEMENT_3D('',#14346,#11765,#11766);
#10836=AXIS2_PLACEMENT_3D('',#14349,#11768,#11769);
#10837=AXIS2_PLACEMENT_3D('',#14355,#11773,#11774);
#10838=AXIS2_PLACEMENT_3D('',#14356,#11775,#11776);
#10839=AXIS2_PLACEMENT_3D('',#14357,#11777,#11778);
#10840=AXIS2_PLACEMENT_3D('',#14358,#11779,#11780);
#10841=AXIS2_PLACEMENT_3D('',#14359,#11781,#11782);
#10842=AXIS2_PLACEMENT_3D('',#14363,#11784,#11785);
#10843=AXIS2_PLACEMENT_3D('',#14364,#11786,#11787);
#10844=AXIS2_PLACEMENT_3D('',#14370,#11791,#11792);
#10845=AXIS2_PLACEMENT_3D('',#14371,#11793,#11794);
#10846=AXIS2_PLACEMENT_3D('',#14375,#11796,#11797);
#10847=AXIS2_PLACEMENT_3D('',#14376,#11798,#11799);
#10848=AXIS2_PLACEMENT_3D('',#14377,#11800,#11801);
#10849=AXIS2_PLACEMENT_3D('',#14382,#11803,#11804);
#10850=AXIS2_PLACEMENT_3D('',#14385,#11806,#11807);
#10851=AXIS2_PLACEMENT_3D('',#14391,#11811,#11812);
#10852=AXIS2_PLACEMENT_3D('',#14392,#11813,#11814);
#10853=AXIS2_PLACEMENT_3D('',#14393,#11815,#11816);
#10854=AXIS2_PLACEMENT_3D('',#14394,#11817,#11818);
#10855=AXIS2_PLACEMENT_3D('',#14395,#11819,#11820);
#10856=AXIS2_PLACEMENT_3D('',#14399,#11822,#11823);
#10857=AXIS2_PLACEMENT_3D('',#14400,#11824,#11825);
#10858=AXIS2_PLACEMENT_3D('',#14406,#11829,#11830);
#10859=AXIS2_PLACEMENT_3D('',#14407,#11831,#11832);
#10860=AXIS2_PLACEMENT_3D('',#14411,#11834,#11835);
#10861=AXIS2_PLACEMENT_3D('',#14412,#11836,#11837);
#10862=AXIS2_PLACEMENT_3D('',#14413,#11838,#11839);
#10863=AXIS2_PLACEMENT_3D('',#14418,#11841,#11842);
#10864=AXIS2_PLACEMENT_3D('',#14421,#11844,#11845);
#10865=AXIS2_PLACEMENT_3D('',#14427,#11849,#11850);
#10866=AXIS2_PLACEMENT_3D('',#14428,#11851,#11852);
#10867=AXIS2_PLACEMENT_3D('',#14429,#11853,#11854);
#10868=AXIS2_PLACEMENT_3D('',#14430,#11855,#11856);
#10869=AXIS2_PLACEMENT_3D('',#14431,#11857,#11858);
#10870=AXIS2_PLACEMENT_3D('',#14435,#11860,#11861);
#10871=AXIS2_PLACEMENT_3D('',#14436,#11862,#11863);
#10872=AXIS2_PLACEMENT_3D('',#14442,#11867,#11868);
#10873=AXIS2_PLACEMENT_3D('',#14443,#11869,#11870);
#10874=AXIS2_PLACEMENT_3D('',#14447,#11872,#11873);
#10875=AXIS2_PLACEMENT_3D('',#14448,#11874,#11875);
#10876=AXIS2_PLACEMENT_3D('',#14449,#11876,#11877);
#10877=AXIS2_PLACEMENT_3D('',#14454,#11879,#11880);
#10878=AXIS2_PLACEMENT_3D('',#14457,#11882,#11883);
#10879=AXIS2_PLACEMENT_3D('',#14463,#11887,#11888);
#10880=AXIS2_PLACEMENT_3D('',#14464,#11889,#11890);
#10881=AXIS2_PLACEMENT_3D('',#14465,#11891,#11892);
#10882=AXIS2_PLACEMENT_3D('',#14466,#11893,#11894);
#10883=AXIS2_PLACEMENT_3D('',#14467,#11895,#11896);
#10884=AXIS2_PLACEMENT_3D('',#14471,#11898,#11899);
#10885=AXIS2_PLACEMENT_3D('',#14472,#11900,#11901);
#10886=AXIS2_PLACEMENT_3D('',#14478,#11905,#11906);
#10887=AXIS2_PLACEMENT_3D('',#14479,#11907,#11908);
#10888=AXIS2_PLACEMENT_3D('',#14483,#11910,#11911);
#10889=AXIS2_PLACEMENT_3D('',#14484,#11912,#11913);
#10890=AXIS2_PLACEMENT_3D('',#14490,#11917,#11918);
#10891=AXIS2_PLACEMENT_3D('',#14491,#11919,#11920);
#10892=AXIS2_PLACEMENT_3D('',#14493,#11921,#11922);
#10893=AXIS2_PLACEMENT_3D('',#14496,#11924,#11925);
#10894=AXIS2_PLACEMENT_3D('',#14502,#11929,#11930);
#10895=AXIS2_PLACEMENT_3D('',#14503,#11931,#11932);
#10896=AXIS2_PLACEMENT_3D('',#14504,#11933,#11934);
#10897=AXIS2_PLACEMENT_3D('',#14505,#11935,#11936);
#10898=AXIS2_PLACEMENT_3D('',#14506,#11937,#11938);
#10899=AXIS2_PLACEMENT_3D('',#14508,#11939,#11940);
#10900=AXIS2_PLACEMENT_3D('',#14511,#11942,#11943);
#10901=AXIS2_PLACEMENT_3D('',#14517,#11947,#11948);
#10902=AXIS2_PLACEMENT_3D('',#14518,#11949,#11950);
#10903=AXIS2_PLACEMENT_3D('',#14520,#11951,#11952);
#10904=AXIS2_PLACEMENT_3D('',#14523,#11954,#11955);
#10905=AXIS2_PLACEMENT_3D('',#14526,#11958,#11959);
#10906=AXIS2_PLACEMENT_3D('',#14527,#11960,#11961);
#10907=AXIS2_PLACEMENT_3D('',#14528,#11962,#11963);
#10908=AXIS2_PLACEMENT_3D('',#14534,#11967,#11968);
#10909=AXIS2_PLACEMENT_3D('',#14535,#11969,#11970);
#10910=AXIS2_PLACEMENT_3D('',#14537,#11971,#11972);
#10911=AXIS2_PLACEMENT_3D('',#14540,#11974,#11975);
#10912=AXIS2_PLACEMENT_3D('',#14546,#11979,#11980);
#10913=AXIS2_PLACEMENT_3D('',#14547,#11981,#11982);
#10914=AXIS2_PLACEMENT_3D('',#14548,#11983,#11984);
#10915=AXIS2_PLACEMENT_3D('',#14549,#11985,#11986);
#10916=AXIS2_PLACEMENT_3D('',#14550,#11987,#11988);
#10917=AXIS2_PLACEMENT_3D('',#14552,#11989,#11990);
#10918=AXIS2_PLACEMENT_3D('',#14555,#11992,#11993);
#10919=AXIS2_PLACEMENT_3D('',#14561,#11997,#11998);
#10920=AXIS2_PLACEMENT_3D('',#14562,#11999,#12000);
#10921=AXIS2_PLACEMENT_3D('',#14564,#12001,#12002);
#10922=AXIS2_PLACEMENT_3D('',#14567,#12004,#12005);
#10923=AXIS2_PLACEMENT_3D('',#14570,#12008,#12009);
#10924=AXIS2_PLACEMENT_3D('',#14571,#12010,#12011);
#10925=AXIS2_PLACEMENT_3D('',#14572,#12012,#12013);
#10926=AXIS2_PLACEMENT_3D('',#14578,#12017,#12018);
#10927=AXIS2_PLACEMENT_3D('',#14579,#12019,#12020);
#10928=AXIS2_PLACEMENT_3D('',#14581,#12021,#12022);
#10929=AXIS2_PLACEMENT_3D('',#14584,#12024,#12025);
#10930=AXIS2_PLACEMENT_3D('',#14590,#12029,#12030);
#10931=AXIS2_PLACEMENT_3D('',#14591,#12031,#12032);
#10932=AXIS2_PLACEMENT_3D('',#14592,#12033,#12034);
#10933=AXIS2_PLACEMENT_3D('',#14593,#12035,#12036);
#10934=AXIS2_PLACEMENT_3D('',#14594,#12037,#12038);
#10935=AXIS2_PLACEMENT_3D('',#14596,#12039,#12040);
#10936=AXIS2_PLACEMENT_3D('',#14599,#12042,#12043);
#10937=AXIS2_PLACEMENT_3D('',#14605,#12047,#12048);
#10938=AXIS2_PLACEMENT_3D('',#14606,#12049,#12050);
#10939=AXIS2_PLACEMENT_3D('',#14608,#12051,#12052);
#10940=AXIS2_PLACEMENT_3D('',#14611,#12054,#12055);
#10941=AXIS2_PLACEMENT_3D('',#14614,#12058,#12059);
#10942=AXIS2_PLACEMENT_3D('',#14615,#12060,#12061);
#10943=AXIS2_PLACEMENT_3D('',#14616,#12062,#12063);
#10944=AXIS2_PLACEMENT_3D('',#14617,#12064,#12065);
#10945=AXIS2_PLACEMENT_3D('',#14622,#12067,#12068);
#10946=AXIS2_PLACEMENT_3D('',#14625,#12070,#12071);
#10947=AXIS2_PLACEMENT_3D('',#14631,#12075,#12076);
#10948=AXIS2_PLACEMENT_3D('',#14632,#12077,#12078);
#10949=AXIS2_PLACEMENT_3D('',#14633,#12079,#12080);
#10950=AXIS2_PLACEMENT_3D('',#14634,#12081,#12082);
#10951=AXIS2_PLACEMENT_3D('',#14635,#12083,#12084);
#10952=AXIS2_PLACEMENT_3D('',#14639,#12086,#12087);
#10953=AXIS2_PLACEMENT_3D('',#14640,#12088,#12089);
#10954=AXIS2_PLACEMENT_3D('',#14646,#12093,#12094);
#10955=AXIS2_PLACEMENT_3D('',#14647,#12095,#12096);
#10956=AXIS2_PLACEMENT_3D('',#14651,#12098,#12099);
#10957=AXIS2_PLACEMENT_3D('',#14652,#12100,#12101);
#10958=AXIS2_PLACEMENT_3D('',#14653,#12102,#12103);
#10959=AXIS2_PLACEMENT_3D('',#14658,#12105,#12106);
#10960=AXIS2_PLACEMENT_3D('',#14661,#12108,#12109);
#10961=AXIS2_PLACEMENT_3D('',#14667,#12113,#12114);
#10962=AXIS2_PLACEMENT_3D('',#14668,#12115,#12116);
#10963=AXIS2_PLACEMENT_3D('',#14669,#12117,#12118);
#10964=AXIS2_PLACEMENT_3D('',#14670,#12119,#12120);
#10965=AXIS2_PLACEMENT_3D('',#14671,#12121,#12122);
#10966=AXIS2_PLACEMENT_3D('',#14675,#12124,#12125);
#10967=AXIS2_PLACEMENT_3D('',#14676,#12126,#12127);
#10968=AXIS2_PLACEMENT_3D('',#14682,#12131,#12132);
#10969=AXIS2_PLACEMENT_3D('',#14683,#12133,#12134);
#10970=AXIS2_PLACEMENT_3D('',#14687,#12136,#12137);
#10971=AXIS2_PLACEMENT_3D('',#14688,#12138,#12139);
#10972=AXIS2_PLACEMENT_3D('',#14689,#12140,#12141);
#10973=AXIS2_PLACEMENT_3D('',#14694,#12143,#12144);
#10974=AXIS2_PLACEMENT_3D('',#14697,#12146,#12147);
#10975=AXIS2_PLACEMENT_3D('',#14703,#12151,#12152);
#10976=AXIS2_PLACEMENT_3D('',#14704,#12153,#12154);
#10977=AXIS2_PLACEMENT_3D('',#14705,#12155,#12156);
#10978=AXIS2_PLACEMENT_3D('',#14706,#12157,#12158);
#10979=AXIS2_PLACEMENT_3D('',#14707,#12159,#12160);
#10980=AXIS2_PLACEMENT_3D('',#14711,#12162,#12163);
#10981=AXIS2_PLACEMENT_3D('',#14712,#12164,#12165);
#10982=AXIS2_PLACEMENT_3D('',#14718,#12169,#12170);
#10983=AXIS2_PLACEMENT_3D('',#14719,#12171,#12172);
#10984=AXIS2_PLACEMENT_3D('',#14723,#12174,#12175);
#10985=AXIS2_PLACEMENT_3D('',#14724,#12176,#12177);
#10986=AXIS2_PLACEMENT_3D('',#14725,#12178,#12179);
#10987=AXIS2_PLACEMENT_3D('',#14730,#12181,#12182);
#10988=AXIS2_PLACEMENT_3D('',#14733,#12184,#12185);
#10989=AXIS2_PLACEMENT_3D('',#14739,#12189,#12190);
#10990=AXIS2_PLACEMENT_3D('',#14740,#12191,#12192);
#10991=AXIS2_PLACEMENT_3D('',#14741,#12193,#12194);
#10992=AXIS2_PLACEMENT_3D('',#14742,#12195,#12196);
#10993=AXIS2_PLACEMENT_3D('',#14743,#12197,#12198);
#10994=AXIS2_PLACEMENT_3D('',#14747,#12200,#12201);
#10995=AXIS2_PLACEMENT_3D('',#14748,#12202,#12203);
#10996=AXIS2_PLACEMENT_3D('',#14754,#12207,#12208);
#10997=AXIS2_PLACEMENT_3D('',#14755,#12209,#12210);
#10998=AXIS2_PLACEMENT_3D('',#14759,#12212,#12213);
#10999=AXIS2_PLACEMENT_3D('',#14760,#12214,#12215);
#11000=AXIS2_PLACEMENT_3D('',#14766,#12219,#12220);
#11001=AXIS2_PLACEMENT_3D('',#14767,#12221,#12222);
#11002=AXIS2_PLACEMENT_3D('',#14769,#12223,#12224);
#11003=AXIS2_PLACEMENT_3D('',#14772,#12226,#12227);
#11004=AXIS2_PLACEMENT_3D('',#14778,#12231,#12232);
#11005=AXIS2_PLACEMENT_3D('',#14779,#12233,#12234);
#11006=AXIS2_PLACEMENT_3D('',#14780,#12235,#12236);
#11007=AXIS2_PLACEMENT_3D('',#14781,#12237,#12238);
#11008=AXIS2_PLACEMENT_3D('',#14782,#12239,#12240);
#11009=AXIS2_PLACEMENT_3D('',#14784,#12241,#12242);
#11010=AXIS2_PLACEMENT_3D('',#14787,#12244,#12245);
#11011=AXIS2_PLACEMENT_3D('',#14793,#12249,#12250);
#11012=AXIS2_PLACEMENT_3D('',#14794,#12251,#12252);
#11013=AXIS2_PLACEMENT_3D('',#14796,#12253,#12254);
#11014=AXIS2_PLACEMENT_3D('',#14799,#12256,#12257);
#11015=AXIS2_PLACEMENT_3D('',#14802,#12260,#12261);
#11016=AXIS2_PLACEMENT_3D('',#14803,#12262,#12263);
#11017=AXIS2_PLACEMENT_3D('',#14804,#12264,#12265);
#11018=AXIS2_PLACEMENT_3D('',#14810,#12269,#12270);
#11019=AXIS2_PLACEMENT_3D('',#14811,#12271,#12272);
#11020=AXIS2_PLACEMENT_3D('',#14813,#12273,#12274);
#11021=AXIS2_PLACEMENT_3D('',#14816,#12276,#12277);
#11022=AXIS2_PLACEMENT_3D('',#14822,#12281,#12282);
#11023=AXIS2_PLACEMENT_3D('',#14823,#12283,#12284);
#11024=AXIS2_PLACEMENT_3D('',#14824,#12285,#12286);
#11025=AXIS2_PLACEMENT_3D('',#14825,#12287,#12288);
#11026=AXIS2_PLACEMENT_3D('',#14826,#12289,#12290);
#11027=AXIS2_PLACEMENT_3D('',#14828,#12291,#12292);
#11028=AXIS2_PLACEMENT_3D('',#14831,#12294,#12295);
#11029=AXIS2_PLACEMENT_3D('',#14837,#12299,#12300);
#11030=AXIS2_PLACEMENT_3D('',#14838,#12301,#12302);
#11031=AXIS2_PLACEMENT_3D('',#14840,#12303,#12304);
#11032=AXIS2_PLACEMENT_3D('',#14843,#12306,#12307);
#11033=AXIS2_PLACEMENT_3D('',#14846,#12310,#12311);
#11034=AXIS2_PLACEMENT_3D('',#14847,#12312,#12313);
#11035=AXIS2_PLACEMENT_3D('',#14848,#12314,#12315);
#11036=AXIS2_PLACEMENT_3D('',#14854,#12319,#12320);
#11037=AXIS2_PLACEMENT_3D('',#14855,#12321,#12322);
#11038=AXIS2_PLACEMENT_3D('',#14857,#12323,#12324);
#11039=AXIS2_PLACEMENT_3D('',#14860,#12326,#12327);
#11040=AXIS2_PLACEMENT_3D('',#14866,#12331,#12332);
#11041=AXIS2_PLACEMENT_3D('',#14867,#12333,#12334);
#11042=AXIS2_PLACEMENT_3D('',#14868,#12335,#12336);
#11043=AXIS2_PLACEMENT_3D('',#14869,#12337,#12338);
#11044=AXIS2_PLACEMENT_3D('',#14870,#12339,#12340);
#11045=AXIS2_PLACEMENT_3D('',#14872,#12341,#12342);
#11046=AXIS2_PLACEMENT_3D('',#14875,#12344,#12345);
#11047=AXIS2_PLACEMENT_3D('',#14881,#12349,#12350);
#11048=AXIS2_PLACEMENT_3D('',#14882,#12351,#12352);
#11049=AXIS2_PLACEMENT_3D('',#14884,#12353,#12354);
#11050=AXIS2_PLACEMENT_3D('',#14887,#12356,#12357);
#11051=AXIS2_PLACEMENT_3D('',#14890,#12360,#12361);
#11052=AXIS2_PLACEMENT_3D('',#14891,#12362,#12363);
#11053=AXIS2_PLACEMENT_3D('',#14892,#12364,#12365);
#11054=AXIS2_PLACEMENT_3D('',#14901,#12370,#12371);
#11055=AXIS2_PLACEMENT_3D('',#14907,#12375,#12376);
#11056=AXIS2_PLACEMENT_3D('',#14908,#12377,#12378);
#11057=AXIS2_PLACEMENT_3D('',#14913,#12381,#12382);
#11058=AXIS2_PLACEMENT_3D('',#14917,#12385,#12386);
#11059=AXIS2_PLACEMENT_3D('',#14919,#12388,#12389);
#11060=AXIS2_PLACEMENT_3D('',#14928,#12394,#12395);
#11061=AXIS2_PLACEMENT_3D('',#14934,#12399,#12400);
#11062=AXIS2_PLACEMENT_3D('',#14940,#12404,#12405);
#11063=AXIS2_PLACEMENT_3D('',#14941,#12406,#12407);
#11064=AXIS2_PLACEMENT_3D('',#14946,#12410,#12411);
#11065=AXIS2_PLACEMENT_3D('',#14950,#12414,#12415);
#11066=AXIS2_PLACEMENT_3D('',#14951,#12416,#12417);
#11067=AXIS2_PLACEMENT_3D('',#14963,#12423,#12424);
#11068=AXIS2_PLACEMENT_3D('',#14969,#12428,#12429);
#11069=AXIS2_PLACEMENT_3D('',#14975,#12433,#12434);
#11070=AXIS2_PLACEMENT_3D('',#14979,#12437,#12438);
#11071=AXIS2_PLACEMENT_3D('',#14981,#12440,#12441);
#11072=AXIS2_PLACEMENT_3D('',#14990,#12446,#12447);
#11073=AXIS2_PLACEMENT_3D('',#14996,#12451,#12452);
#11074=AXIS2_PLACEMENT_3D('',#14997,#12453,#12454);
#11075=AXIS2_PLACEMENT_3D('',#15002,#12457,#12458);
#11076=AXIS2_PLACEMENT_3D('',#15006,#12461,#12462);
#11077=AXIS2_PLACEMENT_3D('',#15008,#12464,#12465);
#11078=AXIS2_PLACEMENT_3D('',#15017,#12470,#12471);
#11079=AXIS2_PLACEMENT_3D('',#15023,#12475,#12476);
#11080=AXIS2_PLACEMENT_3D('',#15024,#12477,#12478);
#11081=AXIS2_PLACEMENT_3D('',#15029,#12481,#12482);
#11082=AXIS2_PLACEMENT_3D('',#15033,#12485,#12486);
#11083=AXIS2_PLACEMENT_3D('',#15035,#12488,#12489);
#11084=AXIS2_PLACEMENT_3D('',#15044,#12494,#12495);
#11085=AXIS2_PLACEMENT_3D('',#15050,#12499,#12500);
#11086=AXIS2_PLACEMENT_3D('',#15051,#12501,#12502);
#11087=AXIS2_PLACEMENT_3D('',#15056,#12505,#12506);
#11088=AXIS2_PLACEMENT_3D('',#15060,#12509,#12510);
#11089=AXIS2_PLACEMENT_3D('',#15062,#12512,#12513);
#11090=AXIS2_PLACEMENT_3D('',#15067,#12516,#12517);
#11091=AXIS2_PLACEMENT_3D('',#15068,#12518,#12519);
#11092=AXIS2_PLACEMENT_3D('',#15072,#12522,#12523);
#11093=AXIS2_PLACEMENT_3D('',#15075,#12525,#12526);
#11094=AXIS2_PLACEMENT_3D('',#15076,#12527,#12528);
#11095=AXIS2_PLACEMENT_3D('',#15079,#12530,#12531);
#11096=AXIS2_PLACEMENT_3D('',#15080,#12532,#12533);
#11097=AXIS2_PLACEMENT_3D('',#15083,#12536,#12537);
#11098=AXIS2_PLACEMENT_3D('',#15085,#12539,#12540);
#11099=AXIS2_PLACEMENT_3D('',#15089,#12543,#12544);
#11100=AXIS2_PLACEMENT_3D('',#15090,#12545,#12546);
#11101=AXIS2_PLACEMENT_3D('',#15091,#12547,#12548);
#11102=AXIS2_PLACEMENT_3D('',#15097,#12552,#12553);
#11103=AXIS2_PLACEMENT_3D('',#15101,#12556,#12557);
#11104=AXIS2_PLACEMENT_3D('',#15105,#12560,#12561);
#11105=AXIS2_PLACEMENT_3D('',#15107,#12563,#12564);
#11106=AXIS2_PLACEMENT_3D('',#15108,#12565,#12566);
#11107=AXIS2_PLACEMENT_3D('',#15110,#12567,#12568);
#11108=AXIS2_PLACEMENT_3D('',#15111,#12569,#12570);
#11109=AXIS2_PLACEMENT_3D('',#15117,#12574,#12575);
#11110=AXIS2_PLACEMENT_3D('',#15121,#12578,#12579);
#11111=AXIS2_PLACEMENT_3D('',#15125,#12582,#12583);
#11112=AXIS2_PLACEMENT_3D('',#15127,#12585,#12586);
#11113=AXIS2_PLACEMENT_3D('',#15128,#12587,#12588);
#11114=AXIS2_PLACEMENT_3D('',#15130,#12589,#12590);
#11115=AXIS2_PLACEMENT_3D('',#15131,#12591,#12592);
#11116=AXIS2_PLACEMENT_3D('',#15137,#12596,#12597);
#11117=AXIS2_PLACEMENT_3D('',#15141,#12600,#12601);
#11118=AXIS2_PLACEMENT_3D('',#15145,#12604,#12605);
#11119=AXIS2_PLACEMENT_3D('',#15147,#12607,#12608);
#11120=AXIS2_PLACEMENT_3D('',#15148,#12609,#12610);
#11121=AXIS2_PLACEMENT_3D('',#15150,#12611,#12612);
#11122=AXIS2_PLACEMENT_3D('',#15151,#12613,#12614);
#11123=AXIS2_PLACEMENT_3D('',#15157,#12618,#12619);
#11124=AXIS2_PLACEMENT_3D('',#15161,#12622,#12623);
#11125=AXIS2_PLACEMENT_3D('',#15165,#12626,#12627);
#11126=AXIS2_PLACEMENT_3D('',#15167,#12629,#12630);
#11127=AXIS2_PLACEMENT_3D('',#15168,#12631,#12632);
#11128=AXIS2_PLACEMENT_3D('',#15170,#12633,#12634);
#11129=AXIS2_PLACEMENT_3D('',#15171,#12635,#12636);
#11130=AXIS2_PLACEMENT_3D('',#15177,#12640,#12641);
#11131=AXIS2_PLACEMENT_3D('',#15181,#12644,#12645);
#11132=AXIS2_PLACEMENT_3D('',#15187,#12649,#12650);
#11133=AXIS2_PLACEMENT_3D('',#15191,#12653,#12654);
#11134=AXIS2_PLACEMENT_3D('',#15195,#12657,#12658);
#11135=AXIS2_PLACEMENT_3D('',#15199,#12661,#12662);
#11136=AXIS2_PLACEMENT_3D('',#15203,#12665,#12666);
#11137=AXIS2_PLACEMENT_3D('',#15205,#12667,#12668);
#11138=AXIS2_PLACEMENT_3D('',#15206,#12669,#12670);
#11139=AXIS2_PLACEMENT_3D('',#15208,#12672,#12673);
#11140=AXIS2_PLACEMENT_3D('',#15209,#12674,#12675);
#11141=AXIS2_PLACEMENT_3D('',#15212,#12677,#12678);
#11142=AXIS2_PLACEMENT_3D('',#15216,#12681,#12682);
#11143=AXIS2_PLACEMENT_3D('',#15217,#12683,#12684);
#11144=AXIS2_PLACEMENT_3D('',#15218,#12685,#12686);
#11145=AXIS2_PLACEMENT_3D('',#15222,#12689,#12690);
#11146=AXIS2_PLACEMENT_3D('',#15224,#12692,#12693);
#11147=AXIS2_PLACEMENT_3D('',#15226,#12694,#12695);
#11148=AXIS2_PLACEMENT_3D('',#15227,#12696,#12697);
#11149=AXIS2_PLACEMENT_3D('',#15231,#12701,#12702);
#11150=AXIS2_PLACEMENT_3D('',#15235,#12705,#12706);
#11151=AXIS2_PLACEMENT_3D('',#15239,#12709,#12710);
#11152=AXIS2_PLACEMENT_3D('',#15243,#12713,#12714);
#11153=AXIS2_PLACEMENT_3D('',#15247,#12717,#12718);
#11154=AXIS2_PLACEMENT_3D('',#15248,#12719,#12720);
#11155=AXIS2_PLACEMENT_3D('',#15251,#12722,#12723);
#11156=AXIS2_PLACEMENT_3D('',#15255,#12726,#12727);
#11157=AXIS2_PLACEMENT_3D('',#15256,#12728,#12729);
#11158=AXIS2_PLACEMENT_3D('',#15259,#12731,#12732);
#11159=AXIS2_PLACEMENT_3D('',#15263,#12735,#12736);
#11160=AXIS2_PLACEMENT_3D('',#15267,#12739,#12740);
#11161=AXIS2_PLACEMENT_3D('',#15271,#12743,#12744);
#11162=AXIS2_PLACEMENT_3D('',#15273,#12746,#12747);
#11163=AXIS2_PLACEMENT_3D('',#15274,#12748,#12749);
#11164=AXIS2_PLACEMENT_3D('',#15283,#12754,#12755);
#11165=AXIS2_PLACEMENT_3D('',#15286,#12758,#12759);
#11166=AXIS2_PLACEMENT_3D('',#15288,#12761,#12762);
#11167=AXIS2_PLACEMENT_3D('',#15290,#12764,#12765);
#11168=AXIS2_PLACEMENT_3D('',#15291,#12766,#12767);
#11169=AXIS2_PLACEMENT_3D('',#15300,#12772,#12773);
#11170=AXIS2_PLACEMENT_3D('',#15303,#12776,#12777);
#11171=AXIS2_PLACEMENT_3D('',#15305,#12779,#12780);
#11172=AXIS2_PLACEMENT_3D('',#15307,#12782,#12783);
#11173=AXIS2_PLACEMENT_3D('',#15308,#12784,#12785);
#11174=AXIS2_PLACEMENT_3D('',#15317,#12790,#12791);
#11175=AXIS2_PLACEMENT_3D('',#15320,#12794,#12795);
#11176=AXIS2_PLACEMENT_3D('',#15322,#12797,#12798);
#11177=AXIS2_PLACEMENT_3D('',#15324,#12800,#12801);
#11178=AXIS2_PLACEMENT_3D('',#15325,#12802,#12803);
#11179=AXIS2_PLACEMENT_3D('',#15334,#12808,#12809);
#11180=AXIS2_PLACEMENT_3D('',#15337,#12812,#12813);
#11181=AXIS2_PLACEMENT_3D('',#15339,#12815,#12816);
#11182=AXIS2_PLACEMENT_3D('',#15341,#12818,#12819);
#11183=AXIS2_PLACEMENT_3D('',#15342,#12820,#12821);
#11184=AXIS2_PLACEMENT_3D('',#15348,#12825,#12826);
#11185=AXIS2_PLACEMENT_3D('',#15349,#12827,#12828);
#11186=AXIS2_PLACEMENT_3D('',#15351,#12829,#12830);
#11187=AXIS2_PLACEMENT_3D('',#15354,#12832,#12833);
#11188=AXIS2_PLACEMENT_3D('',#15360,#12837,#12838);
#11189=AXIS2_PLACEMENT_3D('',#15361,#12839,#12840);
#11190=AXIS2_PLACEMENT_3D('',#15362,#12841,#12842);
#11191=AXIS2_PLACEMENT_3D('',#15363,#12843,#12844);
#11192=AXIS2_PLACEMENT_3D('',#15364,#12845,#12846);
#11193=AXIS2_PLACEMENT_3D('',#15366,#12847,#12848);
#11194=AXIS2_PLACEMENT_3D('',#15369,#12850,#12851);
#11195=AXIS2_PLACEMENT_3D('',#15375,#12855,#12856);
#11196=AXIS2_PLACEMENT_3D('',#15376,#12857,#12858);
#11197=AXIS2_PLACEMENT_3D('',#15378,#12859,#12860);
#11198=AXIS2_PLACEMENT_3D('',#15381,#12862,#12863);
#11199=AXIS2_PLACEMENT_3D('',#15384,#12866,#12867);
#11200=AXIS2_PLACEMENT_3D('',#15385,#12868,#12869);
#11201=AXIS2_PLACEMENT_3D('',#15386,#12870,#12871);
#11202=AXIS2_PLACEMENT_3D('',#15392,#12875,#12876);
#11203=AXIS2_PLACEMENT_3D('',#15393,#12877,#12878);
#11204=AXIS2_PLACEMENT_3D('',#15395,#12879,#12880);
#11205=AXIS2_PLACEMENT_3D('',#15398,#12882,#12883);
#11206=AXIS2_PLACEMENT_3D('',#15404,#12887,#12888);
#11207=AXIS2_PLACEMENT_3D('',#15405,#12889,#12890);
#11208=AXIS2_PLACEMENT_3D('',#15406,#12891,#12892);
#11209=AXIS2_PLACEMENT_3D('',#15407,#12893,#12894);
#11210=AXIS2_PLACEMENT_3D('',#15408,#12895,#12896);
#11211=AXIS2_PLACEMENT_3D('',#15410,#12897,#12898);
#11212=AXIS2_PLACEMENT_3D('',#15413,#12900,#12901);
#11213=AXIS2_PLACEMENT_3D('',#15419,#12905,#12906);
#11214=AXIS2_PLACEMENT_3D('',#15420,#12907,#12908);
#11215=AXIS2_PLACEMENT_3D('',#15422,#12909,#12910);
#11216=AXIS2_PLACEMENT_3D('',#15425,#12912,#12913);
#11217=AXIS2_PLACEMENT_3D('',#15428,#12916,#12917);
#11218=AXIS2_PLACEMENT_3D('',#15429,#12918,#12919);
#11219=AXIS2_PLACEMENT_3D('',#15430,#12920,#12921);
#11220=AXIS2_PLACEMENT_3D('',#15436,#12925,#12926);
#11221=AXIS2_PLACEMENT_3D('',#15437,#12927,#12928);
#11222=AXIS2_PLACEMENT_3D('',#15439,#12929,#12930);
#11223=AXIS2_PLACEMENT_3D('',#15442,#12932,#12933);
#11224=AXIS2_PLACEMENT_3D('',#15448,#12937,#12938);
#11225=AXIS2_PLACEMENT_3D('',#15449,#12939,#12940);
#11226=AXIS2_PLACEMENT_3D('',#15450,#12941,#12942);
#11227=AXIS2_PLACEMENT_3D('',#15451,#12943,#12944);
#11228=AXIS2_PLACEMENT_3D('',#15452,#12945,#12946);
#11229=AXIS2_PLACEMENT_3D('',#15454,#12947,#12948);
#11230=AXIS2_PLACEMENT_3D('',#15457,#12950,#12951);
#11231=AXIS2_PLACEMENT_3D('',#15463,#12955,#12956);
#11232=AXIS2_PLACEMENT_3D('',#15464,#12957,#12958);
#11233=AXIS2_PLACEMENT_3D('',#15466,#12959,#12960);
#11234=AXIS2_PLACEMENT_3D('',#15469,#12962,#12963);
#11235=AXIS2_PLACEMENT_3D('',#15472,#12966,#12967);
#11236=AXIS2_PLACEMENT_3D('',#15473,#12968,#12969);
#11237=AXIS2_PLACEMENT_3D('',#15474,#12970,#12971);
#11238=AXIS2_PLACEMENT_3D('',#15477,#12974,#12975);
#11239=AXIS2_PLACEMENT_3D('',#15479,#12977,#12978);
#11240=AXIS2_PLACEMENT_3D('',#15481,#12980,#12981);
#11241=AXIS2_PLACEMENT_3D('',#15483,#12983,#12984);
#11242=AXIS2_PLACEMENT_3D('',#15485,#12986,#12987);
#11243=AXIS2_PLACEMENT_3D('',#15487,#12989,#12990);
#11244=AXIS2_PLACEMENT_3D('',#15489,#12992,#12993);
#11245=AXIS2_PLACEMENT_3D('',#15490,#12994,#12995);
#11246=AXIS2_PLACEMENT_3D('',#15496,#12999,#13000);
#11247=AXIS2_PLACEMENT_3D('',#15500,#13003,#13004);
#11248=AXIS2_PLACEMENT_3D('',#15504,#13007,#13008);
#11249=AXIS2_PLACEMENT_3D('',#15506,#13010,#13011);
#11250=AXIS2_PLACEMENT_3D('',#15507,#13012,#13013);
#11251=AXIS2_PLACEMENT_3D('',#15532,#13014,#13015);
#11252=AXIS2_PLACEMENT_3D('',#15535,#13018,#13019);
#11253=AXIS2_PLACEMENT_3D('',#15537,#13021,#13022);
#11254=AXIS2_PLACEMENT_3D('',#15539,#13024,#13025);
#11255=AXIS2_PLACEMENT_3D('',#15541,#13027,#13028);
#11256=AXIS2_PLACEMENT_3D('',#15543,#13030,#13031);
#11257=AXIS2_PLACEMENT_3D('',#15545,#13033,#13034);
#11258=AXIS2_PLACEMENT_3D('',#15547,#13036,#13037);
#11259=AXIS2_PLACEMENT_3D('',#15548,#13038,#13039);
#11260=AXIS2_PLACEMENT_3D('',#15704,#13043,#13044);
#11261=AXIS2_PLACEMENT_3D('',#15725,#13047,#13048);
#11262=AXIS2_PLACEMENT_3D('',#15726,#13049,#13050);
#11263=AXIS2_PLACEMENT_3D('',#15786,#13054,#13055);
#11264=AXIS2_PLACEMENT_3D('',#15850,#13059,#13060);
#11265=AXIS2_PLACEMENT_3D('',#15851,#13061,#13062);
#11266=AXIS2_PLACEMENT_3D('',#16007,#13066,#13067);
#11267=AXIS2_PLACEMENT_3D('',#16028,#13070,#13071);
#11268=AXIS2_PLACEMENT_3D('',#16029,#13072,#13073);
#11269=AXIS2_PLACEMENT_3D('',#16089,#13077,#13078);
#11270=AXIS2_PLACEMENT_3D('',#16153,#13082,#13083);
#11271=AXIS2_PLACEMENT_3D('',#16154,#13084,#13085);
#11272=AXIS2_PLACEMENT_3D('',#16167,#13086,#13087);
#11273=AXIS2_PLACEMENT_3D('',#16170,#13090,#13091);
#11274=AXIS2_PLACEMENT_3D('',#16172,#13093,#13094);
#11275=AXIS2_PLACEMENT_3D('',#16174,#13096,#13097);
#11276=AXIS2_PLACEMENT_3D('',#16175,#13098,#13099);
#11277=AXIS2_PLACEMENT_3D('',#16285,#13103,#13104);
#11278=AXIS2_PLACEMENT_3D('',#16310,#13107,#13108);
#11279=AXIS2_PLACEMENT_3D('',#16311,#13109,#13110);
#11280=AXIS2_PLACEMENT_3D('',#16324,#13111,#13112);
#11281=AXIS2_PLACEMENT_3D('',#16327,#13115,#13116);
#11282=AXIS2_PLACEMENT_3D('',#16329,#13118,#13119);
#11283=AXIS2_PLACEMENT_3D('',#16331,#13121,#13122);
#11284=AXIS2_PLACEMENT_3D('',#16332,#13123,#13124);
#11285=AXIS2_PLACEMENT_3D('',#16357,#13125,#13126);
#11286=AXIS2_PLACEMENT_3D('',#16360,#13129,#13130);
#11287=AXIS2_PLACEMENT_3D('',#16362,#13132,#13133);
#11288=AXIS2_PLACEMENT_3D('',#16364,#13135,#13136);
#11289=AXIS2_PLACEMENT_3D('',#16366,#13138,#13139);
#11290=AXIS2_PLACEMENT_3D('',#16368,#13141,#13142);
#11291=AXIS2_PLACEMENT_3D('',#16370,#13144,#13145);
#11292=AXIS2_PLACEMENT_3D('',#16372,#13147,#13148);
#11293=AXIS2_PLACEMENT_3D('',#16373,#13149,#13150);
#11294=AXIS2_PLACEMENT_3D('',#16410,#13151,#13152);
#11295=AXIS2_PLACEMENT_3D('',#16413,#13155,#13156);
#11296=AXIS2_PLACEMENT_3D('',#16415,#13158,#13159);
#11297=AXIS2_PLACEMENT_3D('',#16417,#13161,#13162);
#11298=AXIS2_PLACEMENT_3D('',#16419,#13164,#13165);
#11299=AXIS2_PLACEMENT_3D('',#16421,#13167,#13168);
#11300=AXIS2_PLACEMENT_3D('',#16423,#13170,#13171);
#11301=AXIS2_PLACEMENT_3D('',#16425,#13173,#13174);
#11302=AXIS2_PLACEMENT_3D('',#16427,#13176,#13177);
#11303=AXIS2_PLACEMENT_3D('',#16429,#13179,#13180);
#11304=AXIS2_PLACEMENT_3D('',#16431,#13182,#13183);
#11305=AXIS2_PLACEMENT_3D('',#16433,#13185,#13186);
#11306=AXIS2_PLACEMENT_3D('',#16434,#13187,#13188);
#11307=AXIS2_PLACEMENT_3D('',#16471,#13189,#13190);
#11308=AXIS2_PLACEMENT_3D('',#16474,#13193,#13194);
#11309=AXIS2_PLACEMENT_3D('',#16476,#13196,#13197);
#11310=AXIS2_PLACEMENT_3D('',#16478,#13199,#13200);
#11311=AXIS2_PLACEMENT_3D('',#16480,#13202,#13203);
#11312=AXIS2_PLACEMENT_3D('',#16482,#13205,#13206);
#11313=AXIS2_PLACEMENT_3D('',#16484,#13208,#13209);
#11314=AXIS2_PLACEMENT_3D('',#16486,#13211,#13212);
#11315=AXIS2_PLACEMENT_3D('',#16488,#13214,#13215);
#11316=AXIS2_PLACEMENT_3D('',#16490,#13217,#13218);
#11317=AXIS2_PLACEMENT_3D('',#16492,#13220,#13221);
#11318=AXIS2_PLACEMENT_3D('',#16494,#13223,#13224);
#11319=AXIS2_PLACEMENT_3D('',#16495,#13225,#13226);
#11320=AXIS2_PLACEMENT_3D('',#16588,#13229,#13230);
#11321=AXIS2_PLACEMENT_3D('',#16613,#13233,#13234);
#11322=AXIS2_PLACEMENT_3D('',#16631,#13236,#13237);
#11323=AXIS2_PLACEMENT_3D('',#16802,#13238,#13239);
#11324=AXIS2_PLACEMENT_3D('',#16803,#13240,#13241);
#11325=AXIS2_PLACEMENT_3D('',#16974,#13242,#13243);
#11326=AXIS2_PLACEMENT_3D('',#16975,#13244,#13245);
#11327=AXIS2_PLACEMENT_3D('',#16976,#13246,#13247);
#11328=AXIS2_PLACEMENT_3D('',#16977,#13248,#13249);
#11329=AXIS2_PLACEMENT_3D('',#16986,#13254,#13255);
#11330=AXIS2_PLACEMENT_3D('',#16989,#13258,#13259);
#11331=AXIS2_PLACEMENT_3D('',#16991,#13261,#13262);
#11332=AXIS2_PLACEMENT_3D('',#16993,#13264,#13265);
#11333=AXIS2_PLACEMENT_3D('',#16994,#13266,#13267);
#11334=AXIS2_PLACEMENT_3D('',#17003,#13272,#13273);
#11335=AXIS2_PLACEMENT_3D('',#17006,#13276,#13277);
#11336=AXIS2_PLACEMENT_3D('',#17008,#13279,#13280);
#11337=AXIS2_PLACEMENT_3D('',#17010,#13282,#13283);
#11338=DIRECTION('',(0.,0.,1.));
#11339=DIRECTION('',(1.,0.,0.));
#11340=DIRECTION('',(0.,0.,1.));
#11341=DIRECTION('',(1.,0.,0.));
#11342=DIRECTION('',(1.,0.,0.));
#11343=DIRECTION('',(0.,-1.,0.));
#11344=DIRECTION('',(1.,0.,0.));
#11345=DIRECTION('',(0.,-1.,0.));
#11346=DIRECTION('',(1.,0.,0.));
#11347=DIRECTION('',(0.,-1.,0.));
#11348=DIRECTION('',(1.,0.,0.));
#11349=DIRECTION('',(0.,-1.,0.));
#11350=DIRECTION('',(1.,0.,0.));
#11351=DIRECTION('',(0.,-1.,0.));
#11352=DIRECTION('',(1.,0.,0.));
#11353=DIRECTION('',(0.,-1.,0.));
#11354=DIRECTION('',(1.,0.,0.));
#11355=DIRECTION('',(0.,1.,0.));
#11356=DIRECTION('',(1.,0.,0.));
#11357=DIRECTION('',(0.,1.,0.));
#11358=DIRECTION('',(1.,0.,0.));
#11359=DIRECTION('',(0.,1.,0.));
#11360=DIRECTION('',(1.,0.,0.));
#11361=DIRECTION('',(0.,1.,0.));
#11362=DIRECTION('',(1.,0.,0.));
#11363=DIRECTION('',(0.,-1.,0.));
#11364=DIRECTION('',(1.,0.,0.));
#11365=DIRECTION('',(0.,-1.,0.));
#11366=DIRECTION('',(1.,0.,0.));
#11367=DIRECTION('',(0.,-1.,0.));
#11368=DIRECTION('',(1.,0.,0.));
#11369=DIRECTION('',(0.,-1.,0.));
#11370=DIRECTION('',(1.,0.,0.));
#11371=DIRECTION('',(0.,-1.,0.));
#11372=DIRECTION('',(1.,0.,0.));
#11373=DIRECTION('',(0.,-1.,0.));
#11374=DIRECTION('',(1.,0.,0.));
#11375=DIRECTION('',(0.,-1.,0.));
#11376=DIRECTION('',(1.,0.,0.));
#11377=DIRECTION('',(0.,-1.,0.));
#11378=DIRECTION('',(1.,0.,0.));
#11379=DIRECTION('',(0.,1.,0.));
#11380=DIRECTION('',(1.,0.,0.));
#11381=DIRECTION('',(0.,1.,0.));
#11382=DIRECTION('',(1.,0.,0.));
#11383=DIRECTION('',(0.,1.,0.));
#11384=DIRECTION('',(1.,0.,0.));
#11385=DIRECTION('',(0.,1.,0.));
#11386=DIRECTION('',(1.,0.,0.));
#11387=DIRECTION('',(0.,1.,0.));
#11388=DIRECTION('',(1.,0.,0.));
#11389=DIRECTION('',(0.,1.,0.));
#11390=DIRECTION('',(1.,0.,0.));
#11391=DIRECTION('',(0.,-1.,0.));
#11392=DIRECTION('',(1.,0.,0.));
#11393=DIRECTION('',(0.,-1.,0.));
#11394=DIRECTION('',(1.,0.,0.));
#11395=DIRECTION('',(0.,-1.,0.));
#11396=DIRECTION('',(1.,0.,0.));
#11397=DIRECTION('',(0.,-1.,0.));
#11398=DIRECTION('',(1.,0.,0.));
#11399=DIRECTION('',(0.,-1.,0.));
#11400=DIRECTION('',(1.,0.,0.));
#11401=DIRECTION('',(0.,-1.,0.));
#11402=DIRECTION('',(1.,0.,0.));
#11403=DIRECTION('',(0.,-1.,0.));
#11404=DIRECTION('',(1.,0.,0.));
#11405=DIRECTION('',(0.,-1.,0.));
#11406=DIRECTION('',(1.,0.,0.));
#11407=DIRECTION('',(0.,1.,0.));
#11408=DIRECTION('',(1.,0.,0.));
#11409=DIRECTION('',(0.,1.,0.));
#11410=DIRECTION('',(1.,0.,0.));
#11411=DIRECTION('',(0.,1.,0.));
#11412=DIRECTION('',(1.,0.,0.));
#11413=DIRECTION('',(0.,1.,0.));
#11414=DIRECTION('',(1.,0.,0.));
#11415=DIRECTION('',(0.,1.,0.));
#11416=DIRECTION('',(1.,0.,0.));
#11417=DIRECTION('',(0.,1.,0.));
#11418=DIRECTION('',(1.36592399683214E-15,-1.,0.));
#11419=DIRECTION('',(-1.,0.,0.));
#11420=DIRECTION('',(0.,1.,0.));
#11421=DIRECTION('',(1.,1.70740499604018E-16,0.));
#11422=DIRECTION('',(0.,-1.,0.));
#11423=DIRECTION('',(-1.,0.,0.));
#11424=DIRECTION('',(0.,1.,0.));
#11425=DIRECTION('',(1.,0.,0.));
#11426=DIRECTION('',(1.36592399683214E-15,-1.,0.));
#11427=DIRECTION('',(-1.,-2.39036699445625E-15,0.));
#11428=DIRECTION('',(-2.04888599524821E-15,1.,0.));
#11429=DIRECTION('',(1.,-6.8296199841607E-16,0.));
#11430=DIRECTION('',(1.,1.02444299762411E-15,0.));
#11431=DIRECTION('',(6.82961998416069E-16,-1.,0.));
#11432=DIRECTION('',(-1.,-2.04888599524821E-15,0.));
#11433=DIRECTION('',(-6.82961998416068E-16,1.,0.));
#11434=DIRECTION('',(0.707106781186549,-0.707106781186546,0.));
#11435=DIRECTION('',(6.82961998416069E-16,-1.,0.));
#11436=DIRECTION('',(-1.,0.,0.));
#11437=DIRECTION('',(-2.04888599524821E-15,1.,0.));
#11438=DIRECTION('',(1.,2.04888599524821E-15,0.));
#11439=DIRECTION('',(1.4954512723938E-16,-1.,0.));
#11440=DIRECTION('',(-1.,-1.4954512723938E-16,0.));
#11441=DIRECTION('',(0.,0.,1.));
#11442=DIRECTION('',(1.,0.,0.));
#11443=DIRECTION('',(1.,1.4954512723938E-16,0.));
#11444=DIRECTION('',(1.4954512723938E-16,-1.,-1.20466908053945E-16));
#11445=DIRECTION('',(1.,1.4954512723938E-16,0.));
#11446=DIRECTION('',(0.,0.,1.));
#11447=DIRECTION('',(1.,0.,0.));
#11448=DIRECTION('',(-1.,-1.4954512723938E-16,0.));
#11449=DIRECTION('',(1.4954512723938E-16,-1.,0.));
#11450=DIRECTION('',(-1.,-6.8296199841607E-16,0.));
#11451=DIRECTION('',(-6.8296199841607E-16,1.,0.));
#11452=DIRECTION('',(1.,0.,0.));
#11453=DIRECTION('',(6.8296199841607E-16,-1.,0.));
#11454=DIRECTION('',(-0.707106781186549,-0.707106781186546,0.));
#11455=DIRECTION('',(7.95081593156033E-15,-1.,0.));
#11456=DIRECTION('',(1.,0.,0.));
#11457=DIRECTION('',(0.,1.,0.));
#11458=DIRECTION('',(0.,0.,1.));
#11459=DIRECTION('',(1.,0.,0.));
#11460=DIRECTION('',(0.,1.,0.));
#11461=DIRECTION('',(0.,0.,1.));
#11462=DIRECTION('',(-1.,0.,0.));
#11463=DIRECTION('',(-1.36056743213867E-15,1.,0.));
#11464=DIRECTION('',(-1.,-1.23248559572064E-16,0.));
#11465=DIRECTION('',(-4.33680868994203E-15,-1.,0.));
#11466=DIRECTION('',(1.,0.,0.));
#11467=DIRECTION('',(0.,-1.,0.));
#11468=DIRECTION('',(-1.,-1.44560289664734E-16,0.));
#11469=DIRECTION('',(0.,1.,0.));
#11470=DIRECTION('',(0.,1.,0.));
#11471=DIRECTION('',(1.,0.,0.));
#11472=DIRECTION('',(0.,-1.,0.));
#11473=DIRECTION('',(-1.,0.,0.));
#11474=DIRECTION('',(1.,0.,0.));
#11475=DIRECTION('',(1.88556899562696E-16,-1.,0.));
#11476=DIRECTION('',(-1.,-1.25844895020639E-16,0.));
#11477=DIRECTION('',(0.,1.,0.));
#11478=DIRECTION('',(0.,1.,0.));
#11479=DIRECTION('',(1.,0.,0.));
#11480=DIRECTION('',(1.11200222819026E-16,-1.,0.));
#11481=DIRECTION('',(-1.,-9.03501810404586E-17,0.));
#11482=DIRECTION('',(1.,0.,0.));
#11483=DIRECTION('',(0.,1.,0.));
#11484=DIRECTION('',(1.,0.,0.));
#11485=DIRECTION('',(0.,1.,0.));
#11486=DIRECTION('',(1.,0.,0.));
#11487=DIRECTION('',(0.,1.,0.));
#11488=DIRECTION('',(1.,0.,0.));
#11489=DIRECTION('',(0.,1.,0.));
#11490=DIRECTION('',(1.,0.,0.));
#11491=DIRECTION('',(0.,1.,0.));
#11492=DIRECTION('',(1.,0.,0.));
#11493=DIRECTION('',(0.,1.,0.));
#11494=DIRECTION('',(-1.,0.,0.));
#11495=DIRECTION('',(0.,1.,0.));
#11496=DIRECTION('',(1.,0.,0.));
#11497=DIRECTION('',(0.,-1.,0.));
#11498=DIRECTION('',(0.,-1.,0.));
#11499=DIRECTION('',(-1.,-3.94255335449275E-16,0.));
#11500=DIRECTION('',(0.,1.,0.));
#11501=DIRECTION('',(1.,3.94255335449275E-16,0.));
#11502=DIRECTION('',(-1.,-1.4954512723938E-16,0.));
#11503=DIRECTION('',(0.,-1.,0.));
#11504=DIRECTION('',(9.43343428873063E-31,-6.30808536718842E-15,1.));
#11505=DIRECTION('',(-1.,-1.4954512723938E-16,0.));
#11506=DIRECTION('',(1.4954512723938E-16,-1.,0.));
#11507=DIRECTION('',(1.4954512723938E-16,-1.,3.3881317890172E-17));
#11508=DIRECTION('',(-1.,-1.4954512723938E-16,0.));
#11509=DIRECTION('',(1.4954512723938E-16,-1.,0.));
#11510=DIRECTION('',(0.,0.,-1.));
#11511=DIRECTION('',(-1.,-1.4954512723938E-16,0.));
#11512=DIRECTION('',(1.4954512723938E-16,-1.,0.));
#11513=DIRECTION('',(-1.4954512723938E-16,1.,1.35525271560688E-16));
#11514=DIRECTION('',(-1.,-1.4954512723938E-16,0.));
#11515=DIRECTION('',(1.4954512723938E-16,-1.,0.));
#11516=DIRECTION('',(0.,0.,-1.));
#11517=DIRECTION('',(1.4954512723938E-16,-1.,0.));
#11518=DIRECTION('',(0.,0.,1.));
#11519=DIRECTION('',(-1.4954512723938E-16,1.,0.));
#11520=DIRECTION('',(-1.,-1.4954512723938E-16,0.));
#11521=DIRECTION('',(1.4954512723938E-16,-1.,0.));
#11522=DIRECTION('',(0.,0.,1.));
#11523=DIRECTION('',(-1.,-1.4954512723938E-16,0.));
#11524=DIRECTION('',(-1.4954512723938E-16,1.,0.));
#11525=DIRECTION('',(1.4954512723938E-16,-1.,3.3881317890172E-17));
#11526=DIRECTION('',(-1.,-1.4954512723938E-16,0.));
#11527=DIRECTION('',(1.4954512723938E-16,-1.,0.));
#11528=DIRECTION('',(0.,0.,-1.));
#11529=DIRECTION('',(-1.,-1.4954512723938E-16,0.));
#11530=DIRECTION('',(1.4954512723938E-16,-1.,0.));
#11531=DIRECTION('',(-1.4954512723938E-16,1.,1.35525271560688E-16));
#11532=DIRECTION('',(-1.,-1.4954512723938E-16,0.));
#11533=DIRECTION('',(-1.4954512723938E-16,1.,0.));
#11534=DIRECTION('',(1.,1.4954512723938E-16,0.));
#11535=DIRECTION('',(-1.4954512723938E-16,1.,0.));
#11536=DIRECTION('',(1.4954512723938E-16,-1.,-1.35525271560688E-16));
#11537=DIRECTION('',(1.,1.4954512723938E-16,0.));
#11538=DIRECTION('',(-1.4954512723938E-16,1.,0.));
#11539=DIRECTION('',(0.,0.,1.));
#11540=DIRECTION('',(1.,1.4954512723938E-16,0.));
#11541=DIRECTION('',(-1.4954512723938E-16,1.,0.));
#11542=DIRECTION('',(-1.4954512723938E-16,1.,-3.3881317890172E-17));
#11543=DIRECTION('',(1.,1.4954512723938E-16,0.));
#11544=DIRECTION('',(-1.4954512723938E-16,1.,0.));
#11545=DIRECTION('',(-9.43343428873063E-31,6.30808536718842E-15,-1.));
#11546=DIRECTION('',(1.,0.,0.));
#11547=DIRECTION('',(0.,0.,-1.));
#11548=DIRECTION('',(-1.,0.,0.));
#11549=DIRECTION('',(0.,-1.,0.));
#11550=DIRECTION('',(1.,0.,0.));
#11551=DIRECTION('',(-1.,0.,0.));
#11552=DIRECTION('',(0.,-1.,0.));
#11553=DIRECTION('',(1.,0.,0.));
#11554=DIRECTION('',(0.,0.96592582628907,0.258819045102516));
#11555=DIRECTION('',(0.,0.258819045102516,-0.96592582628907));
#11556=DIRECTION('',(0.,0.258819045102516,-0.96592582628907));
#11557=DIRECTION('',(1.,0.,0.));
#11558=DIRECTION('',(0.,0.258819045102516,-0.96592582628907));
#11559=DIRECTION('',(1.,0.,0.));
#11560=DIRECTION('',(0.,0.,-1.));
#11561=DIRECTION('',(1.,0.,0.));
#11562=DIRECTION('',(0.,-1.,0.));
#11563=DIRECTION('',(1.,0.,0.));
#11564=DIRECTION('',(0.,-1.,0.));
#11565=DIRECTION('',(1.,0.,0.));
#11566=DIRECTION('',(0.,0.,-1.));
#11567=DIRECTION('',(-1.,0.,0.));
#11568=DIRECTION('',(0.,-1.,0.));
#11569=DIRECTION('',(1.,0.,0.));
#11570=DIRECTION('',(-1.,0.,0.));
#11571=DIRECTION('',(0.,-1.,0.));
#11572=DIRECTION('',(0.,-0.965925826289069,-0.258819045102519));
#11573=DIRECTION('',(0.,-0.258819045102519,0.965925826289069));
#11574=DIRECTION('',(0.,-0.258819045102519,0.965925826289069));
#11575=DIRECTION('',(1.,0.,0.));
#11576=DIRECTION('',(0.,-0.258819045102519,0.965925826289069));
#11577=DIRECTION('',(1.,0.,0.));
#11578=DIRECTION('',(0.,0.,-1.));
#11579=DIRECTION('',(1.,0.,0.));
#11580=DIRECTION('',(0.,-1.,0.));
#11581=DIRECTION('',(1.,0.,0.));
#11582=DIRECTION('',(1.,0.,0.));
#11583=DIRECTION('',(0.,-1.,0.));
#11584=DIRECTION('',(1.,0.,0.));
#11585=DIRECTION('',(0.,0.,-1.));
#11586=DIRECTION('',(-1.,0.,0.));
#11587=DIRECTION('',(0.,-1.,0.));
#11588=DIRECTION('',(1.,0.,0.));
#11589=DIRECTION('',(-1.,0.,0.));
#11590=DIRECTION('',(0.,-1.,0.));
#11591=DIRECTION('',(1.,0.,0.));
#11592=DIRECTION('',(0.,0.96592582628907,0.258819045102516));
#11593=DIRECTION('',(0.,0.258819045102516,-0.96592582628907));
#11594=DIRECTION('',(0.,0.258819045102516,-0.96592582628907));
#11595=DIRECTION('',(1.,0.,0.));
#11596=DIRECTION('',(0.,0.258819045102516,-0.96592582628907));
#11597=DIRECTION('',(1.,0.,0.));
#11598=DIRECTION('',(0.,0.,-1.));
#11599=DIRECTION('',(1.,0.,0.));
#11600=DIRECTION('',(0.,-1.,0.));
#11601=DIRECTION('',(1.,0.,0.));
#11602=DIRECTION('',(0.,-1.,0.));
#11603=DIRECTION('',(1.,0.,0.));
#11604=DIRECTION('',(0.,0.,-1.));
#11605=DIRECTION('',(-1.,0.,0.));
#11606=DIRECTION('',(0.,-1.,0.));
#11607=DIRECTION('',(1.,0.,0.));
#11608=DIRECTION('',(-1.,0.,0.));
#11609=DIRECTION('',(0.,-1.,0.));
#11610=DIRECTION('',(0.,-0.965925826289069,-0.258819045102519));
#11611=DIRECTION('',(0.,-0.258819045102519,0.965925826289069));
#11612=DIRECTION('',(0.,-0.258819045102519,0.965925826289069));
#11613=DIRECTION('',(1.,0.,0.));
#11614=DIRECTION('',(0.,-0.258819045102519,0.965925826289069));
#11615=DIRECTION('',(1.,0.,0.));
#11616=DIRECTION('',(0.,0.,-1.));
#11617=DIRECTION('',(1.,0.,0.));
#11618=DIRECTION('',(0.,-1.,0.));
#11619=DIRECTION('',(1.,0.,0.));
#11620=DIRECTION('',(1.,0.,0.));
#11621=DIRECTION('',(0.,-1.,0.));
#11622=DIRECTION('',(1.,0.,0.));
#11623=DIRECTION('',(0.,0.,-1.));
#11624=DIRECTION('',(-1.,0.,0.));
#11625=DIRECTION('',(0.,-1.,0.));
#11626=DIRECTION('',(1.,0.,0.));
#11627=DIRECTION('',(-1.,0.,0.));
#11628=DIRECTION('',(0.,-1.,0.));
#11629=DIRECTION('',(1.,0.,0.));
#11630=DIRECTION('',(0.,0.96592582628907,0.258819045102516));
#11631=DIRECTION('',(0.,0.258819045102516,-0.96592582628907));
#11632=DIRECTION('',(0.,0.258819045102516,-0.96592582628907));
#11633=DIRECTION('',(1.,0.,0.));
#11634=DIRECTION('',(0.,0.258819045102516,-0.96592582628907));
#11635=DIRECTION('',(1.,0.,0.));
#11636=DIRECTION('',(0.,0.,-1.));
#11637=DIRECTION('',(1.,0.,0.));
#11638=DIRECTION('',(0.,-1.,0.));
#11639=DIRECTION('',(1.,0.,0.));
#11640=DIRECTION('',(0.,-1.,0.));
#11641=DIRECTION('',(1.,0.,0.));
#11642=DIRECTION('',(0.,0.,-1.));
#11643=DIRECTION('',(-1.,0.,0.));
#11644=DIRECTION('',(0.,-1.,0.));
#11645=DIRECTION('',(1.,0.,0.));
#11646=DIRECTION('',(-1.,0.,0.));
#11647=DIRECTION('',(0.,-1.,0.));
#11648=DIRECTION('',(0.,-0.965925826289069,-0.258819045102519));
#11649=DIRECTION('',(0.,-0.258819045102519,0.965925826289069));
#11650=DIRECTION('',(0.,-0.258819045102519,0.965925826289069));
#11651=DIRECTION('',(1.,0.,0.));
#11652=DIRECTION('',(0.,-0.258819045102519,0.965925826289069));
#11653=DIRECTION('',(1.,0.,0.));
#11654=DIRECTION('',(0.,0.,-1.));
#11655=DIRECTION('',(1.,0.,0.));
#11656=DIRECTION('',(0.,-1.,0.));
#11657=DIRECTION('',(1.,0.,0.));
#11658=DIRECTION('',(1.,0.,0.));
#11659=DIRECTION('',(0.,-1.,0.));
#11660=DIRECTION('',(0.,-1.35525271560688E-16,1.));
#11661=DIRECTION('',(0.,-1.,-1.35525271560688E-16));
#11662=DIRECTION('',(0.,-1.,-1.35525271560688E-16));
#11663=DIRECTION('',(0.,-1.,-1.35525271560688E-16));
#11664=DIRECTION('',(1.,0.,0.));
#11665=DIRECTION('',(1.,0.,0.));
#11666=DIRECTION('',(0.,0.,-1.));
#11667=DIRECTION('',(1.,0.,0.));
#11668=DIRECTION('',(0.,1.,0.));
#11669=DIRECTION('',(1.,0.,0.));
#11670=DIRECTION('',(0.,1.,0.));
#11671=DIRECTION('',(1.,0.,0.));
#11672=DIRECTION('',(0.,-0.96592582628907,0.258819045102516));
#11673=DIRECTION('',(0.,-0.258819045102516,-0.96592582628907));
#11674=DIRECTION('',(0.,-0.258819045102516,-0.96592582628907));
#11675=DIRECTION('',(0.,-0.258819045102516,-0.96592582628907));
#11676=DIRECTION('',(1.,0.,0.));
#11677=DIRECTION('',(1.,0.,0.));
#11678=DIRECTION('',(0.,0.,-1.));
#11679=DIRECTION('',(-1.,0.,0.));
#11680=DIRECTION('',(0.,1.,0.));
#11681=DIRECTION('',(-1.,0.,0.));
#11682=DIRECTION('',(0.,1.,0.));
#11683=DIRECTION('',(1.,0.,0.));
#11684=DIRECTION('',(0.,0.,-1.));
#11685=DIRECTION('',(1.,0.,0.));
#11686=DIRECTION('',(0.,1.,0.));
#11687=DIRECTION('',(1.,0.,0.));
#11688=DIRECTION('',(0.,1.,0.));
#11689=DIRECTION('',(1.,0.,0.));
#11690=DIRECTION('',(0.,0.965925826289069,-0.258819045102519));
#11691=DIRECTION('',(0.,0.258819045102519,0.965925826289069));
#11692=DIRECTION('',(0.,0.258819045102519,0.965925826289069));
#11693=DIRECTION('',(0.,0.258819045102519,0.965925826289069));
#11694=DIRECTION('',(1.,0.,0.));
#11695=DIRECTION('',(1.,0.,0.));
#11696=DIRECTION('',(0.,0.,-1.));
#11697=DIRECTION('',(-1.,0.,0.));
#11698=DIRECTION('',(0.,1.,0.));
#11699=DIRECTION('',(-1.,0.,0.));
#11700=DIRECTION('',(0.,1.,0.));
#11701=DIRECTION('',(1.,0.,0.));
#11702=DIRECTION('',(0.,1.35525271560688E-16,-1.));
#11703=DIRECTION('',(0.,1.,1.35525271560688E-16));
#11704=DIRECTION('',(0.,1.,1.35525271560688E-16));
#11705=DIRECTION('',(0.,1.,1.35525271560688E-16));
#11706=DIRECTION('',(1.,0.,0.));
#11707=DIRECTION('',(0.,0.,-1.));
#11708=DIRECTION('',(1.,0.,0.));
#11709=DIRECTION('',(0.,0.,-1.));
#11710=DIRECTION('',(0.,-1.35525271560688E-16,1.));
#11711=DIRECTION('',(0.,-1.,-1.35525271560688E-16));
#11712=DIRECTION('',(0.,-1.,-1.35525271560688E-16));
#11713=DIRECTION('',(0.,-1.,-1.35525271560688E-16));
#11714=DIRECTION('',(1.,0.,0.));
#11715=DIRECTION('',(1.,0.,0.));
#11716=DIRECTION('',(0.,0.,-1.));
#11717=DIRECTION('',(1.,0.,0.));
#11718=DIRECTION('',(0.,1.,0.));
#11719=DIRECTION('',(1.,0.,0.));
#11720=DIRECTION('',(0.,1.,0.));
#11721=DIRECTION('',(1.,0.,0.));
#11722=DIRECTION('',(0.,-0.96592582628907,0.258819045102516));
#11723=DIRECTION('',(0.,-0.258819045102516,-0.96592582628907));
#11724=DIRECTION('',(0.,-0.258819045102516,-0.96592582628907));
#11725=DIRECTION('',(0.,-0.258819045102516,-0.96592582628907));
#11726=DIRECTION('',(1.,0.,0.));
#11727=DIRECTION('',(1.,0.,0.));
#11728=DIRECTION('',(0.,0.,-1.));
#11729=DIRECTION('',(-1.,0.,0.));
#11730=DIRECTION('',(0.,1.,0.));
#11731=DIRECTION('',(-1.,0.,0.));
#11732=DIRECTION('',(0.,1.,0.));
#11733=DIRECTION('',(1.,0.,0.));
#11734=DIRECTION('',(0.,0.,-1.));
#11735=DIRECTION('',(1.,0.,0.));
#11736=DIRECTION('',(0.,1.,0.));
#11737=DIRECTION('',(1.,0.,0.));
#11738=DIRECTION('',(0.,1.,0.));
#11739=DIRECTION('',(1.,0.,0.));
#11740=DIRECTION('',(0.,0.965925826289069,-0.258819045102519));
#11741=DIRECTION('',(0.,0.258819045102519,0.965925826289069));
#11742=DIRECTION('',(0.,0.258819045102519,0.965925826289069));
#11743=DIRECTION('',(0.,0.258819045102519,0.965925826289069));
#11744=DIRECTION('',(1.,0.,0.));
#11745=DIRECTION('',(1.,0.,0.));
#11746=DIRECTION('',(0.,0.,-1.));
#11747=DIRECTION('',(-1.,0.,0.));
#11748=DIRECTION('',(0.,1.,0.));
#11749=DIRECTION('',(-1.,0.,0.));
#11750=DIRECTION('',(0.,1.,0.));
#11751=DIRECTION('',(1.,0.,0.));
#11752=DIRECTION('',(0.,1.35525271560688E-16,-1.));
#11753=DIRECTION('',(0.,1.,1.35525271560688E-16));
#11754=DIRECTION('',(0.,1.,1.35525271560688E-16));
#11755=DIRECTION('',(0.,1.,1.35525271560688E-16));
#11756=DIRECTION('',(1.,0.,0.));
#11757=DIRECTION('',(0.,0.,-1.));
#11758=DIRECTION('',(1.,0.,0.));
#11759=DIRECTION('',(0.,0.,-1.));
#11760=DIRECTION('',(1.,0.,0.));
#11761=DIRECTION('',(0.,0.,-1.));
#11762=DIRECTION('',(-1.,0.,0.));
#11763=DIRECTION('',(0.,-1.,0.));
#11764=DIRECTION('',(1.,0.,0.));
#11765=DIRECTION('',(-1.,0.,0.));
#11766=DIRECTION('',(0.,-1.,0.));
#11767=DIRECTION('',(1.,0.,0.));
#11768=DIRECTION('',(0.,0.965925826289068,0.25881904510252));
#11769=DIRECTION('',(0.,0.25881904510252,-0.965925826289068));
#11770=DIRECTION('',(0.,0.25881904510252,-0.965925826289068));
#11771=DIRECTION('',(1.,0.,0.));
#11772=DIRECTION('',(0.,0.25881904510252,-0.965925826289068));
#11773=DIRECTION('',(1.,0.,0.));
#11774=DIRECTION('',(0.,0.,-1.));
#11775=DIRECTION('',(1.,0.,0.));
#11776=DIRECTION('',(0.,-1.,0.));
#11777=DIRECTION('',(1.,0.,0.));
#11778=DIRECTION('',(0.,-1.,0.));
#11779=DIRECTION('',(1.,0.,0.));
#11780=DIRECTION('',(0.,0.,-1.));
#11781=DIRECTION('',(-1.,0.,0.));
#11782=DIRECTION('',(0.,-1.,0.));
#11783=DIRECTION('',(1.,0.,0.));
#11784=DIRECTION('',(-1.,0.,0.));
#11785=DIRECTION('',(0.,-1.,0.));
#11786=DIRECTION('',(0.,-0.965925826289069,-0.258819045102517));
#11787=DIRECTION('',(0.,-0.258819045102517,0.965925826289069));
#11788=DIRECTION('',(0.,-0.258819045102517,0.965925826289069));
#11789=DIRECTION('',(1.,0.,0.));
#11790=DIRECTION('',(0.,-0.258819045102517,0.965925826289069));
#11791=DIRECTION('',(1.,0.,0.));
#11792=DIRECTION('',(0.,0.,-1.));
#11793=DIRECTION('',(1.,0.,0.));
#11794=DIRECTION('',(0.,-1.,0.));
#11795=DIRECTION('',(1.,0.,0.));
#11796=DIRECTION('',(1.,0.,0.));
#11797=DIRECTION('',(0.,-1.,0.));
#11798=DIRECTION('',(1.,0.,0.));
#11799=DIRECTION('',(0.,0.,-1.));
#11800=DIRECTION('',(-1.,0.,0.));
#11801=DIRECTION('',(0.,-1.,0.));
#11802=DIRECTION('',(1.,0.,0.));
#11803=DIRECTION('',(-1.,0.,0.));
#11804=DIRECTION('',(0.,-1.,0.));
#11805=DIRECTION('',(1.,0.,0.));
#11806=DIRECTION('',(0.,0.965925826289068,0.25881904510252));
#11807=DIRECTION('',(0.,0.25881904510252,-0.965925826289068));
#11808=DIRECTION('',(0.,0.25881904510252,-0.965925826289068));
#11809=DIRECTION('',(1.,0.,0.));
#11810=DIRECTION('',(0.,0.25881904510252,-0.965925826289068));
#11811=DIRECTION('',(1.,0.,0.));
#11812=DIRECTION('',(0.,0.,-1.));
#11813=DIRECTION('',(1.,0.,0.));
#11814=DIRECTION('',(0.,-1.,0.));
#11815=DIRECTION('',(1.,0.,0.));
#11816=DIRECTION('',(0.,-1.,0.));
#11817=DIRECTION('',(1.,0.,0.));
#11818=DIRECTION('',(0.,0.,-1.));
#11819=DIRECTION('',(-1.,0.,0.));
#11820=DIRECTION('',(0.,-1.,0.));
#11821=DIRECTION('',(1.,0.,0.));
#11822=DIRECTION('',(-1.,0.,0.));
#11823=DIRECTION('',(0.,-1.,0.));
#11824=DIRECTION('',(0.,-0.965925826289069,-0.258819045102517));
#11825=DIRECTION('',(0.,-0.258819045102517,0.965925826289069));
#11826=DIRECTION('',(0.,-0.258819045102517,0.965925826289069));
#11827=DIRECTION('',(1.,0.,0.));
#11828=DIRECTION('',(0.,-0.258819045102517,0.965925826289069));
#11829=DIRECTION('',(1.,0.,0.));
#11830=DIRECTION('',(0.,0.,-1.));
#11831=DIRECTION('',(1.,0.,0.));
#11832=DIRECTION('',(0.,-1.,0.));
#11833=DIRECTION('',(1.,0.,0.));
#11834=DIRECTION('',(1.,0.,0.));
#11835=DIRECTION('',(0.,-1.,0.));
#11836=DIRECTION('',(1.,0.,0.));
#11837=DIRECTION('',(0.,0.,-1.));
#11838=DIRECTION('',(-1.,0.,0.));
#11839=DIRECTION('',(0.,-1.,0.));
#11840=DIRECTION('',(1.,0.,0.));
#11841=DIRECTION('',(-1.,0.,0.));
#11842=DIRECTION('',(0.,-1.,0.));
#11843=DIRECTION('',(1.,0.,0.));
#11844=DIRECTION('',(0.,0.965925826289068,0.25881904510252));
#11845=DIRECTION('',(0.,0.25881904510252,-0.965925826289068));
#11846=DIRECTION('',(0.,0.25881904510252,-0.965925826289068));
#11847=DIRECTION('',(1.,0.,0.));
#11848=DIRECTION('',(0.,0.25881904510252,-0.965925826289068));
#11849=DIRECTION('',(1.,0.,0.));
#11850=DIRECTION('',(0.,0.,-1.));
#11851=DIRECTION('',(1.,0.,0.));
#11852=DIRECTION('',(0.,-1.,0.));
#11853=DIRECTION('',(1.,0.,0.));
#11854=DIRECTION('',(0.,-1.,0.));
#11855=DIRECTION('',(1.,0.,0.));
#11856=DIRECTION('',(0.,0.,-1.));
#11857=DIRECTION('',(-1.,0.,0.));
#11858=DIRECTION('',(0.,-1.,0.));
#11859=DIRECTION('',(1.,0.,0.));
#11860=DIRECTION('',(-1.,0.,0.));
#11861=DIRECTION('',(0.,-1.,0.));
#11862=DIRECTION('',(0.,-0.965925826289069,-0.258819045102517));
#11863=DIRECTION('',(0.,-0.258819045102517,0.965925826289069));
#11864=DIRECTION('',(0.,-0.258819045102517,0.965925826289069));
#11865=DIRECTION('',(1.,0.,0.));
#11866=DIRECTION('',(0.,-0.258819045102517,0.965925826289069));
#11867=DIRECTION('',(1.,0.,0.));
#11868=DIRECTION('',(0.,0.,-1.));
#11869=DIRECTION('',(1.,0.,0.));
#11870=DIRECTION('',(0.,-1.,0.));
#11871=DIRECTION('',(1.,0.,0.));
#11872=DIRECTION('',(1.,0.,0.));
#11873=DIRECTION('',(0.,-1.,0.));
#11874=DIRECTION('',(1.,0.,0.));
#11875=DIRECTION('',(0.,0.,-1.));
#11876=DIRECTION('',(-1.,0.,0.));
#11877=DIRECTION('',(0.,-1.,0.));
#11878=DIRECTION('',(1.,0.,0.));
#11879=DIRECTION('',(-1.,0.,0.));
#11880=DIRECTION('',(0.,-1.,0.));
#11881=DIRECTION('',(1.,0.,0.));
#11882=DIRECTION('',(0.,0.965925826289068,0.25881904510252));
#11883=DIRECTION('',(0.,0.25881904510252,-0.965925826289068));
#11884=DIRECTION('',(0.,0.25881904510252,-0.965925826289068));
#11885=DIRECTION('',(1.,0.,0.));
#11886=DIRECTION('',(0.,0.25881904510252,-0.965925826289068));
#11887=DIRECTION('',(1.,0.,0.));
#11888=DIRECTION('',(0.,0.,-1.));
#11889=DIRECTION('',(1.,0.,0.));
#11890=DIRECTION('',(0.,-1.,0.));
#11891=DIRECTION('',(1.,0.,0.));
#11892=DIRECTION('',(0.,-1.,0.));
#11893=DIRECTION('',(1.,0.,0.));
#11894=DIRECTION('',(0.,0.,-1.));
#11895=DIRECTION('',(-1.,0.,0.));
#11896=DIRECTION('',(0.,-1.,0.));
#11897=DIRECTION('',(1.,0.,0.));
#11898=DIRECTION('',(-1.,0.,0.));
#11899=DIRECTION('',(0.,-1.,0.));
#11900=DIRECTION('',(0.,-0.965925826289069,-0.258819045102517));
#11901=DIRECTION('',(0.,-0.258819045102517,0.965925826289069));
#11902=DIRECTION('',(0.,-0.258819045102517,0.965925826289069));
#11903=DIRECTION('',(1.,0.,0.));
#11904=DIRECTION('',(0.,-0.258819045102517,0.965925826289069));
#11905=DIRECTION('',(1.,0.,0.));
#11906=DIRECTION('',(0.,0.,-1.));
#11907=DIRECTION('',(1.,0.,0.));
#11908=DIRECTION('',(0.,-1.,0.));
#11909=DIRECTION('',(1.,0.,0.));
#11910=DIRECTION('',(1.,0.,0.));
#11911=DIRECTION('',(0.,-1.,0.));
#11912=DIRECTION('',(0.,-1.0842021724855E-16,1.));
#11913=DIRECTION('',(0.,-1.,-1.0842021724855E-16));
#11914=DIRECTION('',(0.,-1.,-1.0842021724855E-16));
#11915=DIRECTION('',(0.,-1.,-1.0842021724855E-16));
#11916=DIRECTION('',(1.,0.,0.));
#11917=DIRECTION('',(1.,0.,0.));
#11918=DIRECTION('',(0.,0.,-1.));
#11919=DIRECTION('',(1.,0.,0.));
#11920=DIRECTION('',(0.,1.,0.));
#11921=DIRECTION('',(1.,0.,0.));
#11922=DIRECTION('',(0.,1.,0.));
#11923=DIRECTION('',(1.,0.,0.));
#11924=DIRECTION('',(0.,-0.965925826289068,0.25881904510252));
#11925=DIRECTION('',(0.,-0.25881904510252,-0.965925826289068));
#11926=DIRECTION('',(0.,-0.25881904510252,-0.965925826289068));
#11927=DIRECTION('',(0.,-0.25881904510252,-0.965925826289068));
#11928=DIRECTION('',(1.,0.,0.));
#11929=DIRECTION('',(1.,0.,0.));
#11930=DIRECTION('',(0.,0.,-1.));
#11931=DIRECTION('',(-1.,0.,0.));
#11932=DIRECTION('',(0.,1.,0.));
#11933=DIRECTION('',(-1.,0.,0.));
#11934=DIRECTION('',(0.,1.,0.));
#11935=DIRECTION('',(1.,0.,0.));
#11936=DIRECTION('',(0.,0.,-1.));
#11937=DIRECTION('',(1.,0.,0.));
#11938=DIRECTION('',(0.,1.,0.));
#11939=DIRECTION('',(1.,0.,0.));
#11940=DIRECTION('',(0.,1.,0.));
#11941=DIRECTION('',(1.,0.,0.));
#11942=DIRECTION('',(0.,0.965925826289069,-0.258819045102517));
#11943=DIRECTION('',(0.,0.258819045102517,0.965925826289069));
#11944=DIRECTION('',(0.,0.258819045102517,0.965925826289069));
#11945=DIRECTION('',(0.,0.258819045102517,0.965925826289069));
#11946=DIRECTION('',(1.,0.,0.));
#11947=DIRECTION('',(1.,0.,0.));
#11948=DIRECTION('',(0.,0.,-1.));
#11949=DIRECTION('',(-1.,0.,0.));
#11950=DIRECTION('',(0.,1.,0.));
#11951=DIRECTION('',(-1.,0.,0.));
#11952=DIRECTION('',(0.,1.,0.));
#11953=DIRECTION('',(1.,0.,0.));
#11954=DIRECTION('',(0.,1.62630325872826E-16,-1.));
#11955=DIRECTION('',(0.,1.,1.62630325872826E-16));
#11956=DIRECTION('',(0.,1.,1.62630325872826E-16));
#11957=DIRECTION('',(0.,1.,1.62630325872826E-16));
#11958=DIRECTION('',(1.,0.,0.));
#11959=DIRECTION('',(0.,0.,-1.));
#11960=DIRECTION('',(1.,0.,0.));
#11961=DIRECTION('',(0.,0.,-1.));
#11962=DIRECTION('',(0.,-1.0842021724855E-16,1.));
#11963=DIRECTION('',(0.,-1.,-1.0842021724855E-16));
#11964=DIRECTION('',(0.,-1.,-1.0842021724855E-16));
#11965=DIRECTION('',(0.,-1.,-1.0842021724855E-16));
#11966=DIRECTION('',(1.,0.,0.));
#11967=DIRECTION('',(1.,0.,0.));
#11968=DIRECTION('',(0.,0.,-1.));
#11969=DIRECTION('',(1.,0.,0.));
#11970=DIRECTION('',(0.,1.,0.));
#11971=DIRECTION('',(1.,0.,0.));
#11972=DIRECTION('',(0.,1.,0.));
#11973=DIRECTION('',(1.,0.,0.));
#11974=DIRECTION('',(0.,-0.965925826289068,0.25881904510252));
#11975=DIRECTION('',(0.,-0.25881904510252,-0.965925826289068));
#11976=DIRECTION('',(0.,-0.25881904510252,-0.965925826289068));
#11977=DIRECTION('',(0.,-0.25881904510252,-0.965925826289068));
#11978=DIRECTION('',(1.,0.,0.));
#11979=DIRECTION('',(1.,0.,0.));
#11980=DIRECTION('',(0.,0.,-1.));
#11981=DIRECTION('',(-1.,0.,0.));
#11982=DIRECTION('',(0.,1.,0.));
#11983=DIRECTION('',(-1.,0.,0.));
#11984=DIRECTION('',(0.,1.,0.));
#11985=DIRECTION('',(1.,0.,0.));
#11986=DIRECTION('',(0.,0.,-1.));
#11987=DIRECTION('',(1.,0.,0.));
#11988=DIRECTION('',(0.,1.,0.));
#11989=DIRECTION('',(1.,0.,0.));
#11990=DIRECTION('',(0.,1.,0.));
#11991=DIRECTION('',(1.,0.,0.));
#11992=DIRECTION('',(0.,0.965925826289069,-0.258819045102517));
#11993=DIRECTION('',(0.,0.258819045102517,0.965925826289069));
#11994=DIRECTION('',(0.,0.258819045102517,0.965925826289069));
#11995=DIRECTION('',(0.,0.258819045102517,0.965925826289069));
#11996=DIRECTION('',(1.,0.,0.));
#11997=DIRECTION('',(1.,0.,0.));
#11998=DIRECTION('',(0.,0.,-1.));
#11999=DIRECTION('',(-1.,0.,0.));
#12000=DIRECTION('',(0.,1.,0.));
#12001=DIRECTION('',(-1.,0.,0.));
#12002=DIRECTION('',(0.,1.,0.));
#12003=DIRECTION('',(1.,0.,0.));
#12004=DIRECTION('',(0.,1.62630325872826E-16,-1.));
#12005=DIRECTION('',(0.,1.,1.62630325872826E-16));
#12006=DIRECTION('',(0.,1.,1.62630325872826E-16));
#12007=DIRECTION('',(0.,1.,1.62630325872826E-16));
#12008=DIRECTION('',(1.,0.,0.));
#12009=DIRECTION('',(0.,0.,-1.));
#12010=DIRECTION('',(1.,0.,0.));
#12011=DIRECTION('',(0.,0.,-1.));
#12012=DIRECTION('',(0.,-1.0842021724855E-16,1.));
#12013=DIRECTION('',(0.,-1.,-1.0842021724855E-16));
#12014=DIRECTION('',(0.,-1.,-1.0842021724855E-16));
#12015=DIRECTION('',(0.,-1.,-1.0842021724855E-16));
#12016=DIRECTION('',(1.,0.,0.));
#12017=DIRECTION('',(1.,0.,0.));
#12018=DIRECTION('',(0.,0.,-1.));
#12019=DIRECTION('',(1.,0.,0.));
#12020=DIRECTION('',(0.,1.,0.));
#12021=DIRECTION('',(1.,0.,0.));
#12022=DIRECTION('',(0.,1.,0.));
#12023=DIRECTION('',(1.,0.,0.));
#12024=DIRECTION('',(0.,-0.965925826289068,0.25881904510252));
#12025=DIRECTION('',(0.,-0.25881904510252,-0.965925826289068));
#12026=DIRECTION('',(0.,-0.25881904510252,-0.965925826289068));
#12027=DIRECTION('',(0.,-0.25881904510252,-0.965925826289068));
#12028=DIRECTION('',(1.,0.,0.));
#12029=DIRECTION('',(1.,0.,0.));
#12030=DIRECTION('',(0.,0.,-1.));
#12031=DIRECTION('',(-1.,0.,0.));
#12032=DIRECTION('',(0.,1.,0.));
#12033=DIRECTION('',(-1.,0.,0.));
#12034=DIRECTION('',(0.,1.,0.));
#12035=DIRECTION('',(1.,0.,0.));
#12036=DIRECTION('',(0.,0.,-1.));
#12037=DIRECTION('',(1.,0.,0.));
#12038=DIRECTION('',(0.,1.,0.));
#12039=DIRECTION('',(1.,0.,0.));
#12040=DIRECTION('',(0.,1.,0.));
#12041=DIRECTION('',(1.,0.,0.));
#12042=DIRECTION('',(0.,0.965925826289069,-0.258819045102517));
#12043=DIRECTION('',(0.,0.258819045102517,0.965925826289069));
#12044=DIRECTION('',(0.,0.258819045102517,0.965925826289069));
#12045=DIRECTION('',(0.,0.258819045102517,0.965925826289069));
#12046=DIRECTION('',(1.,0.,0.));
#12047=DIRECTION('',(1.,0.,0.));
#12048=DIRECTION('',(0.,0.,-1.));
#12049=DIRECTION('',(-1.,0.,0.));
#12050=DIRECTION('',(0.,1.,0.));
#12051=DIRECTION('',(-1.,0.,0.));
#12052=DIRECTION('',(0.,1.,0.));
#12053=DIRECTION('',(1.,0.,0.));
#12054=DIRECTION('',(0.,1.62630325872826E-16,-1.));
#12055=DIRECTION('',(0.,1.,1.62630325872826E-16));
#12056=DIRECTION('',(0.,1.,1.62630325872826E-16));
#12057=DIRECTION('',(0.,1.,1.62630325872826E-16));
#12058=DIRECTION('',(1.,0.,0.));
#12059=DIRECTION('',(0.,0.,-1.));
#12060=DIRECTION('',(1.,0.,0.));
#12061=DIRECTION('',(0.,0.,-1.));
#12062=DIRECTION('',(1.,0.,0.));
#12063=DIRECTION('',(0.,0.,-1.));
#12064=DIRECTION('',(-1.,0.,0.));
#12065=DIRECTION('',(0.,-1.,0.));
#12066=DIRECTION('',(1.,0.,0.));
#12067=DIRECTION('',(-1.,0.,0.));
#12068=DIRECTION('',(0.,-1.,0.));
#12069=DIRECTION('',(1.,0.,0.));
#12070=DIRECTION('',(0.,0.965925826289069,0.258819045102517));
#12071=DIRECTION('',(0.,0.258819045102517,-0.96592582628907));
#12072=DIRECTION('',(0.,0.258819045102517,-0.965925826289069));
#12073=DIRECTION('',(1.,0.,0.));
#12074=DIRECTION('',(0.,0.258819045102517,-0.965925826289069));
#12075=DIRECTION('',(1.,0.,0.));
#12076=DIRECTION('',(0.,0.,-1.));
#12077=DIRECTION('',(1.,0.,0.));
#12078=DIRECTION('',(0.,-1.,0.));
#12079=DIRECTION('',(1.,0.,0.));
#12080=DIRECTION('',(0.,-1.,0.));
#12081=DIRECTION('',(1.,0.,0.));
#12082=DIRECTION('',(0.,0.,-1.));
#12083=DIRECTION('',(-1.,0.,0.));
#12084=DIRECTION('',(0.,-1.,0.));
#12085=DIRECTION('',(1.,0.,0.));
#12086=DIRECTION('',(-1.,0.,0.));
#12087=DIRECTION('',(0.,-1.,0.));
#12088=DIRECTION('',(0.,-0.965925826289069,-0.258819045102518));
#12089=DIRECTION('',(0.,-0.258819045102518,0.965925826289069));
#12090=DIRECTION('',(0.,-0.258819045102518,0.965925826289069));
#12091=DIRECTION('',(1.,0.,0.));
#12092=DIRECTION('',(0.,-0.258819045102518,0.965925826289069));
#12093=DIRECTION('',(1.,0.,0.));
#12094=DIRECTION('',(0.,0.,-1.));
#12095=DIRECTION('',(1.,0.,0.));
#12096=DIRECTION('',(0.,-1.,0.));
#12097=DIRECTION('',(1.,0.,0.));
#12098=DIRECTION('',(1.,0.,0.));
#12099=DIRECTION('',(0.,-1.,0.));
#12100=DIRECTION('',(1.,0.,0.));
#12101=DIRECTION('',(0.,0.,-1.));
#12102=DIRECTION('',(-1.,0.,0.));
#12103=DIRECTION('',(0.,-1.,0.));
#12104=DIRECTION('',(1.,0.,0.));
#12105=DIRECTION('',(-1.,0.,0.));
#12106=DIRECTION('',(0.,-1.,0.));
#12107=DIRECTION('',(1.,0.,0.));
#12108=DIRECTION('',(0.,0.965925826289069,0.258819045102517));
#12109=DIRECTION('',(0.,0.258819045102517,-0.96592582628907));
#12110=DIRECTION('',(0.,0.258819045102517,-0.965925826289069));
#12111=DIRECTION('',(1.,0.,0.));
#12112=DIRECTION('',(0.,0.258819045102517,-0.965925826289069));
#12113=DIRECTION('',(1.,0.,0.));
#12114=DIRECTION('',(0.,0.,-1.));
#12115=DIRECTION('',(1.,0.,0.));
#12116=DIRECTION('',(0.,-1.,0.));
#12117=DIRECTION('',(1.,0.,0.));
#12118=DIRECTION('',(0.,-1.,0.));
#12119=DIRECTION('',(1.,0.,0.));
#12120=DIRECTION('',(0.,0.,-1.));
#12121=DIRECTION('',(-1.,0.,0.));
#12122=DIRECTION('',(0.,-1.,0.));
#12123=DIRECTION('',(1.,0.,0.));
#12124=DIRECTION('',(-1.,0.,0.));
#12125=DIRECTION('',(0.,-1.,0.));
#12126=DIRECTION('',(0.,-0.965925826289069,-0.258819045102518));
#12127=DIRECTION('',(0.,-0.258819045102518,0.965925826289069));
#12128=DIRECTION('',(0.,-0.258819045102518,0.965925826289069));
#12129=DIRECTION('',(1.,0.,0.));
#12130=DIRECTION('',(0.,-0.258819045102518,0.965925826289069));
#12131=DIRECTION('',(1.,0.,0.));
#12132=DIRECTION('',(0.,0.,-1.));
#12133=DIRECTION('',(1.,0.,0.));
#12134=DIRECTION('',(0.,-1.,0.));
#12135=DIRECTION('',(1.,0.,0.));
#12136=DIRECTION('',(1.,0.,0.));
#12137=DIRECTION('',(0.,-1.,0.));
#12138=DIRECTION('',(1.,0.,0.));
#12139=DIRECTION('',(0.,0.,-1.));
#12140=DIRECTION('',(-1.,0.,0.));
#12141=DIRECTION('',(0.,-1.,0.));
#12142=DIRECTION('',(1.,0.,0.));
#12143=DIRECTION('',(-1.,0.,0.));
#12144=DIRECTION('',(0.,-1.,0.));
#12145=DIRECTION('',(1.,0.,0.));
#12146=DIRECTION('',(0.,0.965925826289069,0.258819045102517));
#12147=DIRECTION('',(0.,0.258819045102517,-0.96592582628907));
#12148=DIRECTION('',(0.,0.258819045102517,-0.965925826289069));
#12149=DIRECTION('',(1.,0.,0.));
#12150=DIRECTION('',(0.,0.258819045102517,-0.965925826289069));
#12151=DIRECTION('',(1.,0.,0.));
#12152=DIRECTION('',(0.,0.,-1.));
#12153=DIRECTION('',(1.,0.,0.));
#12154=DIRECTION('',(0.,-1.,0.));
#12155=DIRECTION('',(1.,0.,0.));
#12156=DIRECTION('',(0.,-1.,0.));
#12157=DIRECTION('',(1.,0.,0.));
#12158=DIRECTION('',(0.,0.,-1.));
#12159=DIRECTION('',(-1.,0.,0.));
#12160=DIRECTION('',(0.,-1.,0.));
#12161=DIRECTION('',(1.,0.,0.));
#12162=DIRECTION('',(-1.,0.,0.));
#12163=DIRECTION('',(0.,-1.,0.));
#12164=DIRECTION('',(0.,-0.965925826289069,-0.258819045102518));
#12165=DIRECTION('',(0.,-0.258819045102518,0.965925826289069));
#12166=DIRECTION('',(0.,-0.258819045102518,0.965925826289069));
#12167=DIRECTION('',(1.,0.,0.));
#12168=DIRECTION('',(0.,-0.258819045102518,0.965925826289069));
#12169=DIRECTION('',(1.,0.,0.));
#12170=DIRECTION('',(0.,0.,-1.));
#12171=DIRECTION('',(1.,0.,0.));
#12172=DIRECTION('',(0.,-1.,0.));
#12173=DIRECTION('',(1.,0.,0.));
#12174=DIRECTION('',(1.,0.,0.));
#12175=DIRECTION('',(0.,-1.,0.));
#12176=DIRECTION('',(1.,0.,0.));
#12177=DIRECTION('',(0.,0.,-1.));
#12178=DIRECTION('',(-1.,0.,0.));
#12179=DIRECTION('',(0.,-1.,0.));
#12180=DIRECTION('',(1.,0.,0.));
#12181=DIRECTION('',(-1.,0.,0.));
#12182=DIRECTION('',(0.,-1.,0.));
#12183=DIRECTION('',(1.,0.,0.));
#12184=DIRECTION('',(0.,0.965925826289069,0.258819045102517));
#12185=DIRECTION('',(0.,0.258819045102517,-0.96592582628907));
#12186=DIRECTION('',(0.,0.258819045102517,-0.965925826289069));
#12187=DIRECTION('',(1.,0.,0.));
#12188=DIRECTION('',(0.,0.258819045102517,-0.965925826289069));
#12189=DIRECTION('',(1.,0.,0.));
#12190=DIRECTION('',(0.,0.,-1.));
#12191=DIRECTION('',(1.,0.,0.));
#12192=DIRECTION('',(0.,-1.,0.));
#12193=DIRECTION('',(1.,0.,0.));
#12194=DIRECTION('',(0.,-1.,0.));
#12195=DIRECTION('',(1.,0.,0.));
#12196=DIRECTION('',(0.,0.,-1.));
#12197=DIRECTION('',(-1.,0.,0.));
#12198=DIRECTION('',(0.,-1.,0.));
#12199=DIRECTION('',(1.,0.,0.));
#12200=DIRECTION('',(-1.,0.,0.));
#12201=DIRECTION('',(0.,-1.,0.));
#12202=DIRECTION('',(0.,-0.965925826289069,-0.258819045102518));
#12203=DIRECTION('',(0.,-0.258819045102518,0.965925826289069));
#12204=DIRECTION('',(0.,-0.258819045102518,0.965925826289069));
#12205=DIRECTION('',(1.,0.,0.));
#12206=DIRECTION('',(0.,-0.258819045102518,0.965925826289069));
#12207=DIRECTION('',(1.,0.,0.));
#12208=DIRECTION('',(0.,0.,-1.));
#12209=DIRECTION('',(1.,0.,0.));
#12210=DIRECTION('',(0.,-1.,0.));
#12211=DIRECTION('',(1.,0.,0.));
#12212=DIRECTION('',(1.,0.,0.));
#12213=DIRECTION('',(0.,-1.,0.));
#12214=DIRECTION('',(0.,-1.54886024640786E-16,1.));
#12215=DIRECTION('',(0.,-1.,-1.54886024640786E-16));
#12216=DIRECTION('',(0.,-1.,-1.54886024640786E-16));
#12217=DIRECTION('',(0.,-1.,-1.54886024640786E-16));
#12218=DIRECTION('',(1.,0.,0.));
#12219=DIRECTION('',(1.,0.,0.));
#12220=DIRECTION('',(0.,0.,-1.));
#12221=DIRECTION('',(1.,0.,0.));
#12222=DIRECTION('',(0.,1.,0.));
#12223=DIRECTION('',(1.,0.,0.));
#12224=DIRECTION('',(0.,1.,0.));
#12225=DIRECTION('',(1.,0.,0.));
#12226=DIRECTION('',(0.,-0.965925826289069,0.258819045102517));
#12227=DIRECTION('',(0.,-0.258819045102517,-0.96592582628907));
#12228=DIRECTION('',(0.,-0.258819045102517,-0.965925826289069));
#12229=DIRECTION('',(0.,-0.258819045102517,-0.965925826289069));
#12230=DIRECTION('',(1.,0.,0.));
#12231=DIRECTION('',(1.,0.,0.));
#12232=DIRECTION('',(0.,0.,-1.));
#12233=DIRECTION('',(-1.,0.,0.));
#12234=DIRECTION('',(0.,1.,0.));
#12235=DIRECTION('',(-1.,0.,0.));
#12236=DIRECTION('',(0.,1.,0.));
#12237=DIRECTION('',(1.,0.,0.));
#12238=DIRECTION('',(0.,0.,-1.));
#12239=DIRECTION('',(1.,0.,0.));
#12240=DIRECTION('',(0.,1.,0.));
#12241=DIRECTION('',(1.,0.,0.));
#12242=DIRECTION('',(0.,1.,0.));
#12243=DIRECTION('',(1.,0.,0.));
#12244=DIRECTION('',(0.,0.965925826289069,-0.258819045102518));
#12245=DIRECTION('',(0.,0.258819045102518,0.965925826289069));
#12246=DIRECTION('',(0.,0.258819045102518,0.965925826289069));
#12247=DIRECTION('',(0.,0.258819045102518,0.965925826289069));
#12248=DIRECTION('',(1.,0.,0.));
#12249=DIRECTION('',(1.,0.,0.));
#12250=DIRECTION('',(0.,0.,-1.));
#12251=DIRECTION('',(-1.,0.,0.));
#12252=DIRECTION('',(0.,1.,0.));
#12253=DIRECTION('',(-1.,0.,0.));
#12254=DIRECTION('',(0.,1.,0.));
#12255=DIRECTION('',(1.,0.,0.));
#12256=DIRECTION('',(0.,3.87215061601966E-17,-1.));
#12257=DIRECTION('',(0.,1.,3.87215061601966E-17));
#12258=DIRECTION('',(0.,1.,3.87215061601966E-17));
#12259=DIRECTION('',(0.,1.,3.87215061601966E-17));
#12260=DIRECTION('',(1.,0.,0.));
#12261=DIRECTION('',(0.,0.,-1.));
#12262=DIRECTION('',(1.,0.,0.));
#12263=DIRECTION('',(0.,0.,-1.));
#12264=DIRECTION('',(0.,-1.54886024640786E-16,1.));
#12265=DIRECTION('',(0.,-1.,-1.54886024640786E-16));
#12266=DIRECTION('',(0.,-1.,-1.54886024640786E-16));
#12267=DIRECTION('',(0.,-1.,-1.54886024640786E-16));
#12268=DIRECTION('',(1.,0.,0.));
#12269=DIRECTION('',(1.,0.,0.));
#12270=DIRECTION('',(0.,0.,-1.));
#12271=DIRECTION('',(1.,0.,0.));
#12272=DIRECTION('',(0.,1.,0.));
#12273=DIRECTION('',(1.,0.,0.));
#12274=DIRECTION('',(0.,1.,0.));
#12275=DIRECTION('',(1.,0.,0.));
#12276=DIRECTION('',(0.,-0.965925826289069,0.258819045102517));
#12277=DIRECTION('',(0.,-0.258819045102517,-0.96592582628907));
#12278=DIRECTION('',(0.,-0.258819045102517,-0.965925826289069));
#12279=DIRECTION('',(0.,-0.258819045102517,-0.965925826289069));
#12280=DIRECTION('',(1.,0.,0.));
#12281=DIRECTION('',(1.,0.,0.));
#12282=DIRECTION('',(0.,0.,-1.));
#12283=DIRECTION('',(-1.,0.,0.));
#12284=DIRECTION('',(0.,1.,0.));
#12285=DIRECTION('',(-1.,0.,0.));
#12286=DIRECTION('',(0.,1.,0.));
#12287=DIRECTION('',(1.,0.,0.));
#12288=DIRECTION('',(0.,0.,-1.));
#12289=DIRECTION('',(1.,0.,0.));
#12290=DIRECTION('',(0.,1.,0.));
#12291=DIRECTION('',(1.,0.,0.));
#12292=DIRECTION('',(0.,1.,0.));
#12293=DIRECTION('',(1.,0.,0.));
#12294=DIRECTION('',(0.,0.965925826289069,-0.258819045102518));
#12295=DIRECTION('',(0.,0.258819045102518,0.965925826289069));
#12296=DIRECTION('',(0.,0.258819045102518,0.965925826289069));
#12297=DIRECTION('',(0.,0.258819045102518,0.965925826289069));
#12298=DIRECTION('',(1.,0.,0.));
#12299=DIRECTION('',(1.,0.,0.));
#12300=DIRECTION('',(0.,0.,-1.));
#12301=DIRECTION('',(-1.,0.,0.));
#12302=DIRECTION('',(0.,1.,0.));
#12303=DIRECTION('',(-1.,0.,0.));
#12304=DIRECTION('',(0.,1.,0.));
#12305=DIRECTION('',(1.,0.,0.));
#12306=DIRECTION('',(0.,3.87215061601966E-17,-1.));
#12307=DIRECTION('',(0.,1.,3.87215061601966E-17));
#12308=DIRECTION('',(0.,1.,3.87215061601966E-17));
#12309=DIRECTION('',(0.,1.,3.87215061601966E-17));
#12310=DIRECTION('',(1.,0.,0.));
#12311=DIRECTION('',(0.,0.,-1.));
#12312=DIRECTION('',(1.,0.,0.));
#12313=DIRECTION('',(0.,0.,-1.));
#12314=DIRECTION('',(0.,-1.54886024640786E-16,1.));
#12315=DIRECTION('',(0.,-1.,-1.54886024640786E-16));
#12316=DIRECTION('',(0.,-1.,-1.54886024640786E-16));
#12317=DIRECTION('',(0.,-1.,-1.54886024640786E-16));
#12318=DIRECTION('',(1.,0.,0.));
#12319=DIRECTION('',(1.,0.,0.));
#12320=DIRECTION('',(0.,0.,-1.));
#12321=DIRECTION('',(1.,0.,0.));
#12322=DIRECTION('',(0.,1.,0.));
#12323=DIRECTION('',(1.,0.,0.));
#12324=DIRECTION('',(0.,1.,0.));
#12325=DIRECTION('',(1.,0.,0.));
#12326=DIRECTION('',(0.,-0.965925826289069,0.258819045102517));
#12327=DIRECTION('',(0.,-0.258819045102517,-0.96592582628907));
#12328=DIRECTION('',(0.,-0.258819045102517,-0.965925826289069));
#12329=DIRECTION('',(0.,-0.258819045102517,-0.965925826289069));
#12330=DIRECTION('',(1.,0.,0.));
#12331=DIRECTION('',(1.,0.,0.));
#12332=DIRECTION('',(0.,0.,-1.));
#12333=DIRECTION('',(-1.,0.,0.));
#12334=DIRECTION('',(0.,1.,0.));
#12335=DIRECTION('',(-1.,0.,0.));
#12336=DIRECTION('',(0.,1.,0.));
#12337=DIRECTION('',(1.,0.,0.));
#12338=DIRECTION('',(0.,0.,-1.));
#12339=DIRECTION('',(1.,0.,0.));
#12340=DIRECTION('',(0.,1.,0.));
#12341=DIRECTION('',(1.,0.,0.));
#12342=DIRECTION('',(0.,1.,0.));
#12343=DIRECTION('',(1.,0.,0.));
#12344=DIRECTION('',(0.,0.965925826289069,-0.258819045102518));
#12345=DIRECTION('',(0.,0.258819045102518,0.965925826289069));
#12346=DIRECTION('',(0.,0.258819045102518,0.965925826289069));
#12347=DIRECTION('',(0.,0.258819045102518,0.965925826289069));
#12348=DIRECTION('',(1.,0.,0.));
#12349=DIRECTION('',(1.,0.,0.));
#12350=DIRECTION('',(0.,0.,-1.));
#12351=DIRECTION('',(-1.,0.,0.));
#12352=DIRECTION('',(0.,1.,0.));
#12353=DIRECTION('',(-1.,0.,0.));
#12354=DIRECTION('',(0.,1.,0.));
#12355=DIRECTION('',(1.,0.,0.));
#12356=DIRECTION('',(0.,3.87215061601966E-17,-1.));
#12357=DIRECTION('',(0.,1.,3.87215061601966E-17));
#12358=DIRECTION('',(0.,1.,3.87215061601966E-17));
#12359=DIRECTION('',(0.,1.,3.87215061601966E-17));
#12360=DIRECTION('',(1.,0.,0.));
#12361=DIRECTION('',(0.,0.,-1.));
#12362=DIRECTION('',(1.,0.,0.));
#12363=DIRECTION('',(0.,0.,-1.));
#12364=DIRECTION('',(1.,0.,0.));
#12365=DIRECTION('',(0.,0.,1.));
#12366=DIRECTION('',(0.,1.,0.));
#12367=DIRECTION('',(0.,0.,-1.));
#12368=DIRECTION('',(0.,1.,0.));
#12369=DIRECTION('',(0.,0.,-1.));
#12370=DIRECTION('',(0.,-1.,0.));
#12371=DIRECTION('',(0.,0.,1.));
#12372=DIRECTION('',(1.,0.,0.));
#12373=DIRECTION('',(0.,0.,-1.));
#12374=DIRECTION('',(1.,0.,0.));
#12375=DIRECTION('',(0.,0.,-1.));
#12376=DIRECTION('',(1.,0.,0.));
#12377=DIRECTION('',(0.,0.,-1.));
#12378=DIRECTION('',(-1.,0.,0.));
#12379=DIRECTION('',(0.,-1.,0.));
#12380=DIRECTION('',(-1.,0.,0.));
#12381=DIRECTION('',(0.,1.,0.));
#12382=DIRECTION('',(0.,0.,-1.));
#12383=DIRECTION('',(-1.,0.,0.));
#12384=DIRECTION('',(0.,0.,-1.));
#12385=DIRECTION('',(-1.,0.,0.));
#12386=DIRECTION('',(0.,0.,-1.));
#12387=DIRECTION('',(0.,-1.,0.));
#12388=DIRECTION('',(2.04888599524821E-15,-1.,0.));
#12389=DIRECTION('',(1.,2.04888599524821E-15,0.));
#12390=DIRECTION('',(1.,2.04888599524821E-15,0.));
#12391=DIRECTION('',(0.,0.,-1.));
#12392=DIRECTION('',(1.,2.04888599524821E-15,0.));
#12393=DIRECTION('',(0.,0.,-1.));
#12394=DIRECTION('',(1.,2.04888599524821E-15,0.));
#12395=DIRECTION('',(-2.04888599524821E-15,1.,0.));
#12396=DIRECTION('',(-2.04888599524821E-15,1.,0.));
#12397=DIRECTION('',(-2.04888599524821E-15,1.,0.));
#12398=DIRECTION('',(0.,0.,-1.));
#12399=DIRECTION('',(0.,1.,0.));
#12400=DIRECTION('',(0.,0.,-1.));
#12401=DIRECTION('',(-1.,0.,0.));
#12402=DIRECTION('',(-1.,0.,0.));
#12403=DIRECTION('',(0.,0.,-1.));
#12404=DIRECTION('',(0.,0.,1.));
#12405=DIRECTION('',(-1.,0.,0.));
#12406=DIRECTION('',(0.,0.,1.));
#12407=DIRECTION('',(1.,0.,0.));
#12408=DIRECTION('',(6.82961998416069E-16,-1.,0.));
#12409=DIRECTION('',(6.82961998416069E-16,-1.,0.));
#12410=DIRECTION('',(-1.,-6.82961998416069E-16,0.));
#12411=DIRECTION('',(6.82961998416069E-16,-1.,0.));
#12412=DIRECTION('',(0.,0.,-1.));
#12413=DIRECTION('',(6.82961998416069E-16,-1.,0.));
#12414=DIRECTION('',(0.,0.,1.));
#12415=DIRECTION('',(-1.,0.,0.));
#12416=DIRECTION('',(0.,0.,1.));
#12417=DIRECTION('',(1.,0.,0.));
#12418=DIRECTION('',(6.8296199841607E-16,-1.,0.));
#12419=DIRECTION('',(6.8296199841607E-16,-1.,0.));
#12420=DIRECTION('',(-1.,-6.8296199841607E-16,0.));
#12421=DIRECTION('',(-6.8296199841607E-16,1.,0.));
#12422=DIRECTION('',(1.,0.,0.));
#12423=DIRECTION('',(-1.,-6.8296199841607E-16,0.));
#12424=DIRECTION('',(6.8296199841607E-16,-1.,0.));
#12425=DIRECTION('',(6.8296199841607E-16,-1.,0.));
#12426=DIRECTION('',(0.,0.,-1.));
#12427=DIRECTION('',(0.,0.,-1.));
#12428=DIRECTION('',(-6.8296199841607E-16,1.,0.));
#12429=DIRECTION('',(-1.,-6.8296199841607E-16,0.));
#12430=DIRECTION('',(-1.,-6.8296199841607E-16,0.));
#12431=DIRECTION('',(0.,0.,-1.));
#12432=DIRECTION('',(0.,0.,-1.));
#12433=DIRECTION('',(1.,6.82961998416069E-16,0.));
#12434=DIRECTION('',(-6.8296199841607E-16,1.,0.));
#12435=DIRECTION('',(-6.8296199841607E-16,1.,0.));
#12436=DIRECTION('',(0.,0.,-1.));
#12437=DIRECTION('',(0.,-1.,0.));
#12438=DIRECTION('',(0.,0.,1.));
#12439=DIRECTION('',(1.,0.,0.));
#12440=DIRECTION('',(-2.04888599524821E-15,1.,0.));
#12441=DIRECTION('',(-1.,-2.04888599524821E-15,0.));
#12442=DIRECTION('',(-1.,-2.04888599524821E-15,0.));
#12443=DIRECTION('',(0.,0.,-1.));
#12444=DIRECTION('',(-1.,-2.04888599524821E-15,0.));
#12445=DIRECTION('',(0.,0.,-1.));
#12446=DIRECTION('',(1.,6.82961998416068E-16,0.));
#12447=DIRECTION('',(-6.82961998416068E-16,1.,0.));
#12448=DIRECTION('',(-6.82961998416068E-16,1.,0.));
#12449=DIRECTION('',(0.,0.,-1.));
#12450=DIRECTION('',(-6.82961998416068E-16,1.,0.));
#12451=DIRECTION('',(0.,0.,-1.));
#12452=DIRECTION('',(1.,0.,0.));
#12453=DIRECTION('',(0.,0.,-1.));
#12454=DIRECTION('',(-1.,0.,0.));
#12455=DIRECTION('',(6.82961998416069E-16,-1.,0.));
#12456=DIRECTION('',(1.,1.02444299762411E-15,0.));
#12457=DIRECTION('',(-1.,-6.82961998416069E-16,0.));
#12458=DIRECTION('',(6.82961998416069E-16,-1.,0.));
#12459=DIRECTION('',(6.82961998416069E-16,-1.,0.));
#12460=DIRECTION('',(0.,0.,-1.));
#12461=DIRECTION('',(1.02444299762411E-15,-1.,0.));
#12462=DIRECTION('',(1.,1.02444299762411E-15,0.));
#12463=DIRECTION('',(1.,1.02444299762411E-15,0.));
#12464=DIRECTION('',(1.,2.04888599524821E-15,0.));
#12465=DIRECTION('',(-2.04888599524821E-15,1.,0.));
#12466=DIRECTION('',(-2.04888599524821E-15,1.,0.));
#12467=DIRECTION('',(0.,0.,-1.));
#12468=DIRECTION('',(-2.04888599524821E-15,1.,0.));
#12469=DIRECTION('',(0.,0.,-1.));
#12470=DIRECTION('',(-6.8296199841607E-16,-1.,0.));
#12471=DIRECTION('',(1.,-6.8296199841607E-16,0.));
#12472=DIRECTION('',(1.,-6.8296199841607E-16,0.));
#12473=DIRECTION('',(0.,0.,-1.));
#12474=DIRECTION('',(1.,-6.8296199841607E-16,0.));
#12475=DIRECTION('',(0.,0.,-1.));
#12476=DIRECTION('',(1.,0.,0.));
#12477=DIRECTION('',(0.,0.,-1.));
#12478=DIRECTION('',(-1.,0.,0.));
#12479=DIRECTION('',(1.36592399683214E-15,-1.,0.));
#12480=DIRECTION('',(-1.,-2.39036699445625E-15,0.));
#12481=DIRECTION('',(-2.39036699445625E-15,1.,0.));
#12482=DIRECTION('',(-1.,-2.39036699445625E-15,0.));
#12483=DIRECTION('',(-1.,-2.39036699445625E-15,0.));
#12484=DIRECTION('',(0.,0.,-1.));
#12485=DIRECTION('',(-1.,-1.36592399683214E-15,0.));
#12486=DIRECTION('',(1.36592399683214E-15,-1.,0.));
#12487=DIRECTION('',(1.36592399683214E-15,-1.,0.));
#12488=DIRECTION('',(1.,0.,0.));
#12489=DIRECTION('',(0.,0.,1.));
#12490=DIRECTION('',(0.,1.,0.));
#12491=DIRECTION('',(0.,0.,-1.));
#12492=DIRECTION('',(0.,1.,0.));
#12493=DIRECTION('',(0.,0.,-1.));
#12494=DIRECTION('',(1.70740499604018E-16,-1.,0.));
#12495=DIRECTION('',(1.,1.70740499604018E-16,0.));
#12496=DIRECTION('',(1.,1.70740499604018E-16,0.));
#12497=DIRECTION('',(0.,0.,-1.));
#12498=DIRECTION('',(1.,1.70740499604018E-16,0.));
#12499=DIRECTION('',(0.,0.,-1.));
#12500=DIRECTION('',(1.,0.,0.));
#12501=DIRECTION('',(0.,0.,-1.));
#12502=DIRECTION('',(-1.,0.,0.));
#12503=DIRECTION('',(1.36592399683214E-15,-1.,0.));
#12504=DIRECTION('',(-1.,0.,0.));
#12505=DIRECTION('',(0.,1.,0.));
#12506=DIRECTION('',(0.,0.,-1.));
#12507=DIRECTION('',(-1.,0.,0.));
#12508=DIRECTION('',(0.,0.,-1.));
#12509=DIRECTION('',(-1.,-1.36592399683214E-15,0.));
#12510=DIRECTION('',(1.36592399683214E-15,-1.,0.));
#12511=DIRECTION('',(1.36592399683214E-15,-1.,0.));
#12512=DIRECTION('',(1.,1.4954512723938E-16,0.));
#12513=DIRECTION('',(-1.4954512723938E-16,1.,0.));
#12514=DIRECTION('',(1.,1.4954512723938E-16,0.));
#12515=DIRECTION('',(1.,1.4954512723938E-16,0.));
#12516=DIRECTION('',(-1.,-1.4954512723938E-16,0.));
#12517=DIRECTION('',(1.4954512723938E-16,-1.,0.));
#12518=DIRECTION('',(-2.02671439796946E-32,1.35525271560688E-16,-1.));
#12519=DIRECTION('',(0.,1.,1.35525271560688E-16));
#12520=DIRECTION('',(1.,1.4954512723938E-16,0.));
#12521=DIRECTION('',(-1.4954512723938E-16,1.,1.35525271560688E-16));
#12522=DIRECTION('',(1.,1.4954512723938E-16,0.));
#12523=DIRECTION('',(-1.4954512723938E-16,1.,0.));
#12524=DIRECTION('',(1.,1.4954512723938E-16,0.));
#12525=DIRECTION('',(-1.,-1.4954512723938E-16,0.));
#12526=DIRECTION('',(-1.4954512723938E-16,1.,0.));
#12527=DIRECTION('',(0.,0.,1.));
#12528=DIRECTION('',(1.,0.,0.));
#12529=DIRECTION('',(0.,0.,-1.));
#12530=DIRECTION('',(0.707106781186547,1.05744373564371E-16,0.707106781186547));
#12531=DIRECTION('',(-0.707106781186547,-1.05744373564371E-16,0.707106781186547));
#12532=DIRECTION('',(1.4954512723938E-16,-1.,0.));
#12533=DIRECTION('',(1.,1.4954512723938E-16,0.));
#12534=DIRECTION('',(-1.,-1.4954512723938E-16,0.));
#12535=DIRECTION('',(0.,0.,-1.));
#12536=DIRECTION('',(-1.,-1.4954512723938E-16,0.));
#12537=DIRECTION('',(1.4954512723938E-16,-1.,0.));
#12538=DIRECTION('',(0.,0.,1.));
#12539=DIRECTION('',(-1.4954512723938E-16,1.,0.));
#12540=DIRECTION('',(-1.,-1.4954512723938E-16,0.));
#12541=DIRECTION('',(0.,0.,1.));
#12542=DIRECTION('',(-1.,-1.4954512723938E-16,0.));
#12543=DIRECTION('',(0.,0.,-1.));
#12544=DIRECTION('',(-1.,0.,0.));
#12545=DIRECTION('',(-0.707106781186547,-1.05744373564371E-16,-0.707106781186547));
#12546=DIRECTION('',(0.707106781186547,1.05744373564371E-16,-0.707106781186547));
#12547=DIRECTION('',(-2.04888599524821E-15,1.,0.));
#12548=DIRECTION('',(-1.,-2.04888599524821E-15,0.));
#12549=DIRECTION('',(0.,0.,1.));
#12550=DIRECTION('',(-1.,-2.04888599524821E-15,0.));
#12551=DIRECTION('',(0.,0.,1.));
#12552=DIRECTION('',(1.,6.82961998416068E-16,0.));
#12553=DIRECTION('',(-6.82961998416068E-16,1.,0.));
#12554=DIRECTION('',(-6.82961998416068E-16,1.,0.));
#12555=DIRECTION('',(0.,0.,1.));
#12556=DIRECTION('',(1.02444299762411E-15,-1.,0.));
#12557=DIRECTION('',(1.,1.02444299762411E-15,0.));
#12558=DIRECTION('',(1.,1.02444299762411E-15,0.));
#12559=DIRECTION('',(0.,0.,1.));
#12560=DIRECTION('',(-1.,-6.82961998416069E-16,0.));
#12561=DIRECTION('',(6.82961998416069E-16,-1.,0.));
#12562=DIRECTION('',(6.82961998416069E-16,-1.,0.));
#12563=DIRECTION('',(0.,0.,1.));
#12564=DIRECTION('',(1.,0.,0.));
#12565=DIRECTION('',(0.,0.,1.));
#12566=DIRECTION('',(1.,0.,0.));
#12567=DIRECTION('',(0.,0.,1.));
#12568=DIRECTION('',(1.,0.,0.));
#12569=DIRECTION('',(-2.39036699445625E-15,1.,0.));
#12570=DIRECTION('',(-1.,-2.39036699445625E-15,0.));
#12571=DIRECTION('',(0.,0.,1.));
#12572=DIRECTION('',(-1.,-2.39036699445625E-15,0.));
#12573=DIRECTION('',(0.,0.,1.));
#12574=DIRECTION('',(1.,2.04888599524821E-15,0.));
#12575=DIRECTION('',(-2.04888599524821E-15,1.,0.));
#12576=DIRECTION('',(-2.04888599524821E-15,1.,0.));
#12577=DIRECTION('',(0.,0.,1.));
#12578=DIRECTION('',(-6.8296199841607E-16,-1.,0.));
#12579=DIRECTION('',(1.,-6.8296199841607E-16,0.));
#12580=DIRECTION('',(1.,-6.8296199841607E-16,0.));
#12581=DIRECTION('',(0.,0.,1.));
#12582=DIRECTION('',(-1.,-1.36592399683214E-15,0.));
#12583=DIRECTION('',(1.36592399683214E-15,-1.,0.));
#12584=DIRECTION('',(1.36592399683214E-15,-1.,0.));
#12585=DIRECTION('',(0.,0.,1.));
#12586=DIRECTION('',(1.,0.,0.));
#12587=DIRECTION('',(0.,0.,1.));
#12588=DIRECTION('',(1.,0.,0.));
#12589=DIRECTION('',(0.,0.,1.));
#12590=DIRECTION('',(1.,0.,0.));
#12591=DIRECTION('',(0.,1.,0.));
#12592=DIRECTION('',(0.,0.,1.));
#12593=DIRECTION('',(0.,0.,1.));
#12594=DIRECTION('',(-1.,0.,0.));
#12595=DIRECTION('',(0.,0.,1.));
#12596=DIRECTION('',(1.,0.,0.));
#12597=DIRECTION('',(0.,0.,-1.));
#12598=DIRECTION('',(0.,1.,0.));
#12599=DIRECTION('',(0.,0.,1.));
#12600=DIRECTION('',(0.,-1.,0.));
#12601=DIRECTION('',(0.,0.,-1.));
#12602=DIRECTION('',(1.,0.,0.));
#12603=DIRECTION('',(0.,0.,1.));
#12604=DIRECTION('',(-1.,0.,0.));
#12605=DIRECTION('',(0.,0.,1.));
#12606=DIRECTION('',(0.,-1.,0.));
#12607=DIRECTION('',(0.,0.,1.));
#12608=DIRECTION('',(1.,0.,0.));
#12609=DIRECTION('',(0.,0.,1.));
#12610=DIRECTION('',(1.,0.,0.));
#12611=DIRECTION('',(0.,0.,1.));
#12612=DIRECTION('',(1.,0.,0.));
#12613=DIRECTION('',(0.,1.,0.));
#12614=DIRECTION('',(0.,0.,1.));
#12615=DIRECTION('',(0.,0.,1.));
#12616=DIRECTION('',(-1.,0.,0.));
#12617=DIRECTION('',(0.,0.,1.));
#12618=DIRECTION('',(1.,0.,0.));
#12619=DIRECTION('',(0.,0.,-1.));
#12620=DIRECTION('',(0.,1.,0.));
#12621=DIRECTION('',(0.,0.,1.));
#12622=DIRECTION('',(1.70740499604018E-16,-1.,0.));
#12623=DIRECTION('',(1.,1.70740499604018E-16,0.));
#12624=DIRECTION('',(1.,1.70740499604018E-16,0.));
#12625=DIRECTION('',(0.,0.,1.));
#12626=DIRECTION('',(-1.,-1.36592399683214E-15,0.));
#12627=DIRECTION('',(1.36592399683214E-15,-1.,0.));
#12628=DIRECTION('',(1.36592399683214E-15,-1.,0.));
#12629=DIRECTION('',(0.,0.,1.));
#12630=DIRECTION('',(1.,0.,0.));
#12631=DIRECTION('',(0.,0.,1.));
#12632=DIRECTION('',(1.,0.,0.));
#12633=DIRECTION('',(0.,0.,1.));
#12634=DIRECTION('',(1.,0.,0.));
#12635=DIRECTION('',(1.,6.82961998416069E-16,0.));
#12636=DIRECTION('',(-6.8296199841607E-16,1.,0.));
#12637=DIRECTION('',(0.,0.,1.));
#12638=DIRECTION('',(-6.8296199841607E-16,1.,0.));
#12639=DIRECTION('',(0.,0.,1.));
#12640=DIRECTION('',(0.,-1.,0.));
#12641=DIRECTION('',(0.,0.,-1.));
#12642=DIRECTION('',(1.,0.,0.));
#12643=DIRECTION('',(0.,0.,1.));
#12644=DIRECTION('',(0.,1.,0.));
#12645=DIRECTION('',(0.,0.,1.));
#12646=DIRECTION('',(0.,0.,1.));
#12647=DIRECTION('',(-1.,0.,0.));
#12648=DIRECTION('',(0.,0.,1.));
#12649=DIRECTION('',(1.,2.04888599524821E-15,0.));
#12650=DIRECTION('',(-2.04888599524821E-15,1.,0.));
#12651=DIRECTION('',(-2.04888599524821E-15,1.,0.));
#12652=DIRECTION('',(0.,0.,1.));
#12653=DIRECTION('',(-1.,-6.82961998416069E-16,0.));
#12654=DIRECTION('',(6.82961998416069E-16,-1.,0.));
#12655=DIRECTION('',(0.,0.,-1.));
#12656=DIRECTION('',(6.82961998416069E-16,-1.,0.));
#12657=DIRECTION('',(-1.,-6.8296199841607E-16,0.));
#12658=DIRECTION('',(6.8296199841607E-16,-1.,0.));
#12659=DIRECTION('',(6.8296199841607E-16,-1.,0.));
#12660=DIRECTION('',(0.,0.,-1.));
#12661=DIRECTION('',(0.,0.,-1.));
#12662=DIRECTION('',(-1.,0.,0.));
#12663=DIRECTION('',(6.82961998416069E-16,-1.,0.));
#12664=DIRECTION('',(1.,2.04888599524821E-15,0.));
#12665=DIRECTION('',(0.,0.,-1.));
#12666=DIRECTION('',(-1.,0.,0.));
#12667=DIRECTION('',(0.,0.,1.));
#12668=DIRECTION('',(1.,0.,0.));
#12669=DIRECTION('',(2.04888599524821E-15,-1.,0.));
#12670=DIRECTION('',(1.,2.04888599524821E-15,0.));
#12671=DIRECTION('',(0.,0.,1.));
#12672=DIRECTION('',(-1.,-1.4954512723938E-16,0.));
#12673=DIRECTION('',(1.4954512723938E-16,-1.,0.));
#12674=DIRECTION('',(-1.,-1.4954512723938E-16,0.));
#12675=DIRECTION('',(-1.4954512723938E-16,1.,0.));
#12676=DIRECTION('',(-1.,-1.4954512723938E-16,0.));
#12677=DIRECTION('',(5.06678599492365E-33,-3.3881317890172E-17,-1.));
#12678=DIRECTION('',(0.,1.,-3.3881317890172E-17));
#12679=DIRECTION('',(1.4954512723938E-16,-1.,3.3881317890172E-17));
#12680=DIRECTION('',(-1.,-1.4954512723938E-16,0.));
#12681=DIRECTION('',(-1.,-1.4954512723938E-16,0.));
#12682=DIRECTION('',(1.4954512723938E-16,-1.,0.));
#12683=DIRECTION('',(-1.,-1.4954512723938E-16,0.));
#12684=DIRECTION('',(1.4954512723938E-16,-1.,0.));
#12685=DIRECTION('',(-6.8296199841607E-16,1.,0.));
#12686=DIRECTION('',(-1.,-6.8296199841607E-16,0.));
#12687=DIRECTION('',(0.,0.,1.));
#12688=DIRECTION('',(-1.,-6.8296199841607E-16,0.));
#12689=DIRECTION('',(0.,0.,-1.));
#12690=DIRECTION('',(-1.,0.,0.));
#12691=DIRECTION('',(6.8296199841607E-16,-1.,0.));
#12692=DIRECTION('',(0.,0.,-1.));
#12693=DIRECTION('',(-1.,0.,0.));
#12694=DIRECTION('',(0.,0.,1.));
#12695=DIRECTION('',(1.,0.,0.));
#12696=DIRECTION('',(1.,1.4954512723938E-16,0.));
#12697=DIRECTION('',(-1.4954512723938E-16,1.,0.));
#12698=DIRECTION('',(1.4954512723938E-16,-1.,0.));
#12699=DIRECTION('',(0.,0.,-1.));
#12700=DIRECTION('',(0.,0.,-1.));
#12701=DIRECTION('',(0.707106781186546,-0.707106781186549,0.));
#12702=DIRECTION('',(0.707106781186549,0.707106781186546,0.));
#12703=DIRECTION('',(-0.707106781186549,-0.707106781186546,0.));
#12704=DIRECTION('',(0.,0.,-1.));
#12705=DIRECTION('',(1.,7.95081593156033E-15,0.));
#12706=DIRECTION('',(-7.95081593156033E-15,1.,0.));
#12707=DIRECTION('',(7.95081593156033E-15,-1.,0.));
#12708=DIRECTION('',(0.,0.,-1.));
#12709=DIRECTION('',(0.,1.,0.));
#12710=DIRECTION('',(0.,0.,1.));
#12711=DIRECTION('',(1.,0.,0.));
#12712=DIRECTION('',(0.,0.,-1.));
#12713=DIRECTION('',(-1.,0.,0.));
#12714=DIRECTION('',(0.,0.,1.));
#12715=DIRECTION('',(0.,1.,0.));
#12716=DIRECTION('',(0.,0.,-1.));
#12717=DIRECTION('',(0.,0.,-1.));
#12718=DIRECTION('',(-1.,0.,0.));
#12719=DIRECTION('',(0.,0.,1.));
#12720=DIRECTION('',(1.,0.,0.));
#12721=DIRECTION('',(0.,0.,-1.));
#12722=DIRECTION('',(-1.,0.,0.));
#12723=DIRECTION('',(0.,0.,1.));
#12724=DIRECTION('',(0.,1.,0.));
#12725=DIRECTION('',(0.,0.,-1.));
#12726=DIRECTION('',(0.,0.,-1.));
#12727=DIRECTION('',(-1.,0.,0.));
#12728=DIRECTION('',(0.,0.,1.));
#12729=DIRECTION('',(-1.,0.,0.));
#12730=DIRECTION('',(0.,0.,-1.));
#12731=DIRECTION('',(-1.,-1.36056743213867E-15,0.));
#12732=DIRECTION('',(1.36056743213867E-15,-1.,0.));
#12733=DIRECTION('',(-1.36056743213867E-15,1.,0.));
#12734=DIRECTION('',(0.,0.,-1.));
#12735=DIRECTION('',(1.23248559572064E-16,-1.,0.));
#12736=DIRECTION('',(1.,1.23248559572064E-16,0.));
#12737=DIRECTION('',(-1.,-1.23248559572064E-16,0.));
#12738=DIRECTION('',(0.,0.,-1.));
#12739=DIRECTION('',(1.,-4.33680868994203E-15,0.));
#12740=DIRECTION('',(4.33680868994203E-15,1.,0.));
#12741=DIRECTION('',(-4.33680868994203E-15,-1.,0.));
#12742=DIRECTION('',(0.,0.,-1.));
#12743=DIRECTION('',(0.707106781186546,0.707106781186549,0.));
#12744=DIRECTION('',(-0.707106781186549,0.707106781186546,0.));
#12745=DIRECTION('',(0.707106781186549,-0.707106781186546,0.));
#12746=DIRECTION('',(0.,0.,1.));
#12747=DIRECTION('',(1.,0.,0.));
#12748=DIRECTION('',(0.,0.,1.));
#12749=DIRECTION('',(1.,0.,0.));
#12750=DIRECTION('',(0.,-1.,0.));
#12751=DIRECTION('',(1.,0.,0.));
#12752=DIRECTION('',(0.,1.,0.));
#12753=DIRECTION('',(-1.,-1.44560289664734E-16,0.));
#12754=DIRECTION('',(1.,0.,0.));
#12755=DIRECTION('',(0.,0.,-1.));
#12756=DIRECTION('',(0.,0.,-1.));
#12757=DIRECTION('',(0.,0.,-1.));
#12758=DIRECTION('',(0.,1.,0.));
#12759=DIRECTION('',(0.,0.,1.));
#12760=DIRECTION('',(0.,0.,-1.));
#12761=DIRECTION('',(-1.,0.,0.));
#12762=DIRECTION('',(0.,0.,1.));
#12763=DIRECTION('',(0.,0.,-1.));
#12764=DIRECTION('',(1.44560289664734E-16,-1.,0.));
#12765=DIRECTION('',(1.,1.44560289664734E-16,0.));
#12766=DIRECTION('',(0.,0.,1.));
#12767=DIRECTION('',(1.,0.,0.));
#12768=DIRECTION('',(0.,-1.,0.));
#12769=DIRECTION('',(1.,0.,0.));
#12770=DIRECTION('',(0.,1.,0.));
#12771=DIRECTION('',(-1.,0.,0.));
#12772=DIRECTION('',(0.,1.,0.));
#12773=DIRECTION('',(0.,0.,1.));
#12774=DIRECTION('',(0.,0.,-1.));
#12775=DIRECTION('',(0.,0.,-1.));
#12776=DIRECTION('',(-1.,0.,0.));
#12777=DIRECTION('',(0.,0.,1.));
#12778=DIRECTION('',(0.,0.,-1.));
#12779=DIRECTION('',(0.,-1.,0.));
#12780=DIRECTION('',(0.,0.,-1.));
#12781=DIRECTION('',(0.,0.,-1.));
#12782=DIRECTION('',(1.,0.,0.));
#12783=DIRECTION('',(0.,0.,-1.));
#12784=DIRECTION('',(0.,0.,1.));
#12785=DIRECTION('',(1.,0.,0.));
#12786=DIRECTION('',(1.88556899562696E-16,-1.,0.));
#12787=DIRECTION('',(1.,0.,0.));
#12788=DIRECTION('',(0.,1.,0.));
#12789=DIRECTION('',(-1.,-1.25844895020639E-16,0.));
#12790=DIRECTION('',(1.,1.88556899562696E-16,0.));
#12791=DIRECTION('',(-1.88556899562696E-16,1.,0.));
#12792=DIRECTION('',(0.,0.,-1.));
#12793=DIRECTION('',(0.,0.,-1.));
#12794=DIRECTION('',(0.,1.,0.));
#12795=DIRECTION('',(0.,0.,1.));
#12796=DIRECTION('',(0.,0.,-1.));
#12797=DIRECTION('',(-1.,0.,0.));
#12798=DIRECTION('',(0.,0.,1.));
#12799=DIRECTION('',(0.,0.,-1.));
#12800=DIRECTION('',(1.25844895020639E-16,-1.,0.));
#12801=DIRECTION('',(1.,1.25844895020639E-16,0.));
#12802=DIRECTION('',(0.,0.,1.));
#12803=DIRECTION('',(1.,0.,0.));
#12804=DIRECTION('',(1.11200222819026E-16,-1.,0.));
#12805=DIRECTION('',(1.,0.,0.));
#12806=DIRECTION('',(0.,1.,0.));
#12807=DIRECTION('',(-1.,-9.03501810404586E-17,0.));
#12808=DIRECTION('',(0.,1.,0.));
#12809=DIRECTION('',(0.,0.,1.));
#12810=DIRECTION('',(0.,0.,-1.));
#12811=DIRECTION('',(0.,0.,-1.));
#12812=DIRECTION('',(-1.,0.,0.));
#12813=DIRECTION('',(0.,0.,1.));
#12814=DIRECTION('',(0.,0.,-1.));
#12815=DIRECTION('',(9.03501810404586E-17,-1.,0.));
#12816=DIRECTION('',(1.,9.03501810404586E-17,0.));
#12817=DIRECTION('',(0.,0.,-1.));
#12818=DIRECTION('',(1.,1.11200222819026E-16,0.));
#12819=DIRECTION('',(-1.11200222819026E-16,1.,0.));
#12820=DIRECTION('',(0.,-1.54886024640786E-16,1.));
#12821=DIRECTION('',(0.,-1.,-1.54886024640786E-16));
#12822=DIRECTION('',(0.,-1.,-1.54886024640786E-16));
#12823=DIRECTION('',(0.,-1.,-1.54886024640786E-16));
#12824=DIRECTION('',(1.,0.,0.));
#12825=DIRECTION('',(1.,0.,0.));
#12826=DIRECTION('',(0.,0.,-1.));
#12827=DIRECTION('',(1.,0.,0.));
#12828=DIRECTION('',(0.,1.,0.));
#12829=DIRECTION('',(1.,0.,0.));
#12830=DIRECTION('',(0.,1.,0.));
#12831=DIRECTION('',(1.,0.,0.));
#12832=DIRECTION('',(0.,-0.965925826289069,0.258819045102517));
#12833=DIRECTION('',(0.,-0.258819045102517,-0.96592582628907));
#12834=DIRECTION('',(0.,-0.258819045102517,-0.965925826289069));
#12835=DIRECTION('',(0.,-0.258819045102517,-0.965925826289069));
#12836=DIRECTION('',(1.,0.,0.));
#12837=DIRECTION('',(1.,0.,0.));
#12838=DIRECTION('',(0.,0.,-1.));
#12839=DIRECTION('',(-1.,0.,0.));
#12840=DIRECTION('',(0.,1.,0.));
#12841=DIRECTION('',(-1.,0.,0.));
#12842=DIRECTION('',(0.,1.,0.));
#12843=DIRECTION('',(1.,0.,0.));
#12844=DIRECTION('',(0.,0.,-1.));
#12845=DIRECTION('',(1.,0.,0.));
#12846=DIRECTION('',(0.,1.,0.));
#12847=DIRECTION('',(1.,0.,0.));
#12848=DIRECTION('',(0.,1.,0.));
#12849=DIRECTION('',(1.,0.,0.));
#12850=DIRECTION('',(0.,0.965925826289069,-0.258819045102518));
#12851=DIRECTION('',(0.,0.258819045102518,0.965925826289069));
#12852=DIRECTION('',(0.,0.258819045102518,0.965925826289069));
#12853=DIRECTION('',(0.,0.258819045102518,0.965925826289069));
#12854=DIRECTION('',(1.,0.,0.));
#12855=DIRECTION('',(1.,0.,0.));
#12856=DIRECTION('',(0.,0.,-1.));
#12857=DIRECTION('',(-1.,0.,0.));
#12858=DIRECTION('',(0.,1.,0.));
#12859=DIRECTION('',(-1.,0.,0.));
#12860=DIRECTION('',(0.,1.,0.));
#12861=DIRECTION('',(1.,0.,0.));
#12862=DIRECTION('',(0.,3.87215061601966E-17,-1.));
#12863=DIRECTION('',(0.,1.,3.87215061601966E-17));
#12864=DIRECTION('',(0.,1.,3.87215061601966E-17));
#12865=DIRECTION('',(0.,1.,3.87215061601966E-17));
#12866=DIRECTION('',(1.,0.,0.));
#12867=DIRECTION('',(0.,0.,-1.));
#12868=DIRECTION('',(1.,0.,0.));
#12869=DIRECTION('',(0.,0.,-1.));
#12870=DIRECTION('',(0.,-1.0842021724855E-16,1.));
#12871=DIRECTION('',(0.,-1.,-1.0842021724855E-16));
#12872=DIRECTION('',(0.,-1.,-1.0842021724855E-16));
#12873=DIRECTION('',(0.,-1.,-1.0842021724855E-16));
#12874=DIRECTION('',(1.,0.,0.));
#12875=DIRECTION('',(1.,0.,0.));
#12876=DIRECTION('',(0.,0.,-1.));
#12877=DIRECTION('',(1.,0.,0.));
#12878=DIRECTION('',(0.,1.,0.));
#12879=DIRECTION('',(1.,0.,0.));
#12880=DIRECTION('',(0.,1.,0.));
#12881=DIRECTION('',(1.,0.,0.));
#12882=DIRECTION('',(0.,-0.965925826289068,0.25881904510252));
#12883=DIRECTION('',(0.,-0.25881904510252,-0.965925826289068));
#12884=DIRECTION('',(0.,-0.25881904510252,-0.965925826289068));
#12885=DIRECTION('',(0.,-0.25881904510252,-0.965925826289068));
#12886=DIRECTION('',(1.,0.,0.));
#12887=DIRECTION('',(1.,0.,0.));
#12888=DIRECTION('',(0.,0.,-1.));
#12889=DIRECTION('',(-1.,0.,0.));
#12890=DIRECTION('',(0.,1.,0.));
#12891=DIRECTION('',(-1.,0.,0.));
#12892=DIRECTION('',(0.,1.,0.));
#12893=DIRECTION('',(1.,0.,0.));
#12894=DIRECTION('',(0.,0.,-1.));
#12895=DIRECTION('',(1.,0.,0.));
#12896=DIRECTION('',(0.,1.,0.));
#12897=DIRECTION('',(1.,0.,0.));
#12898=DIRECTION('',(0.,1.,0.));
#12899=DIRECTION('',(1.,0.,0.));
#12900=DIRECTION('',(0.,0.965925826289069,-0.258819045102517));
#12901=DIRECTION('',(0.,0.258819045102517,0.965925826289069));
#12902=DIRECTION('',(0.,0.258819045102517,0.965925826289069));
#12903=DIRECTION('',(0.,0.258819045102517,0.965925826289069));
#12904=DIRECTION('',(1.,0.,0.));
#12905=DIRECTION('',(1.,0.,0.));
#12906=DIRECTION('',(0.,0.,-1.));
#12907=DIRECTION('',(-1.,0.,0.));
#12908=DIRECTION('',(0.,1.,0.));
#12909=DIRECTION('',(-1.,0.,0.));
#12910=DIRECTION('',(0.,1.,0.));
#12911=DIRECTION('',(1.,0.,0.));
#12912=DIRECTION('',(0.,1.62630325872826E-16,-1.));
#12913=DIRECTION('',(0.,1.,1.62630325872826E-16));
#12914=DIRECTION('',(0.,1.,1.62630325872826E-16));
#12915=DIRECTION('',(0.,1.,1.62630325872826E-16));
#12916=DIRECTION('',(1.,0.,0.));
#12917=DIRECTION('',(0.,0.,-1.));
#12918=DIRECTION('',(1.,0.,0.));
#12919=DIRECTION('',(0.,0.,-1.));
#12920=DIRECTION('',(0.,-1.35525271560688E-16,1.));
#12921=DIRECTION('',(0.,-1.,-1.35525271560688E-16));
#12922=DIRECTION('',(0.,-1.,-1.35525271560688E-16));
#12923=DIRECTION('',(0.,-1.,-1.35525271560688E-16));
#12924=DIRECTION('',(1.,0.,0.));
#12925=DIRECTION('',(1.,0.,0.));
#12926=DIRECTION('',(0.,0.,-1.));
#12927=DIRECTION('',(1.,0.,0.));
#12928=DIRECTION('',(0.,1.,0.));
#12929=DIRECTION('',(1.,0.,0.));
#12930=DIRECTION('',(0.,1.,0.));
#12931=DIRECTION('',(1.,0.,0.));
#12932=DIRECTION('',(0.,-0.96592582628907,0.258819045102516));
#12933=DIRECTION('',(0.,-0.258819045102516,-0.96592582628907));
#12934=DIRECTION('',(0.,-0.258819045102516,-0.96592582628907));
#12935=DIRECTION('',(0.,-0.258819045102516,-0.96592582628907));
#12936=DIRECTION('',(1.,0.,0.));
#12937=DIRECTION('',(1.,0.,0.));
#12938=DIRECTION('',(0.,0.,-1.));
#12939=DIRECTION('',(-1.,0.,0.));
#12940=DIRECTION('',(0.,1.,0.));
#12941=DIRECTION('',(-1.,0.,0.));
#12942=DIRECTION('',(0.,1.,0.));
#12943=DIRECTION('',(1.,0.,0.));
#12944=DIRECTION('',(0.,0.,-1.));
#12945=DIRECTION('',(1.,0.,0.));
#12946=DIRECTION('',(0.,1.,0.));
#12947=DIRECTION('',(1.,0.,0.));
#12948=DIRECTION('',(0.,1.,0.));
#12949=DIRECTION('',(1.,0.,0.));
#12950=DIRECTION('',(0.,0.965925826289069,-0.258819045102519));
#12951=DIRECTION('',(0.,0.258819045102519,0.965925826289069));
#12952=DIRECTION('',(0.,0.258819045102519,0.965925826289069));
#12953=DIRECTION('',(0.,0.258819045102519,0.965925826289069));
#12954=DIRECTION('',(1.,0.,0.));
#12955=DIRECTION('',(1.,0.,0.));
#12956=DIRECTION('',(0.,0.,-1.));
#12957=DIRECTION('',(-1.,0.,0.));
#12958=DIRECTION('',(0.,1.,0.));
#12959=DIRECTION('',(-1.,0.,0.));
#12960=DIRECTION('',(0.,1.,0.));
#12961=DIRECTION('',(1.,0.,0.));
#12962=DIRECTION('',(0.,1.35525271560688E-16,-1.));
#12963=DIRECTION('',(0.,1.,1.35525271560688E-16));
#12964=DIRECTION('',(0.,1.,1.35525271560688E-16));
#12965=DIRECTION('',(0.,1.,1.35525271560688E-16));
#12966=DIRECTION('',(1.,0.,0.));
#12967=DIRECTION('',(0.,0.,-1.));
#12968=DIRECTION('',(1.,0.,0.));
#12969=DIRECTION('',(0.,0.,-1.));
#12970=DIRECTION('',(1.,2.89120579329468E-16,0.));
#12971=DIRECTION('',(-2.89120579329468E-16,1.,0.));
#12972=DIRECTION('',(1.,2.89120579329468E-16,0.));
#12973=DIRECTION('',(1.,2.89120579329468E-16,0.));
#12974=DIRECTION('',(-3.91831450274096E-32,1.35525271560688E-16,-1.));
#12975=DIRECTION('',(0.,1.,1.35525271560688E-16));
#12976=DIRECTION('',(1.,2.89120579329468E-16,0.));
#12977=DIRECTION('',(1.,2.89120579329468E-16,0.));
#12978=DIRECTION('',(-2.89120579329468E-16,1.,0.));
#12979=DIRECTION('',(1.,2.89120579329468E-16,0.));
#12980=DIRECTION('',(2.89120579329468E-16,-1.,0.));
#12981=DIRECTION('',(1.,2.89120579329468E-16,0.));
#12982=DIRECTION('',(1.,2.89120579329468E-16,0.));
#12983=DIRECTION('',(1.,2.89120579329468E-16,0.));
#12984=DIRECTION('',(-2.89120579329468E-16,1.,0.));
#12985=DIRECTION('',(1.,2.89120579329468E-16,0.));
#12986=DIRECTION('',(-9.7957862568524E-33,3.3881317890172E-17,1.));
#12987=DIRECTION('',(0.,-1.,3.3881317890172E-17));
#12988=DIRECTION('',(1.,2.89120579329468E-16,0.));
#12989=DIRECTION('',(1.,2.89120579329468E-16,0.));
#12990=DIRECTION('',(-2.89120579329468E-16,1.,0.));
#12991=DIRECTION('',(1.,2.89120579329468E-16,0.));
#12992=DIRECTION('',(-2.89120579329468E-16,1.,6.30808536718842E-15));
#12993=DIRECTION('',(0.,-6.30808536718842E-15,1.));
#12994=DIRECTION('',(0.,1.,0.));
#12995=DIRECTION('',(0.,0.,1.));
#12996=DIRECTION('',(0.,0.,-1.));
#12997=DIRECTION('',(-1.,0.,0.));
#12998=DIRECTION('',(-1.,0.,0.));
#12999=DIRECTION('',(0.,0.,1.));
#13000=DIRECTION('',(1.,0.,0.));
#13001=DIRECTION('',(-1.4954512723938E-16,1.,0.));
#13002=DIRECTION('',(-1.,0.,0.));
#13003=DIRECTION('',(0.,-1.,0.));
#13004=DIRECTION('',(0.,0.,-1.));
#13005=DIRECTION('',(0.,0.,1.));
#13006=DIRECTION('',(-1.,0.,0.));
#13007=DIRECTION('',(0.,0.,-1.));
#13008=DIRECTION('',(-1.,0.,0.));
#13009=DIRECTION('',(1.4954512723938E-16,-1.,0.));
#13010=DIRECTION('',(1.,1.4954512723938E-16,0.));
#13011=DIRECTION('',(-1.92747052886312E-16,1.,0.));
#13012=DIRECTION('',(0.,0.,1.));
#13013=DIRECTION('',(1.,0.,0.));
#13014=DIRECTION('',(0.,-1.,0.));
#13015=DIRECTION('',(0.,0.,-1.));
#13016=DIRECTION('',(0.,0.,1.));
#13017=DIRECTION('',(0.,0.,1.));
#13018=DIRECTION('',(-1.,0.,0.));
#13019=DIRECTION('',(0.,0.,1.));
#13020=DIRECTION('',(0.,0.,1.));
#13021=DIRECTION('',(0.,-1.,0.));
#13022=DIRECTION('',(0.,0.,-1.));
#13023=DIRECTION('',(0.,0.,1.));
#13024=DIRECTION('',(-1.,0.,0.));
#13025=DIRECTION('',(0.,0.,1.));
#13026=DIRECTION('',(0.,0.,1.));
#13027=DIRECTION('',(0.,1.,0.));
#13028=DIRECTION('',(0.,0.,1.));
#13029=DIRECTION('',(0.,0.,1.));
#13030=DIRECTION('',(1.,0.,0.));
#13031=DIRECTION('',(0.,0.,-1.));
#13032=DIRECTION('',(0.,0.,1.));
#13033=DIRECTION('',(0.,-1.,0.));
#13034=DIRECTION('',(0.,0.,-1.));
#13035=DIRECTION('',(0.,0.,1.));
#13036=DIRECTION('',(1.,0.,0.));
#13037=DIRECTION('',(0.,0.,-1.));
#13038=DIRECTION('',(0.,0.,1.));
#13039=DIRECTION('',(1.,0.,0.));
#13040=DIRECTION('',(0.,0.,1.));
#13041=DIRECTION('',(0.,0.,1.));
#13042=DIRECTION('',(0.,0.,1.));
#13043=DIRECTION('',(-1.,0.,0.));
#13044=DIRECTION('',(0.,0.,1.));
#13045=DIRECTION('',(0.,0.,1.));
#13046=DIRECTION('',(0.,0.,1.));
#13047=DIRECTION('',(1.,0.,0.));
#13048=DIRECTION('',(0.,0.,-1.));
#13049=DIRECTION('',(1.,0.,0.));
#13050=DIRECTION('',(0.,0.,-1.));
#13051=DIRECTION('',(0.,0.,1.));
#13052=DIRECTION('',(0.,0.,1.));
#13053=DIRECTION('',(0.,0.,1.));
#13054=DIRECTION('',(1.,0.,0.));
#13055=DIRECTION('',(0.,0.,-1.));
#13056=DIRECTION('',(0.,0.,1.));
#13057=DIRECTION('',(0.,0.,1.));
#13058=DIRECTION('',(0.,0.,1.));
#13059=DIRECTION('',(0.,0.,1.));
#13060=DIRECTION('',(1.,0.,0.));
#13061=DIRECTION('',(0.,0.,1.));
#13062=DIRECTION('',(1.,0.,0.));
#13063=DIRECTION('',(0.,0.,1.));
#13064=DIRECTION('',(0.,0.,1.));
#13065=DIRECTION('',(0.,0.,1.));
#13066=DIRECTION('',(-1.,0.,0.));
#13067=DIRECTION('',(0.,0.,1.));
#13068=DIRECTION('',(0.,0.,1.));
#13069=DIRECTION('',(0.,0.,1.));
#13070=DIRECTION('',(1.,0.,0.));
#13071=DIRECTION('',(0.,0.,-1.));
#13072=DIRECTION('',(1.,0.,0.));
#13073=DIRECTION('',(0.,0.,-1.));
#13074=DIRECTION('',(0.,0.,1.));
#13075=DIRECTION('',(0.,0.,1.));
#13076=DIRECTION('',(0.,0.,1.));
#13077=DIRECTION('',(1.,0.,0.));
#13078=DIRECTION('',(0.,0.,-1.));
#13079=DIRECTION('',(0.,0.,1.));
#13080=DIRECTION('',(0.,0.,1.));
#13081=DIRECTION('',(0.,0.,1.));
#13082=DIRECTION('',(0.,0.,1.));
#13083=DIRECTION('',(1.,0.,0.));
#13084=DIRECTION('',(0.,0.,1.));
#13085=DIRECTION('',(1.,0.,0.));
#13086=DIRECTION('',(1.,0.,0.));
#13087=DIRECTION('',(0.,0.,-1.));
#13088=DIRECTION('',(0.,0.,1.));
#13089=DIRECTION('',(0.,0.,1.));
#13090=DIRECTION('',(0.,-1.,0.));
#13091=DIRECTION('',(0.,0.,-1.));
#13092=DIRECTION('',(0.,0.,1.));
#13093=DIRECTION('',(-1.,0.,0.));
#13094=DIRECTION('',(0.,0.,1.));
#13095=DIRECTION('',(0.,0.,1.));
#13096=DIRECTION('',(0.,1.,0.));
#13097=DIRECTION('',(0.,0.,1.));
#13098=DIRECTION('',(0.,0.,1.));
#13099=DIRECTION('',(1.,0.,0.));
#13100=DIRECTION('',(0.,0.,1.));
#13101=DIRECTION('',(0.,0.,1.));
#13102=DIRECTION('',(0.,0.,1.));
#13103=DIRECTION('',(0.,1.,0.));
#13104=DIRECTION('',(0.,0.,1.));
#13105=DIRECTION('',(0.,0.,1.));
#13106=DIRECTION('',(0.,0.,1.));
#13107=DIRECTION('',(0.,1.,0.));
#13108=DIRECTION('',(0.,0.,1.));
#13109=DIRECTION('',(0.,0.,1.));
#13110=DIRECTION('',(1.,0.,0.));
#13111=DIRECTION('',(1.,0.,0.));
#13112=DIRECTION('',(0.,0.,-1.));
#13113=DIRECTION('',(0.,0.,1.));
#13114=DIRECTION('',(0.,0.,1.));
#13115=DIRECTION('',(0.,-1.,0.));
#13116=DIRECTION('',(0.,0.,-1.));
#13117=DIRECTION('',(0.,0.,1.));
#13118=DIRECTION('',(-1.,0.,0.));
#13119=DIRECTION('',(0.,0.,1.));
#13120=DIRECTION('',(0.,0.,1.));
#13121=DIRECTION('',(0.,1.,0.));
#13122=DIRECTION('',(0.,0.,1.));
#13123=DIRECTION('',(0.,0.,1.));
#13124=DIRECTION('',(1.,0.,0.));
#13125=DIRECTION('',(0.,-1.,0.));
#13126=DIRECTION('',(0.,0.,-1.));
#13127=DIRECTION('',(0.,0.,1.));
#13128=DIRECTION('',(0.,0.,1.));
#13129=DIRECTION('',(-1.,0.,0.));
#13130=DIRECTION('',(0.,0.,1.));
#13131=DIRECTION('',(0.,0.,1.));
#13132=DIRECTION('',(0.,-1.,0.));
#13133=DIRECTION('',(0.,0.,-1.));
#13134=DIRECTION('',(0.,0.,1.));
#13135=DIRECTION('',(-1.,0.,0.));
#13136=DIRECTION('',(0.,0.,1.));
#13137=DIRECTION('',(0.,0.,1.));
#13138=DIRECTION('',(0.,1.,0.));
#13139=DIRECTION('',(0.,0.,1.));
#13140=DIRECTION('',(0.,0.,1.));
#13141=DIRECTION('',(1.,0.,0.));
#13142=DIRECTION('',(0.,0.,-1.));
#13143=DIRECTION('',(0.,0.,1.));
#13144=DIRECTION('',(0.,-1.,0.));
#13145=DIRECTION('',(0.,0.,-1.));
#13146=DIRECTION('',(0.,0.,1.));
#13147=DIRECTION('',(1.,0.,0.));
#13148=DIRECTION('',(0.,0.,-1.));
#13149=DIRECTION('',(0.,0.,1.));
#13150=DIRECTION('',(1.,0.,0.));
#13151=DIRECTION('',(1.,0.,0.));
#13152=DIRECTION('',(0.,0.,-1.));
#13153=DIRECTION('',(0.,0.,1.));
#13154=DIRECTION('',(0.,0.,1.));
#13155=DIRECTION('',(0.,-1.,0.));
#13156=DIRECTION('',(0.,0.,-1.));
#13157=DIRECTION('',(0.,0.,1.));
#13158=DIRECTION('',(1.,0.,0.));
#13159=DIRECTION('',(0.,0.,-1.));
#13160=DIRECTION('',(0.,0.,1.));
#13161=DIRECTION('',(0.,-1.,0.));
#13162=DIRECTION('',(0.,0.,-1.));
#13163=DIRECTION('',(0.,0.,1.));
#13164=DIRECTION('',(-1.,0.,0.));
#13165=DIRECTION('',(0.,0.,1.));
#13166=DIRECTION('',(0.,0.,1.));
#13167=DIRECTION('',(0.,-1.,0.));
#13168=DIRECTION('',(0.,0.,-1.));
#13169=DIRECTION('',(0.,0.,1.));
#13170=DIRECTION('',(-1.,0.,0.));
#13171=DIRECTION('',(0.,0.,1.));
#13172=DIRECTION('',(0.,0.,1.));
#13173=DIRECTION('',(0.,1.,0.));
#13174=DIRECTION('',(0.,0.,1.));
#13175=DIRECTION('',(0.,0.,1.));
#13176=DIRECTION('',(-1.,0.,0.));
#13177=DIRECTION('',(0.,0.,1.));
#13178=DIRECTION('',(0.,0.,1.));
#13179=DIRECTION('',(0.,1.,0.));
#13180=DIRECTION('',(0.,0.,1.));
#13181=DIRECTION('',(0.,0.,1.));
#13182=DIRECTION('',(1.,0.,0.));
#13183=DIRECTION('',(0.,0.,-1.));
#13184=DIRECTION('',(0.,0.,1.));
#13185=DIRECTION('',(0.,1.,0.));
#13186=DIRECTION('',(0.,0.,1.));
#13187=DIRECTION('',(0.,0.,1.));
#13188=DIRECTION('',(1.,0.,0.));
#13189=DIRECTION('',(1.,0.,0.));
#13190=DIRECTION('',(0.,0.,-1.));
#13191=DIRECTION('',(0.,0.,1.));
#13192=DIRECTION('',(0.,0.,1.));
#13193=DIRECTION('',(0.,-1.,0.));
#13194=DIRECTION('',(0.,0.,-1.));
#13195=DIRECTION('',(0.,0.,1.));
#13196=DIRECTION('',(1.,0.,0.));
#13197=DIRECTION('',(0.,0.,-1.));
#13198=DIRECTION('',(0.,0.,1.));
#13199=DIRECTION('',(0.,-1.,0.));
#13200=DIRECTION('',(0.,0.,-1.));
#13201=DIRECTION('',(0.,0.,1.));
#13202=DIRECTION('',(-1.,0.,0.));
#13203=DIRECTION('',(0.,0.,1.));
#13204=DIRECTION('',(0.,0.,1.));
#13205=DIRECTION('',(0.,-1.,0.));
#13206=DIRECTION('',(0.,0.,-1.));
#13207=DIRECTION('',(0.,0.,1.));
#13208=DIRECTION('',(-1.,0.,0.));
#13209=DIRECTION('',(0.,0.,1.));
#13210=DIRECTION('',(0.,0.,1.));
#13211=DIRECTION('',(0.,1.,0.));
#13212=DIRECTION('',(0.,0.,1.));
#13213=DIRECTION('',(0.,0.,1.));
#13214=DIRECTION('',(-1.,0.,0.));
#13215=DIRECTION('',(0.,0.,1.));
#13216=DIRECTION('',(0.,0.,1.));
#13217=DIRECTION('',(0.,1.,0.));
#13218=DIRECTION('',(0.,0.,1.));
#13219=DIRECTION('',(0.,0.,1.));
#13220=DIRECTION('',(1.,0.,0.));
#13221=DIRECTION('',(0.,0.,-1.));
#13222=DIRECTION('',(0.,0.,1.));
#13223=DIRECTION('',(0.,1.,0.));
#13224=DIRECTION('',(0.,0.,1.));
#13225=DIRECTION('',(0.,0.,1.));
#13226=DIRECTION('',(1.,0.,0.));
#13227=DIRECTION('',(0.,0.,1.));
#13228=DIRECTION('',(0.,0.,1.));
#13229=DIRECTION('',(0.,1.,0.));
#13230=DIRECTION('',(0.,0.,1.));
#13231=DIRECTION('',(0.,0.,1.));
#13232=DIRECTION('',(0.,0.,1.));
#13233=DIRECTION('',(0.,1.,0.));
#13234=DIRECTION('',(0.,0.,1.));
#13235=DIRECTION('',(0.,0.,1.));
#13236=DIRECTION('',(0.,0.,1.));
#13237=DIRECTION('',(1.,0.,0.));
#13238=DIRECTION('',(0.,0.,1.));
#13239=DIRECTION('',(1.,0.,0.));
#13240=DIRECTION('',(0.,0.,1.));
#13241=DIRECTION('',(1.,0.,0.));
#13242=DIRECTION('',(0.,0.,1.));
#13243=DIRECTION('',(1.,0.,0.));
#13244=DIRECTION('',(0.,0.,1.));
#13245=DIRECTION('',(1.,0.,0.));
#13246=DIRECTION('',(0.,0.,1.));
#13247=DIRECTION('',(1.,0.,0.));
#13248=DIRECTION('',(0.,0.,1.));
#13249=DIRECTION('',(1.,0.,0.));
#13250=DIRECTION('',(0.,1.,0.));
#13251=DIRECTION('',(-1.,0.,0.));
#13252=DIRECTION('',(0.,-1.,0.));
#13253=DIRECTION('',(1.,0.,0.));
#13254=DIRECTION('',(-1.,0.,0.));
#13255=DIRECTION('',(0.,0.,1.));
#13256=DIRECTION('',(0.,0.,-1.));
#13257=DIRECTION('',(0.,0.,-1.));
#13258=DIRECTION('',(0.,-1.,0.));
#13259=DIRECTION('',(0.,0.,-1.));
#13260=DIRECTION('',(0.,0.,-1.));
#13261=DIRECTION('',(1.,0.,0.));
#13262=DIRECTION('',(0.,0.,-1.));
#13263=DIRECTION('',(0.,0.,-1.));
#13264=DIRECTION('',(0.,1.,0.));
#13265=DIRECTION('',(0.,0.,1.));
#13266=DIRECTION('',(0.,0.,1.));
#13267=DIRECTION('',(1.,0.,0.));
#13268=DIRECTION('',(0.,1.,0.));
#13269=DIRECTION('',(-1.,-3.94255335449275E-16,0.));
#13270=DIRECTION('',(0.,-1.,0.));
#13271=DIRECTION('',(1.,3.94255335449275E-16,0.));
#13272=DIRECTION('',(3.94255335449275E-16,-1.,0.));
#13273=DIRECTION('',(1.,3.94255335449275E-16,0.));
#13274=DIRECTION('',(0.,0.,-1.));
#13275=DIRECTION('',(0.,0.,-1.));
#13276=DIRECTION('',(1.,0.,0.));
#13277=DIRECTION('',(0.,0.,-1.));
#13278=DIRECTION('',(0.,0.,-1.));
#13279=DIRECTION('',(-3.94255335449275E-16,1.,0.));
#13280=DIRECTION('',(-1.,-3.94255335449275E-16,0.));
#13281=DIRECTION('',(0.,0.,-1.));
#13282=DIRECTION('',(-1.,0.,0.));
#13283=DIRECTION('',(0.,0.,1.));
#13284=CARTESIAN_POINT('',(0.,0.,0.));
#13285=CARTESIAN_POINT('',(-14.075,4.55000000000003,0.55));
#13286=CARTESIAN_POINT('',(-6.05787393915518,-7.62573115363713,0.55));
#13287=CARTESIAN_POINT('',(-6.09893823247895,-7.57890345072405,0.55));
#13288=CARTESIAN_POINT('',(-6.12982362468977,-7.5212657448321,0.55));
#13289=CARTESIAN_POINT('',(-6.17410035424952,-7.38428461275663,0.55));
#13290=CARTESIAN_POINT('',(-6.18516953663945,-7.3061085121277,0.55));
#13291=CARTESIAN_POINT('',(-6.18516953663945,-7.13246071338556,0.55));
#13292=CARTESIAN_POINT('',(-6.17479217814889,-7.05566826055537,0.55));
#13293=CARTESIAN_POINT('',(-6.15265381336901,-6.98648587061826,0.55));
#13294=CARTESIAN_POINT('',(-6.13057971089619,-6.9175043003907,0.55));
#13295=CARTESIAN_POINT('',(-6.09938337311744,-6.85919027313398,0.55));
#13296=CARTESIAN_POINT('',(-6.05787393915518,-6.81283807187612,0.55));
#13297=CARTESIAN_POINT('',(-6.01437344815529,-6.76426252359291,0.55));
#13298=CARTESIAN_POINT('',(-5.96516953663945,-6.72705190835411,0.55));
#13299=CARTESIAN_POINT('',(-5.90705632909228,-6.70352989577549,0.55));
#13300=CARTESIAN_POINT('',(-5.84977816276413,-6.68034587607124,0.55));
#13301=CARTESIAN_POINT('',(-5.78667897060172,-6.66893870080694,0.55));
#13302=CARTESIAN_POINT('',(-5.64623871902939,-6.66893870080694,0.55));
#13303=CARTESIAN_POINT('',(-5.58189909638788,-6.68069970709625,0.55));
#13304=CARTESIAN_POINT('',(-5.46705632909228,-6.72912738005222,0.55));
#13305=CARTESIAN_POINT('',(-5.41793683223694,-6.76510222281952,0.55));
#13306=CARTESIAN_POINT('',(-5.37642739827467,-6.81283807187612,0.55));
#13307=CARTESIAN_POINT('',(-5.3359009649014,-6.85944347025539,0.55));
#13308=CARTESIAN_POINT('',(-5.30447771274008,-6.91730348068115,0.55));
#13309=CARTESIAN_POINT('',(-5.28303117185958,-6.98579404671889,0.55));
#13310=CARTESIAN_POINT('',(-5.26152285410049,-7.05448190020758,0.55));
#13311=CARTESIAN_POINT('',(-5.25051544858914,-7.13176888948619,0.55));
#13312=CARTESIAN_POINT('',(-5.25051544858914,-7.30749215992644,0.55));
#13313=CARTESIAN_POINT('',(-5.2608928070797,-7.384976436656,0.55));
#13314=CARTESIAN_POINT('',(-5.30516953663945,-7.51919027313398,0.55));
#13315=CARTESIAN_POINT('',(-5.33630161211115,-7.57730348068115,0.55));
#13316=CARTESIAN_POINT('',(-5.37711922217404,-7.62573115363713,0.55));
#13317=CARTESIAN_POINT('',(-5.41691407861407,-7.67294539009141,0.55));
#13318=CARTESIAN_POINT('',(-5.46705632909228,-7.70736637376293,0.55));
#13319=CARTESIAN_POINT('',(-5.52447771274008,-7.7322720341403,0.55));
#13320=CARTESIAN_POINT('',(-5.581646540516,-7.75706815221178,0.55));
#13321=CARTESIAN_POINT('',(-5.64623871902939,-7.76824687690759,0.55));
#13322=CARTESIAN_POINT('',(-5.71749658066461,-7.76893870080696,0.55));
#13323=CARTESIAN_POINT('',(-5.78943276878665,-7.76963711040038,0.55));
#13324=CARTESIAN_POINT('',(-5.85447771274008,-7.75579404671891,0.55));
#13325=CARTESIAN_POINT('',(-5.91189909638788,-7.73088838634155,0.55));
#13326=CARTESIAN_POINT('',(-5.96990276162918,-7.70573017009231,0.55));
#13327=CARTESIAN_POINT('',(-6.01843997689102,-7.67069970709625,0.55));
#13328=CARTESIAN_POINT('',(-6.05787393915518,-7.62573115363713,0.55));
#13329=CARTESIAN_POINT('',(-6.05787393915518,-7.62573115363713,0.55));
#13330=CARTESIAN_POINT('',(-9.98772287655095,-1.66538720939729,0.55));
#13331=CARTESIAN_POINT('',(-9.98772287655095,-1.6634674886294,0.55));
#13332=CARTESIAN_POINT('',(-9.98772287655095,-1.66154776786152,0.55));
#13333=CARTESIAN_POINT('',(-9.98772287655095,-1.65962804709363,0.55));
#13334=CARTESIAN_POINT('',(-9.98772287655095,-1.66538720939729,0.55));
#13335=CARTESIAN_POINT('',(-9.98772287655095,-1.65962804709363,0.55));
#13336=CARTESIAN_POINT('',(-9.98772287655095,-1.65962804709363,0.55));
#13337=CARTESIAN_POINT('',(-10.0532333477551,-1.64163066489467,0.55));
#13338=CARTESIAN_POINT('',(-10.1043459132002,-1.60923537693656,0.55));
#13339=CARTESIAN_POINT('',(-10.1403406775981,-1.56244218321928,0.55));
#13340=CARTESIAN_POINT('',(-10.176683346782,-1.5151967132802,0.55));
#13341=CARTESIAN_POINT('',(-10.1943328241949,-1.45661757588944,0.55));
#13342=CARTESIAN_POINT('',(-10.1943328241949,-1.38606783766954,0.55));
#13343=CARTESIAN_POINT('',(-10.1943328241949,-1.38606783766954,0.55));
#13344=CARTESIAN_POINT('',(-10.1943328241949,-1.38606783766954,0.55));
#13345=CARTESIAN_POINT('',(-10.1943328241949,-1.33135579578473,0.55));
#13346=CARTESIAN_POINT('',(-10.1842542901635,-1.28240291620358,0.55));
#13347=CARTESIAN_POINT('',(-10.1425003634619,-1.19889506280043,0.55));
#13348=CARTESIAN_POINT('',(-10.1144244472316,-1.16434008897844,0.55));
#13349=CARTESIAN_POINT('',(-10.0798694734096,-1.13698406803604,0.55));
#13350=CARTESIAN_POINT('',(-10.0384366952997,-1.10418311869901,0.55));
#13351=CARTESIAN_POINT('',(-9.99420193414258,-1.08155213086326,0.55));
#13352=CARTESIAN_POINT('',(-9.89917575613211,-1.05419610992085,0.55));
#13353=CARTESIAN_POINT('',(-9.83798465665567,-1.04771705232923,0.55));
#13354=CARTESIAN_POINT('',(-9.76311554670802,-1.04771705232923,0.55));
#13355=CARTESIAN_POINT('',(-9.65801083466614,-1.04771705232923,0.55));
#13356=CARTESIAN_POINT('',(-9.55290612262425,-1.04771705232923,0.55));
#13357=CARTESIAN_POINT('',(-9.44780141058237,-1.04771705232923,0.55));
#13358=CARTESIAN_POINT('',(-9.44780141058237,-1.04771705232923,0.55));
#13359=CARTESIAN_POINT('',(-9.44780141058237,-1.04771705232923,0.55));
#13360=CARTESIAN_POINT('',(-9.44780141058237,-1.4143837189959,0.55));
#13361=CARTESIAN_POINT('',(-9.44780141058237,-1.78105038566256,0.55));
#13362=CARTESIAN_POINT('',(-9.44780141058237,-2.14771705232923,0.55));
#13363=CARTESIAN_POINT('',(-9.44780141058237,-2.14771705232923,0.55));
#13364=CARTESIAN_POINT('',(-9.44780141058237,-2.14771705232923,0.55));
#13365=CARTESIAN_POINT('',(-9.54498727445671,-2.14771705232923,0.55));
#13366=CARTESIAN_POINT('',(-9.64217313833106,-2.14771705232923,0.55));
#13367=CARTESIAN_POINT('',(-9.7393590022054,-2.14771705232923,0.55));
#13368=CARTESIAN_POINT('',(-9.81782758859284,-2.14771705232923,0.55));
#13369=CARTESIAN_POINT('',(-9.8768590022054,-2.1448374711774,0.55));
#13370=CARTESIAN_POINT('',(-9.91573334775514,-2.13979820416169,0.55));
#13371=CARTESIAN_POINT('',(-9.95540746904806,-2.13465526251261,0.55));
#13372=CARTESIAN_POINT('',(-9.99276214356666,-2.1225207172507,0.55));
#13373=CARTESIAN_POINT('',(-10.0287569079646,-2.10308354447583,0.55));
#13374=CARTESIAN_POINT('',(-10.0681404640556,-2.08181642418669,0.55));
#13375=CARTESIAN_POINT('',(-10.0971469603206,-2.05413066489468,0.55));
#13376=CARTESIAN_POINT('',(-10.1151443425195,-2.02029558636064,0.55));
#13377=CARTESIAN_POINT('',(-10.1335989623749,-1.98560090103252,0.55));
#13378=CARTESIAN_POINT('',(-10.1425003634619,-1.94614637170096,0.55));
#13379=CARTESIAN_POINT('',(-10.1425003634619,-1.84824061253865,0.55));
#13380=CARTESIAN_POINT('',(-10.1288223529907,-1.80216731410933,0.55));
#13381=CARTESIAN_POINT('',(-10.0741103111059,-1.72009925128211,0.55));
#13382=CARTESIAN_POINT('',(-10.0366757561321,-1.68842385861195,0.55));
#13383=CARTESIAN_POINT('',(-9.98772287655095,-1.66538720939729,0.55));
#13384=CARTESIAN_POINT('',(-7.67500000000001,-2.06014540507088,0.55));
#13385=CARTESIAN_POINT('',(-7.67500000000001,-2.06014540507088,0.55));
#13386=CARTESIAN_POINT('',(-7.17500000000001,-2.06014540507088,0.55));
#13387=CARTESIAN_POINT('',(-7.17500000000001,-12.25,0.55));
#13388=CARTESIAN_POINT('',(-7.17500000000001,-2.45700810173057,0.55));
#13389=CARTESIAN_POINT('',(-7.67500000000001,-2.45700810173057,0.55));
#13390=CARTESIAN_POINT('',(-7.67500000000001,-2.45700810173057,0.55));
#13391=CARTESIAN_POINT('',(-7.67500000000001,-12.25,0.55));
#13392=CARTESIAN_POINT('',(-6.62500000000001,-2.06014540507088,0.55));
#13393=CARTESIAN_POINT('',(-6.62500000000001,-2.06014540507088,0.55));
#13394=CARTESIAN_POINT('',(-6.12500000000001,-2.06014540507088,0.55));
#13395=CARTESIAN_POINT('',(-6.12500000000001,-12.25,0.55));
#13396=CARTESIAN_POINT('',(-6.12500000000001,-2.45700810173057,0.55));
#13397=CARTESIAN_POINT('',(-6.62500000000001,-2.45700810173057,0.55));
#13398=CARTESIAN_POINT('',(-6.62500000000001,-2.45700810173057,0.55));
#13399=CARTESIAN_POINT('',(-6.62500000000001,-12.25,0.55));
#13400=CARTESIAN_POINT('',(-5.57500000000001,-2.06014540507088,0.55));
#13401=CARTESIAN_POINT('',(-5.57500000000001,-2.06014540507088,0.55));
#13402=CARTESIAN_POINT('',(-5.07500000000001,-2.06014540507088,0.55));
#13403=CARTESIAN_POINT('',(-5.07500000000001,-12.25,0.55));
#13404=CARTESIAN_POINT('',(-5.07500000000001,-2.45700810173057,0.55));
#13405=CARTESIAN_POINT('',(-5.57500000000001,-2.45700810173057,0.55));
#13406=CARTESIAN_POINT('',(-5.57500000000001,-2.45700810173057,0.55));
#13407=CARTESIAN_POINT('',(-5.57500000000001,-12.25,0.55));
#13408=CARTESIAN_POINT('',(-7.67500000000001,-5.63985459492912,0.55));
#13409=CARTESIAN_POINT('',(-7.67500000000001,-5.63985459492911,0.55));
#13410=CARTESIAN_POINT('',(-7.17500000000001,-5.63985459492912,0.55));
#13411=CARTESIAN_POINT('',(-7.67500000000001,4.55000000000003,0.55));
#13412=CARTESIAN_POINT('',(-7.67500000000001,-5.24299189826943,0.55));
#13413=CARTESIAN_POINT('',(-7.67500000000001,-5.24299189826943,0.55));
#13414=CARTESIAN_POINT('',(-7.17500000000001,-5.24299189826943,0.55));
#13415=CARTESIAN_POINT('',(-7.17500000000001,4.55000000000003,0.55));
#13416=CARTESIAN_POINT('',(-6.62500000000001,-5.63985459492912,0.55));
#13417=CARTESIAN_POINT('',(-6.62500000000001,-5.63985459492911,0.55));
#13418=CARTESIAN_POINT('',(-6.12500000000001,-5.63985459492912,0.55));
#13419=CARTESIAN_POINT('',(-6.62500000000001,4.55000000000003,0.55));
#13420=CARTESIAN_POINT('',(-6.62500000000001,-5.24299189826943,0.55));
#13421=CARTESIAN_POINT('',(-6.62500000000001,-5.24299189826943,0.55));
#13422=CARTESIAN_POINT('',(-6.12500000000001,-5.24299189826943,0.55));
#13423=CARTESIAN_POINT('',(-6.12500000000001,4.55000000000003,0.55));
#13424=CARTESIAN_POINT('',(-7.87500000000002,5.88985459492913,0.55));
#13425=CARTESIAN_POINT('',(-7.87500000000002,5.88985459492913,0.55));
#13426=CARTESIAN_POINT('',(-7.47500000000002,5.88985459492913,0.55));
#13427=CARTESIAN_POINT('',(-7.47500000000002,0.799999999999989,0.55));
#13428=CARTESIAN_POINT('',(-7.47500000000002,5.49299189826944,0.55));
#13429=CARTESIAN_POINT('',(-7.87500000000002,5.49299189826944,0.55));
#13430=CARTESIAN_POINT('',(-7.87500000000002,5.49299189826944,0.55));
#13431=CARTESIAN_POINT('',(-7.87500000000002,0.799999999999989,0.55));
#13432=CARTESIAN_POINT('',(-7.07500000000002,5.88985459492913,0.55));
#13433=CARTESIAN_POINT('',(-7.07500000000002,5.88985459492913,0.55));
#13434=CARTESIAN_POINT('',(-6.67500000000002,5.88985459492913,0.55));
#13435=CARTESIAN_POINT('',(-6.67500000000002,0.799999999999989,0.55));
#13436=CARTESIAN_POINT('',(-6.67500000000002,5.49299189826944,0.55));
#13437=CARTESIAN_POINT('',(-7.07500000000002,5.49299189826944,0.55));
#13438=CARTESIAN_POINT('',(-7.07500000000002,5.49299189826944,0.55));
#13439=CARTESIAN_POINT('',(-7.07500000000002,0.799999999999989,0.55));
#13440=CARTESIAN_POINT('',(-6.27500000000002,5.88985459492913,0.55));
#13441=CARTESIAN_POINT('',(-6.27500000000002,5.88985459492913,0.55));
#13442=CARTESIAN_POINT('',(-5.87500000000002,5.88985459492913,0.55));
#13443=CARTESIAN_POINT('',(-5.87500000000002,0.799999999999989,0.55));
#13444=CARTESIAN_POINT('',(-5.87500000000002,5.49299189826944,0.55));
#13445=CARTESIAN_POINT('',(-6.27500000000002,5.49299189826944,0.55));
#13446=CARTESIAN_POINT('',(-6.27500000000002,5.49299189826944,0.55));
#13447=CARTESIAN_POINT('',(-6.27500000000002,0.799999999999989,0.55));
#13448=CARTESIAN_POINT('',(-5.47500000000002,5.88985459492913,0.550000000000001));
#13449=CARTESIAN_POINT('',(-5.47500000000002,5.88985459492913,0.55));
#13450=CARTESIAN_POINT('',(-5.07500000000002,5.88985459492913,0.55));
#13451=CARTESIAN_POINT('',(-5.07500000000002,0.799999999999989,0.55));
#13452=CARTESIAN_POINT('',(-5.07500000000002,5.49299189826944,0.55));
#13453=CARTESIAN_POINT('',(-5.47500000000002,5.49299189826944,0.55));
#13454=CARTESIAN_POINT('',(-5.47500000000002,5.49299189826944,0.55));
#13455=CARTESIAN_POINT('',(-5.47500000000002,0.799999999999989,0.55));
#13456=CARTESIAN_POINT('',(-7.87500000000002,-0.53985459492911,0.55));
#13457=CARTESIAN_POINT('',(-7.87500000000002,-0.53985459492911,0.55));
#13458=CARTESIAN_POINT('',(-7.47500000000002,-0.53985459492911,0.55));
#13459=CARTESIAN_POINT('',(-7.87500000000002,4.55000000000003,0.55));
#13460=CARTESIAN_POINT('',(-7.87500000000002,-0.142991898269422,0.55));
#13461=CARTESIAN_POINT('',(-7.87500000000002,-0.142991898269422,0.55));
#13462=CARTESIAN_POINT('',(-7.47500000000002,-0.142991898269422,0.55));
#13463=CARTESIAN_POINT('',(-7.47500000000002,4.55000000000003,0.55));
#13464=CARTESIAN_POINT('',(-7.07500000000002,-0.53985459492911,0.55));
#13465=CARTESIAN_POINT('',(-7.07500000000002,-0.53985459492911,0.55));
#13466=CARTESIAN_POINT('',(-6.67500000000002,-0.53985459492911,0.55));
#13467=CARTESIAN_POINT('',(-7.07500000000002,4.55000000000003,0.55));
#13468=CARTESIAN_POINT('',(-7.07500000000002,-0.142991898269422,0.55));
#13469=CARTESIAN_POINT('',(-7.07500000000002,-0.142991898269422,0.55));
#13470=CARTESIAN_POINT('',(-6.67500000000002,-0.142991898269422,0.55));
#13471=CARTESIAN_POINT('',(-6.67500000000002,4.55000000000003,0.55));
#13472=CARTESIAN_POINT('',(-6.27500000000002,-0.53985459492911,0.55));
#13473=CARTESIAN_POINT('',(-6.27500000000002,-0.53985459492911,0.55));
#13474=CARTESIAN_POINT('',(-5.87500000000002,-0.53985459492911,0.55));
#13475=CARTESIAN_POINT('',(-6.27500000000002,4.55000000000003,0.55));
#13476=CARTESIAN_POINT('',(-6.27500000000002,-0.142991898269422,0.55));
#13477=CARTESIAN_POINT('',(-6.27500000000002,-0.142991898269422,0.55));
#13478=CARTESIAN_POINT('',(-5.87500000000002,-0.142991898269422,0.55));
#13479=CARTESIAN_POINT('',(-5.87500000000002,4.55000000000003,0.55));
#13480=CARTESIAN_POINT('',(-0.175000000000027,3.72023935265846,0.55));
#13481=CARTESIAN_POINT('',(-0.175000000000025,3.72023935265846,0.549999999999999));
#13482=CARTESIAN_POINT('',(0.424999999999973,3.72023935265846,0.549999999999999));
#13483=CARTESIAN_POINT('',(0.424999999999975,-3.45000000000001,0.549999999999999));
#13484=CARTESIAN_POINT('',(0.424999999999973,3.25119777667612,0.549999999999999));
#13485=CARTESIAN_POINT('',(-0.175000000000027,3.25119777667612,0.549999999999999));
#13486=CARTESIAN_POINT('',(-0.175000000000027,3.25119777667612,0.549999999999999));
#13487=CARTESIAN_POINT('',(-0.175000000000028,-3.45000000000001,0.549999999999999));
#13488=CARTESIAN_POINT('',(1.09166666666664,3.72023935265846,0.55));
#13489=CARTESIAN_POINT('',(1.09166666666664,3.72023935265846,0.55));
#13490=CARTESIAN_POINT('',(1.69166666666664,3.72023935265846,0.55));
#13491=CARTESIAN_POINT('',(1.69166666666664,-3.45000000000001,0.55));
#13492=CARTESIAN_POINT('',(1.69166666666664,3.25119777667612,0.55));
#13493=CARTESIAN_POINT('',(1.09166666666664,3.25119777667612,0.55));
#13494=CARTESIAN_POINT('',(1.09166666666664,3.25119777667612,0.55));
#13495=CARTESIAN_POINT('',(1.09166666666664,-3.45000000000001,0.55));
#13496=CARTESIAN_POINT('',(2.35833333333331,3.72023935265846,0.55));
#13497=CARTESIAN_POINT('',(2.35833333333331,3.72023935265846,0.55));
#13498=CARTESIAN_POINT('',(2.95833333333331,3.72023935265846,0.55));
#13499=CARTESIAN_POINT('',(2.95833333333331,-3.45000000000001,0.55));
#13500=CARTESIAN_POINT('',(2.95833333333331,3.25119777667612,0.55));
#13501=CARTESIAN_POINT('',(2.35833333333331,3.25119777667612,0.55));
#13502=CARTESIAN_POINT('',(2.35833333333331,3.25119777667612,0.55));
#13503=CARTESIAN_POINT('',(2.35833333333331,-3.45000000000001,0.55));
#13504=CARTESIAN_POINT('',(3.62499999999998,3.72023935265846,0.55));
#13505=CARTESIAN_POINT('',(3.62499999999998,3.72023935265846,0.55));
#13506=CARTESIAN_POINT('',(4.22499999999998,3.72023935265846,0.55));
#13507=CARTESIAN_POINT('',(4.22499999999998,-3.45000000000001,0.55));
#13508=CARTESIAN_POINT('',(4.22499999999998,3.25119777667612,0.55));
#13509=CARTESIAN_POINT('',(3.62499999999998,3.25119777667612,0.55));
#13510=CARTESIAN_POINT('',(3.62499999999998,3.25119777667612,0.55));
#13511=CARTESIAN_POINT('',(3.62499999999998,-3.45000000000001,0.55));
#13512=CARTESIAN_POINT('',(-0.175000000000027,-2.62023935265845,0.55));
#13513=CARTESIAN_POINT('',(-0.175000000000025,-2.62023935265845,0.549999999999999));
#13514=CARTESIAN_POINT('',(0.424999999999973,-2.62023935265845,0.549999999999999));
#13515=CARTESIAN_POINT('',(-0.175000000000028,4.55000000000003,0.549999999999999));
#13516=CARTESIAN_POINT('',(-0.175000000000027,-2.15119777667611,0.549999999999999));
#13517=CARTESIAN_POINT('',(-0.175000000000027,-2.15119777667611,0.549999999999999));
#13518=CARTESIAN_POINT('',(0.424999999999973,-2.15119777667611,0.549999999999999));
#13519=CARTESIAN_POINT('',(0.424999999999975,4.55000000000003,0.549999999999999));
#13520=CARTESIAN_POINT('',(1.09166666666664,-2.62023935265845,0.55));
#13521=CARTESIAN_POINT('',(1.09166666666664,-2.62023935265845,0.55));
#13522=CARTESIAN_POINT('',(1.69166666666664,-2.62023935265845,0.55));
#13523=CARTESIAN_POINT('',(1.09166666666664,4.55000000000003,0.55));
#13524=CARTESIAN_POINT('',(1.09166666666664,-2.15119777667611,0.55));
#13525=CARTESIAN_POINT('',(1.09166666666664,-2.15119777667611,0.55));
#13526=CARTESIAN_POINT('',(1.69166666666664,-2.15119777667611,0.55));
#13527=CARTESIAN_POINT('',(1.69166666666664,4.55000000000003,0.55));
#13528=CARTESIAN_POINT('',(2.35833333333331,-2.62023935265845,0.55));
#13529=CARTESIAN_POINT('',(2.35833333333331,-2.62023935265845,0.55));
#13530=CARTESIAN_POINT('',(2.95833333333331,-2.62023935265845,0.55));
#13531=CARTESIAN_POINT('',(2.35833333333331,4.55000000000003,0.55));
#13532=CARTESIAN_POINT('',(2.35833333333331,-2.15119777667611,0.55));
#13533=CARTESIAN_POINT('',(2.35833333333331,-2.15119777667611,0.55));
#13534=CARTESIAN_POINT('',(2.95833333333331,-2.15119777667611,0.55));
#13535=CARTESIAN_POINT('',(2.95833333333331,4.55000000000003,0.55));
#13536=CARTESIAN_POINT('',(-11.925,5.06999999999999,0.55));
#13537=CARTESIAN_POINT('',(-11.925,5.06999999999999,0.55));
#13538=CARTESIAN_POINT('',(-11.925,2.53,0.55));
#13539=CARTESIAN_POINT('',(-9.385,5.06999999999999,0.55));
#13540=CARTESIAN_POINT('',(-9.385,5.06999999999999,0.55));
#13541=CARTESIAN_POINT('',(-9.385,2.53000000000001,0.55));
#13542=CARTESIAN_POINT('',(-9.385,2.53,0.55));
#13543=CARTESIAN_POINT('',(-11.925,2.53,0.55));
#13544=CARTESIAN_POINT('',(-11.925,-2.53000000000001,0.55));
#13545=CARTESIAN_POINT('',(-11.925,-2.53000000000001,0.55));
#13546=CARTESIAN_POINT('',(-11.925,-5.06999999999999,0.55));
#13547=CARTESIAN_POINT('',(-9.385,-2.53000000000001,0.55));
#13548=CARTESIAN_POINT('',(-9.385,-2.53000000000001,0.55));
#13549=CARTESIAN_POINT('',(-9.385,-5.06999999999999,0.55));
#13550=CARTESIAN_POINT('',(-9.385,-5.06999999999999,0.55));
#13551=CARTESIAN_POINT('',(-11.925,-5.06999999999999,0.55));
#13552=CARTESIAN_POINT('',(-11.925,-5.73000000000002,0.55));
#13553=CARTESIAN_POINT('',(-11.925,-5.73000000000002,0.55));
#13554=CARTESIAN_POINT('',(-11.925,-8.26999999999999,0.55));
#13555=CARTESIAN_POINT('',(-9.385,-5.73000000000001,0.55));
#13556=CARTESIAN_POINT('',(-9.385,-5.73000000000001,0.55));
#13557=CARTESIAN_POINT('',(-9.38499999999999,-8.27,0.55));
#13558=CARTESIAN_POINT('',(-9.385,-8.26999999999999,0.55));
#13559=CARTESIAN_POINT('',(-11.925,-8.26999999999999,0.55));
#13560=CARTESIAN_POINT('',(-11.925,5.73,0.55));
#13561=CARTESIAN_POINT('',(-11.925,5.73,0.55));
#13562=CARTESIAN_POINT('',(-9.385,5.73,0.55));
#13563=CARTESIAN_POINT('',(-11.925,8.26999999999998,0.55));
#13564=CARTESIAN_POINT('',(-11.925,8.26999999999998,0.55));
#13565=CARTESIAN_POINT('',(-9.385,8.26999999999999,0.55));
#13566=CARTESIAN_POINT('',(-9.385,8.27,0.55));
#13567=CARTESIAN_POINT('',(-9.385,5.73,0.55));
#13568=CARTESIAN_POINT('',(13.475,-5.8,0.55));
#13569=CARTESIAN_POINT('',(13.475,-5.8,0.55));
#13570=CARTESIAN_POINT('',(14.075,-6.4,0.55));
#13571=CARTESIAN_POINT('',(13.475,-5.73,0.55));
#13572=CARTESIAN_POINT('',(13.475,-8.26999999999999,0.55));
#13573=CARTESIAN_POINT('',(13.475,-8.26999999999999,0.55));
#13574=CARTESIAN_POINT('',(10.935,-8.26999999999999,0.55));
#13575=CARTESIAN_POINT('',(10.935,-8.26999999999999,0.55));
#13576=CARTESIAN_POINT('',(10.935,-5.73000000000001,0.55));
#13577=CARTESIAN_POINT('',(10.935,-5.73000000000001,0.55));
#13578=CARTESIAN_POINT('',(13.475,-5.73,0.55));
#13579=CARTESIAN_POINT('',(13.475,5.8,0.55));
#13580=CARTESIAN_POINT('',(13.475,-3.55707142142713,0.55));
#13581=CARTESIAN_POINT('',(13.425,-3.55707142142713,0.55));
#13582=CARTESIAN_POINT('',(13.425,-3.55707142142713,0.55));
#13583=CARTESIAN_POINT('',(12.175,-3.2,0.55));
#13584=CARTESIAN_POINT('',(12.175,-4.5,0.55));
#13585=CARTESIAN_POINT('',(7.87500000000001,-4.5,0.55));
#13586=CARTESIAN_POINT('',(7.87500000000001,-4.5,0.55));
#13587=CARTESIAN_POINT('',(7.87500000000001,4.5,0.55));
#13588=CARTESIAN_POINT('',(7.87500000000001,4.5,0.550000000000001));
#13589=CARTESIAN_POINT('',(7.87500000000001,4.5,0.550000000000001));
#13590=CARTESIAN_POINT('',(12.175,4.5,0.550000000000001));
#13591=CARTESIAN_POINT('',(12.175,3.2,0.55));
#13592=CARTESIAN_POINT('',(13.425,3.55707142142713,0.55));
#13593=CARTESIAN_POINT('',(13.475,3.55707142142714,0.55));
#13594=CARTESIAN_POINT('',(13.475,3.55707142142714,0.55));
#13595=CARTESIAN_POINT('',(13.475,5.8,0.55));
#13596=CARTESIAN_POINT('',(13.475,5.72999999999999,0.55));
#13597=CARTESIAN_POINT('',(13.475,5.72999999999999,0.55));
#13598=CARTESIAN_POINT('',(10.935,5.72999999999999,0.55));
#13599=CARTESIAN_POINT('',(10.935,5.72999999999999,0.55));
#13600=CARTESIAN_POINT('',(10.935,8.26999999999998,0.55));
#13601=CARTESIAN_POINT('',(10.935,8.26999999999998,0.55));
#13602=CARTESIAN_POINT('',(13.475,8.26999999999998,0.55));
#13603=CARTESIAN_POINT('',(13.475,8.26999999999998,0.55));
#13604=CARTESIAN_POINT('',(13.475,5.80000000000001,0.55));
#13605=CARTESIAN_POINT('',(14.075,6.4,0.55));
#13606=CARTESIAN_POINT('',(14.075,6.4,0.55));
#13607=CARTESIAN_POINT('',(14.075,8.80000000000001,0.55));
#13608=CARTESIAN_POINT('',(14.075,8.8,0.55));
#13609=CARTESIAN_POINT('',(-14.075,8.8,0.55));
#13610=CARTESIAN_POINT('',(-14.075,8.80000000000001,0.55));
#13611=CARTESIAN_POINT('',(-14.075,6.25000000000002,0.55));
#13612=CARTESIAN_POINT('',(-14.075,6.25000000000002,0.55));
#13613=CARTESIAN_POINT('',(-14.075,4.55000000000003,0.55));
#13614=CARTESIAN_POINT('',(-12.375,4.55000000000001,0.55));
#13615=CARTESIAN_POINT('',(-12.375,-4.55000000000001,0.55));
#13616=CARTESIAN_POINT('',(-12.375,-4.55,0.55));
#13617=CARTESIAN_POINT('',(-14.075,-4.55,0.55));
#13618=CARTESIAN_POINT('',(-14.075,-6.24999999999999,0.55));
#13619=CARTESIAN_POINT('',(-14.075,-8.8,0.55));
#13620=CARTESIAN_POINT('',(-14.075,-8.8,0.55));
#13621=CARTESIAN_POINT('',(14.075,-8.8,0.55));
#13622=CARTESIAN_POINT('',(14.075,-8.79999999999999,0.55));
#13623=CARTESIAN_POINT('',(14.075,-6.4,0.55));
#13624=CARTESIAN_POINT('',(-7.87500000000002,-4.65,0.55));
#13625=CARTESIAN_POINT('',(-7.87500000000002,-4.65,0.55));
#13626=CARTESIAN_POINT('',(-4.87500000000001,-4.65,0.55));
#13627=CARTESIAN_POINT('',(-7.87500000000002,-3.05,0.55));
#13628=CARTESIAN_POINT('',(-7.87500000000002,-3.05,0.55));
#13629=CARTESIAN_POINT('',(-4.87500000000001,-3.05,0.55));
#13630=CARTESIAN_POINT('',(-4.87500000000001,-3.05,0.55));
#13631=CARTESIAN_POINT('',(-4.87500000000001,-4.65,0.55));
#13632=CARTESIAN_POINT('',(-4.87500000000002,0.500000000000007,0.55));
#13633=CARTESIAN_POINT('',(-4.87500000000002,0.500000000000007,0.55));
#13634=CARTESIAN_POINT('',(-4.87500000000002,4.85000000000001,0.55));
#13635=CARTESIAN_POINT('',(-8.07500000000002,0.500000000000007,0.55));
#13636=CARTESIAN_POINT('',(-8.07500000000002,0.500000000000007,0.55));
#13637=CARTESIAN_POINT('',(-8.07500000000002,4.85000000000001,0.55));
#13638=CARTESIAN_POINT('',(-8.07500000000002,4.85000000000001,0.55));
#13639=CARTESIAN_POINT('',(-4.87500000000002,4.85000000000001,0.55));
#13640=CARTESIAN_POINT('',(-2.57500000000003,-2.39999999999999,0.55));
#13641=CARTESIAN_POINT('',(-2.57500000000003,-2.39999999999999,0.55));
#13642=CARTESIAN_POINT('',(-1.17500000000003,-2.39999999999999,0.55));
#13643=CARTESIAN_POINT('',(-2.57500000000003,-0.0999999999999944,0.55));
#13644=CARTESIAN_POINT('',(-2.57500000000003,-0.0999999999999944,0.55));
#13645=CARTESIAN_POINT('',(-1.17500000000003,-0.0999999999999942,0.55));
#13646=CARTESIAN_POINT('',(-1.17500000000002,-0.0999999999999943,0.55));
#13647=CARTESIAN_POINT('',(-1.17500000000003,-2.39999999999999,0.55));
#13648=CARTESIAN_POINT('',(4.42499999999998,-1.39999999999999,0.55));
#13649=CARTESIAN_POINT('',(4.42499999999998,-1.39999999999999,0.55));
#13650=CARTESIAN_POINT('',(4.42499999999998,2.50000000000001,0.55));
#13651=CARTESIAN_POINT('',(-0.375000000000027,-1.39999999999999,0.55));
#13652=CARTESIAN_POINT('',(-0.375000000000027,-1.39999999999999,0.55));
#13653=CARTESIAN_POINT('',(-0.375000000000028,2.50000000000001,0.55));
#13654=CARTESIAN_POINT('',(-0.375000000000028,2.50000000000001,0.55));
#13655=CARTESIAN_POINT('',(4.42499999999998,2.50000000000001,0.55));
#13656=CARTESIAN_POINT('',(3.62499999999998,-2.62023935265845,0.55));
#13657=CARTESIAN_POINT('',(3.62499999999998,-2.62023935265845,0.55));
#13658=CARTESIAN_POINT('',(4.22499999999998,-2.62023935265845,0.55));
#13659=CARTESIAN_POINT('',(3.62499999999998,4.55000000000003,0.55));
#13660=CARTESIAN_POINT('',(3.62499999999998,-2.15119777667611,0.55));
#13661=CARTESIAN_POINT('',(3.62499999999998,-2.15119777667611,0.55));
#13662=CARTESIAN_POINT('',(4.22499999999998,-2.15119777667611,0.55));
#13663=CARTESIAN_POINT('',(4.22499999999998,4.55000000000003,0.55));
#13664=CARTESIAN_POINT('',(-5.47500000000002,-0.53985459492911,0.550000000000001));
#13665=CARTESIAN_POINT('',(-5.47500000000002,-0.53985459492911,0.55));
#13666=CARTESIAN_POINT('',(-5.07500000000002,-0.53985459492911,0.55));
#13667=CARTESIAN_POINT('',(-5.47500000000002,4.55000000000003,0.55));
#13668=CARTESIAN_POINT('',(-5.47500000000002,-0.142991898269422,0.55));
#13669=CARTESIAN_POINT('',(-5.47500000000002,-0.142991898269422,0.55));
#13670=CARTESIAN_POINT('',(-5.07500000000002,-0.142991898269422,0.55));
#13671=CARTESIAN_POINT('',(-5.07500000000002,4.55000000000003,0.55));
#13672=CARTESIAN_POINT('',(-5.57500000000001,-5.63985459492912,0.55));
#13673=CARTESIAN_POINT('',(-5.57500000000001,-5.63985459492911,0.55));
#13674=CARTESIAN_POINT('',(-5.07500000000001,-5.63985459492912,0.55));
#13675=CARTESIAN_POINT('',(-5.57500000000001,4.55000000000003,0.55));
#13676=CARTESIAN_POINT('',(-5.57500000000001,-5.24299189826943,0.55));
#13677=CARTESIAN_POINT('',(-5.57500000000001,-5.24299189826943,0.55));
#13678=CARTESIAN_POINT('',(-5.07500000000001,-5.24299189826943,0.55));
#13679=CARTESIAN_POINT('',(-5.07500000000001,4.55000000000003,0.55));
#13680=CARTESIAN_POINT('',(-7.6808928070797,-7.62227203414027,0.55));
#13681=CARTESIAN_POINT('',(-7.6808928070797,-6.69038524168744,0.55));
#13682=CARTESIAN_POINT('',(-7.6808928070797,-7.62227203414027,0.55));
#13683=CARTESIAN_POINT('',(-7.6808928070797,-6.69038524168744,0.55));
#13684=CARTESIAN_POINT('',(-7.6808928070797,-6.69038524168744,0.55));
#13685=CARTESIAN_POINT('',(-7.54045255550738,-6.69038524168744,0.55));
#13686=CARTESIAN_POINT('',(-7.54045255550738,-6.69038524168744,0.55));
#13687=CARTESIAN_POINT('',(-7.54045255550738,-6.69038524168744,0.55));
#13688=CARTESIAN_POINT('',(-7.54045255550738,-7.62227203414027,0.55));
#13689=CARTESIAN_POINT('',(-7.54045255550738,-7.62227203414027,0.55));
#13690=CARTESIAN_POINT('',(-7.54045255550738,-7.62227203414027,0.55));
#13691=CARTESIAN_POINT('',(-7.18485507123065,-7.62227203414027,0.55));
#13692=CARTESIAN_POINT('',(-7.18485507123065,-7.62227203414027,0.55));
#13693=CARTESIAN_POINT('',(-7.18485507123065,-7.62227203414027,0.55));
#13694=CARTESIAN_POINT('',(-7.18485507123065,-7.74749215992646,0.55));
#13695=CARTESIAN_POINT('',(-7.18485507123065,-7.74749215992646,0.55));
#13696=CARTESIAN_POINT('',(-7.18485507123065,-7.74749215992646,0.55));
#13697=CARTESIAN_POINT('',(-8.03649029135643,-7.74749215992646,0.55));
#13698=CARTESIAN_POINT('',(-8.03649029135643,-7.74749215992646,0.55));
#13699=CARTESIAN_POINT('',(-8.03649029135643,-7.74749215992646,0.55));
#13700=CARTESIAN_POINT('',(-8.03649029135643,-7.62227203414027,0.55));
#13701=CARTESIAN_POINT('',(-8.03649029135643,-7.62227203414027,0.55));
#13702=CARTESIAN_POINT('',(-8.03649029135643,-7.62227203414027,0.55));
#13703=CARTESIAN_POINT('',(-7.6808928070797,-7.62227203414027,0.55));
#13704=CARTESIAN_POINT('',(-9.98772287655095,1.50461279060271,0.55));
#13705=CARTESIAN_POINT('',(-9.98772287655095,1.5065325113706,0.55));
#13706=CARTESIAN_POINT('',(-9.98772287655095,1.50845223213848,0.55));
#13707=CARTESIAN_POINT('',(-9.98772287655095,1.51037195290637,0.55));
#13708=CARTESIAN_POINT('',(-9.98772287655095,1.50461279060271,0.55));
#13709=CARTESIAN_POINT('',(-9.98772287655095,1.51037195290637,0.55));
#13710=CARTESIAN_POINT('',(-9.98772287655095,1.51037195290637,0.55));
#13711=CARTESIAN_POINT('',(-10.0532333477551,1.52836933510533,0.55));
#13712=CARTESIAN_POINT('',(-10.1043459132002,1.56076462306344,0.55));
#13713=CARTESIAN_POINT('',(-10.1403406775981,1.60755781678072,0.55));
#13714=CARTESIAN_POINT('',(-10.176683346782,1.6548032867198,0.55));
#13715=CARTESIAN_POINT('',(-10.1943328241949,1.71338242411056,0.55));
#13716=CARTESIAN_POINT('',(-10.1943328241949,1.78393216233046,0.55));
#13717=CARTESIAN_POINT('',(-10.1943328241949,1.78393216233046,0.55));
#13718=CARTESIAN_POINT('',(-10.1943328241949,1.78393216233046,0.55));
#13719=CARTESIAN_POINT('',(-10.1943328241949,1.83864420421527,0.55));
#13720=CARTESIAN_POINT('',(-10.1842542901635,1.88759708379642,0.55));
#13721=CARTESIAN_POINT('',(-10.1425003634619,1.97110493719957,0.55));
#13722=CARTESIAN_POINT('',(-10.1144244472316,2.00565991102156,0.55));
#13723=CARTESIAN_POINT('',(-10.0798694734096,2.03301593196396,0.55));
#13724=CARTESIAN_POINT('',(-10.0384366952997,2.06581688130099,0.55));
#13725=CARTESIAN_POINT('',(-9.99420193414258,2.08844786913674,0.55));
#13726=CARTESIAN_POINT('',(-9.8991757561321,2.11580389007915,0.55));
#13727=CARTESIAN_POINT('',(-9.83798465665567,2.12228294767077,0.55));
#13728=CARTESIAN_POINT('',(-9.76311554670802,2.12228294767077,0.55));
#13729=CARTESIAN_POINT('',(-9.65801083466614,2.12228294767077,0.55));
#13730=CARTESIAN_POINT('',(-9.55290612262425,2.12228294767077,0.55));
#13731=CARTESIAN_POINT('',(-9.44780141058237,2.12228294767077,0.55));
#13732=CARTESIAN_POINT('',(-9.44780141058237,2.12228294767077,0.55));
#13733=CARTESIAN_POINT('',(-9.44780141058237,2.12228294767077,0.55));
#13734=CARTESIAN_POINT('',(-9.44780141058237,1.7556162810041,0.55));
#13735=CARTESIAN_POINT('',(-9.44780141058237,1.38894961433744,0.55));
#13736=CARTESIAN_POINT('',(-9.44780141058237,1.02228294767077,0.55));
#13737=CARTESIAN_POINT('',(-9.44780141058237,1.02228294767077,0.55));
#13738=CARTESIAN_POINT('',(-9.44780141058237,1.02228294767077,0.55));
#13739=CARTESIAN_POINT('',(-9.54498727445671,1.02228294767077,0.55));
#13740=CARTESIAN_POINT('',(-9.64217313833106,1.02228294767077,0.55));
#13741=CARTESIAN_POINT('',(-9.7393590022054,1.02228294767077,0.55));
#13742=CARTESIAN_POINT('',(-9.81782758859284,1.02228294767077,0.55));
#13743=CARTESIAN_POINT('',(-9.8768590022054,1.0251625288226,0.55));
#13744=CARTESIAN_POINT('',(-9.91573334775514,1.03020179583831,0.55));
#13745=CARTESIAN_POINT('',(-9.95540746904806,1.03534473748739,0.55));
#13746=CARTESIAN_POINT('',(-9.99276214356666,1.0474792827493,0.55));
#13747=CARTESIAN_POINT('',(-10.0287569079646,1.06691645552417,0.55));
#13748=CARTESIAN_POINT('',(-10.0681404640556,1.08818357581331,0.55));
#13749=CARTESIAN_POINT('',(-10.0971469603206,1.11586933510533,0.55));
#13750=CARTESIAN_POINT('',(-10.1151443425195,1.14970441363936,0.55));
#13751=CARTESIAN_POINT('',(-10.1335989623749,1.18439909896748,0.55));
#13752=CARTESIAN_POINT('',(-10.1425003634619,1.22385362829904,0.55));
#13753=CARTESIAN_POINT('',(-10.1425003634619,1.32175938746135,0.55));
#13754=CARTESIAN_POINT('',(-10.1288223529907,1.36783268589067,0.55));
#13755=CARTESIAN_POINT('',(-10.0741103111059,1.44990074871789,0.55));
#13756=CARTESIAN_POINT('',(-10.0366757561321,1.48157614138805,0.55));
#13757=CARTESIAN_POINT('',(-9.98772287655095,1.50461279060271,0.55));
#13758=CARTESIAN_POINT('',(-10.2252883215771,1.58236148170218,0.55));
#13759=CARTESIAN_POINT('',(-11.0553275885928,1.58236148170218,0.55));
#13760=CARTESIAN_POINT('',(-10.2252883215771,1.58236148170218,0.55));
#13761=CARTESIAN_POINT('',(-11.0553275885928,1.58236148170218,0.55));
#13762=CARTESIAN_POINT('',(-11.0553275885928,1.58236148170218,0.55));
#13763=CARTESIAN_POINT('',(-11.0553275885928,1.70114420421527,0.55));
#13764=CARTESIAN_POINT('',(-11.0553275885928,1.70114420421527,0.55));
#13765=CARTESIAN_POINT('',(-11.0553275885928,1.70114420421527,0.55));
#13766=CARTESIAN_POINT('',(-10.2252883215771,1.70114420421527,0.55));
#13767=CARTESIAN_POINT('',(-10.2252883215771,1.70114420421527,0.55));
#13768=CARTESIAN_POINT('',(-10.2252883215771,1.70114420421527,0.55));
#13769=CARTESIAN_POINT('',(-10.2252883215771,1.58236148170218,0.55));
#13770=CARTESIAN_POINT('',(-6.95240224104197,6.89368804049955,0.55));
#13771=CARTESIAN_POINT('',(-6.99898505026629,6.89368804049955,0.55));
#13772=CARTESIAN_POINT('',(-7.04556785949061,6.89368804049955,0.55));
#13773=CARTESIAN_POINT('',(-7.09215066871492,6.89368804049955,0.55));
#13774=CARTESIAN_POINT('',(-6.95240224104197,6.89368804049955,0.55));
#13775=CARTESIAN_POINT('',(-7.09215066871492,6.89368804049955,0.55));
#13776=CARTESIAN_POINT('',(-7.09215066871492,6.89368804049955,0.55));
#13777=CARTESIAN_POINT('',(-7.09215066871492,7.1134574325331,0.55));
#13778=CARTESIAN_POINT('',(-7.09215066871492,7.33322682456664,0.55));
#13779=CARTESIAN_POINT('',(-7.09215066871492,7.55299621660017,0.55));
#13780=CARTESIAN_POINT('',(-7.09215066871492,7.62632954993351,0.55));
#13781=CARTESIAN_POINT('',(-7.08523242972121,7.68928552477627,0.55));
#13782=CARTESIAN_POINT('',(-7.07001230393505,7.74186414112847,0.55));
#13783=CARTESIAN_POINT('',(-7.05484566740884,7.79425797640084,0.55));
#13784=CARTESIAN_POINT('',(-7.02919469387216,7.83871948704042,0.55));
#13785=CARTESIAN_POINT('',(-6.99183620330612,7.87538615370709,0.55));
#13786=CARTESIAN_POINT('',(-6.95831470705499,7.90828688150912,0.55));
#13787=CARTESIAN_POINT('',(-6.91850286997279,7.93211571345551,0.55));
#13788=CARTESIAN_POINT('',(-6.87422614041304,7.94871948704042,0.55));
#13789=CARTESIAN_POINT('',(-6.82957032926459,7.96546541622109,0.55));
#13790=CARTESIAN_POINT('',(-6.7746034989036,7.97224149961904,0.55));
#13791=CARTESIAN_POINT('',(-6.70957205236272,7.97224149961904,0.55));
#13792=CARTESIAN_POINT('',(-6.70957205236272,7.97224149961904,0.55));
#13793=CARTESIAN_POINT('',(-6.70957205236272,7.97224149961904,0.55));
#13794=CARTESIAN_POINT('',(-6.6479997253187,7.97224149961904,0.55));
#13795=CARTESIAN_POINT('',(-6.59334563726838,7.96393961282658,0.55));
#13796=CARTESIAN_POINT('',(-6.54699343601052,7.94802766314105,0.55));
#13797=CARTESIAN_POINT('',(-6.50042877946591,7.93204278104364,0.55));
#13798=CARTESIAN_POINT('',(-6.46120727248851,7.90721005307815,0.55));
#13799=CARTESIAN_POINT('',(-6.42869154921807,7.87538615370709,0.55));
#13800=CARTESIAN_POINT('',(-6.39128155176288,7.83877211364456,0.55));
#13801=CARTESIAN_POINT('',(-6.3657355743753,7.79444275748067,0.55));
#13802=CARTESIAN_POINT('',(-6.33529532280297,7.69205282037376,0.55));
#13803=CARTESIAN_POINT('',(-6.32768525990989,7.62840502163162,0.55));
#13804=CARTESIAN_POINT('',(-6.32768525990989,7.55299621660017,0.55));
#13805=CARTESIAN_POINT('',(-6.32768525990989,7.33322682456664,0.55));
#13806=CARTESIAN_POINT('',(-6.32768525990989,7.1134574325331,0.55));
#13807=CARTESIAN_POINT('',(-6.32768525990989,6.89368804049955,0.55));
#13808=CARTESIAN_POINT('',(-6.32768525990989,6.89368804049955,0.55));
#13809=CARTESIAN_POINT('',(-6.32768525990989,6.89368804049955,0.55));
#13810=CARTESIAN_POINT('',(-6.37426806913421,6.89368804049955,0.55));
#13811=CARTESIAN_POINT('',(-6.42085087835853,6.89368804049955,0.55));
#13812=CARTESIAN_POINT('',(-6.46743368758285,6.89368804049955,0.55));
#13813=CARTESIAN_POINT('',(-6.46743368758285,6.89368804049955,0.55));
#13814=CARTESIAN_POINT('',(-6.46743368758285,6.89368804049955,0.55));
#13815=CARTESIAN_POINT('',(-6.46743368758285,7.11322682456664,0.55));
#13816=CARTESIAN_POINT('',(-6.46743368758285,7.33276560863372,0.55));
#13817=CARTESIAN_POINT('',(-6.46743368758285,7.5523043927008,0.55));
#13818=CARTESIAN_POINT('',(-6.46743368758285,7.60142388955615,0.55));
#13819=CARTESIAN_POINT('',(-6.4708928070797,7.64224149961904,0.55));
#13820=CARTESIAN_POINT('',(-6.47711922217404,7.67544904678885,0.55));
#13821=CARTESIAN_POINT('',(-6.48347094876714,7.70932492195201,0.55));
#13822=CARTESIAN_POINT('',(-6.49510664355769,7.73909684553099,0.55));
#13823=CARTESIAN_POINT('',(-6.51309406494134,7.76538615370709,0.55));
#13824=CARTESIAN_POINT('',(-6.53248993535786,7.79373396431585,0.55));
#13825=CARTESIAN_POINT('',(-6.55806261840046,7.81519747446181,0.55));
#13826=CARTESIAN_POINT('',(-6.5905783416709,7.8297257763486,0.55));
#13827=CARTESIAN_POINT('',(-6.62335173671065,7.84436920817487,0.55));
#13828=CARTESIAN_POINT('',(-6.66252802720549,7.85186414112847,0.55));
#13829=CARTESIAN_POINT('',(-6.75384878192247,7.85186414112847,0.55));
#13830=CARTESIAN_POINT('',(-6.79328274418662,7.84494590213476,0.55));
#13831=CARTESIAN_POINT('',(-6.82718211525581,7.8297257763486,0.55));
#13832=CARTESIAN_POINT('',(-6.86082298158893,7.81462171391332,0.55));
#13833=CARTESIAN_POINT('',(-6.88806261840046,7.7937509335813,0.55));
#13834=CARTESIAN_POINT('',(-6.90674186368348,7.76538615370709,0.55));
#13835=CARTESIAN_POINT('',(-6.92457628003046,7.73830426221723,0.55));
#13836=CARTESIAN_POINT('',(-6.93649029135643,7.70865659395866,0.55));
#13837=CARTESIAN_POINT('',(-6.94271670645077,7.67614087068822,0.55));
#13838=CARTESIAN_POINT('',(-6.94896759217212,7.64349735636563,0.55));
#13839=CARTESIAN_POINT('',(-6.95240224104197,7.60349936125426,0.55));
#13840=CARTESIAN_POINT('',(-6.95240224104197,7.55645533609703,0.55));
#13841=CARTESIAN_POINT('',(-6.95240224104197,7.33553290423121,0.55));
#13842=CARTESIAN_POINT('',(-6.95240224104197,7.11461047236538,0.55));
#13843=CARTESIAN_POINT('',(-6.95240224104197,6.89368804049955,0.55));
#13844=CARTESIAN_POINT('',(-8.03441481965832,7.43192703421024,0.55));
#13845=CARTESIAN_POINT('',(-8.83139595173379,7.43192703421024,0.55));
#13846=CARTESIAN_POINT('',(-8.03441481965832,7.43192703421024,0.55));
#13847=CARTESIAN_POINT('',(-8.83139595173379,7.43192703421024,0.55));
#13848=CARTESIAN_POINT('',(-8.83139595173379,7.43192703421024,0.55));
#13849=CARTESIAN_POINT('',(-8.83139595173379,7.54607797760646,0.55));
#13850=CARTESIAN_POINT('',(-8.83139595173379,7.54607797760646,0.55));
#13851=CARTESIAN_POINT('',(-8.83139595173379,7.54607797760646,0.55));
#13852=CARTESIAN_POINT('',(-8.03441481965832,7.54607797760646,0.55));
#13853=CARTESIAN_POINT('',(-8.03441481965832,7.54607797760646,0.55));
#13854=CARTESIAN_POINT('',(-8.03441481965832,7.54607797760646,0.55));
#13855=CARTESIAN_POINT('',(-8.03441481965832,7.43192703421024,0.55));
#13856=CARTESIAN_POINT('',(-7.6808928070797,7.01890816628572,0.55));
#13857=CARTESIAN_POINT('',(-7.6808928070797,7.95079495873853,0.55));
#13858=CARTESIAN_POINT('',(-7.6808928070797,7.01890816628572,0.55));
#13859=CARTESIAN_POINT('',(-7.6808928070797,7.95079495873853,0.55));
#13860=CARTESIAN_POINT('',(-7.6808928070797,7.95079495873853,0.55));
#13861=CARTESIAN_POINT('',(-7.54045255550738,7.95079495873853,0.55));
#13862=CARTESIAN_POINT('',(-7.54045255550738,7.95079495873853,0.55));
#13863=CARTESIAN_POINT('',(-7.54045255550738,7.95079495873853,0.55));
#13864=CARTESIAN_POINT('',(-7.54045255550738,7.01890816628572,0.55));
#13865=CARTESIAN_POINT('',(-7.54045255550738,7.01890816628572,0.55));
#13866=CARTESIAN_POINT('',(-7.54045255550738,7.01890816628572,0.55));
#13867=CARTESIAN_POINT('',(-7.18485507123065,7.01890816628572,0.55));
#13868=CARTESIAN_POINT('',(-7.18485507123065,7.01890816628572,0.55));
#13869=CARTESIAN_POINT('',(-7.18485507123065,7.01890816628572,0.55));
#13870=CARTESIAN_POINT('',(-7.18485507123065,6.89368804049955,0.55));
#13871=CARTESIAN_POINT('',(-7.18485507123065,6.89368804049955,0.55));
#13872=CARTESIAN_POINT('',(-7.18485507123065,6.89368804049955,0.55));
#13873=CARTESIAN_POINT('',(-8.03649029135643,6.89368804049955,0.55));
#13874=CARTESIAN_POINT('',(-8.03649029135643,6.89368804049955,0.55));
#13875=CARTESIAN_POINT('',(-8.03649029135643,6.89368804049955,0.55));
#13876=CARTESIAN_POINT('',(-8.03649029135643,7.01890816628572,0.55));
#13877=CARTESIAN_POINT('',(-8.03649029135643,7.01890816628572,0.55));
#13878=CARTESIAN_POINT('',(-8.03649029135643,7.01890816628572,0.55));
#13879=CARTESIAN_POINT('',(-7.6808928070797,7.01890816628572,0.55));
#13880=CARTESIAN_POINT('',(-10.8400788974934,-1.58763851829782,0.55));
#13881=CARTESIAN_POINT('',(-11.2122647613677,-1.58763851829782,0.55));
#13882=CARTESIAN_POINT('',(-10.8400788974934,-1.58763851829782,0.55));
#13883=CARTESIAN_POINT('',(-11.2122647613677,-1.58763851829782,0.55));
#13884=CARTESIAN_POINT('',(-11.2122647613677,-1.58763851829782,0.55));
#13885=CARTESIAN_POINT('',(-11.2122647613677,-1.46885579578473,0.55));
#13886=CARTESIAN_POINT('',(-11.2122647613677,-1.46885579578473,0.55));
#13887=CARTESIAN_POINT('',(-11.2122647613677,-1.46885579578473,0.55));
#13888=CARTESIAN_POINT('',(-10.8400788974934,-1.46885579578473,0.55));
#13889=CARTESIAN_POINT('',(-10.8400788974934,-1.46885579578473,0.55));
#13890=CARTESIAN_POINT('',(-10.8400788974934,-1.46885579578473,0.55));
#13891=CARTESIAN_POINT('',(-10.8400788974934,-1.09666993191038,0.55));
#13892=CARTESIAN_POINT('',(-10.8400788974934,-1.09666993191038,0.55));
#13893=CARTESIAN_POINT('',(-10.8400788974934,-1.09666993191038,0.55));
#13894=CARTESIAN_POINT('',(-10.7169768032525,-1.09666993191038,0.55));
#13895=CARTESIAN_POINT('',(-10.7169768032525,-1.09666993191038,0.55));
#13896=CARTESIAN_POINT('',(-10.7169768032525,-1.09666993191038,0.55));
#13897=CARTESIAN_POINT('',(-10.7169768032525,-1.46885579578473,0.55));
#13898=CARTESIAN_POINT('',(-10.7169768032525,-1.46885579578473,0.55));
#13899=CARTESIAN_POINT('',(-10.7169768032525,-1.46885579578473,0.55));
#13900=CARTESIAN_POINT('',(-10.3447909393782,-1.46885579578473,0.55));
#13901=CARTESIAN_POINT('',(-10.3447909393782,-1.46885579578473,0.55));
#13902=CARTESIAN_POINT('',(-10.3447909393782,-1.46885579578473,0.55));
#13903=CARTESIAN_POINT('',(-10.3447909393782,-1.58763851829782,0.55));
#13904=CARTESIAN_POINT('',(-10.3447909393782,-1.58763851829782,0.55));
#13905=CARTESIAN_POINT('',(-10.3447909393782,-1.58763851829782,0.55));
#13906=CARTESIAN_POINT('',(-10.7169768032525,-1.58763851829782,0.55));
#13907=CARTESIAN_POINT('',(-10.7169768032525,-1.58763851829782,0.55));
#13908=CARTESIAN_POINT('',(-10.7169768032525,-1.58763851829782,0.55));
#13909=CARTESIAN_POINT('',(-10.7169768032525,-1.9591044868842,0.55));
#13910=CARTESIAN_POINT('',(-10.7169768032525,-1.9591044868842,0.55));
#13911=CARTESIAN_POINT('',(-10.7169768032525,-1.9591044868842,0.55));
#13912=CARTESIAN_POINT('',(-10.8400788974934,-1.9591044868842,0.55));
#13913=CARTESIAN_POINT('',(-10.8400788974934,-1.9591044868842,0.55));
#13914=CARTESIAN_POINT('',(-10.8400788974934,-1.9591044868842,0.55));
#13915=CARTESIAN_POINT('',(-10.8400788974934,-1.58763851829782,0.55));
#13916=CARTESIAN_POINT('',(-8.62454060582184,-7.20925316621575,0.55));
#13917=CARTESIAN_POINT('',(-8.98221356179668,-7.20925316621575,0.55));
#13918=CARTESIAN_POINT('',(-8.62454060582184,-7.20925316621575,0.55));
#13919=CARTESIAN_POINT('',(-8.98221356179668,-7.20925316621575,0.55));
#13920=CARTESIAN_POINT('',(-8.98221356179668,-7.20925316621575,0.55));
#13921=CARTESIAN_POINT('',(-8.98221356179668,-7.09510222281952,0.55));
#13922=CARTESIAN_POINT('',(-8.98221356179668,-7.09510222281952,0.55));
#13923=CARTESIAN_POINT('',(-8.98221356179668,-7.09510222281952,0.55));
#13924=CARTESIAN_POINT('',(-8.62454060582184,-7.09510222281952,0.55));
#13925=CARTESIAN_POINT('',(-8.62454060582184,-7.09510222281952,0.55));
#13926=CARTESIAN_POINT('',(-8.62454060582184,-7.09510222281952,0.55));
#13927=CARTESIAN_POINT('',(-8.62454060582184,-6.73742926684468,0.55));
#13928=CARTESIAN_POINT('',(-8.62454060582184,-6.73742926684468,0.55));
#13929=CARTESIAN_POINT('',(-8.62454060582184,-6.73742926684468,0.55));
#13930=CARTESIAN_POINT('',(-8.50623871902939,-6.73742926684468,0.55));
#13931=CARTESIAN_POINT('',(-8.50623871902939,-6.73742926684468,0.55));
#13932=CARTESIAN_POINT('',(-8.50623871902939,-6.73742926684468,0.55));
#13933=CARTESIAN_POINT('',(-8.50623871902939,-7.09510222281952,0.55));
#13934=CARTESIAN_POINT('',(-8.50623871902939,-7.09510222281952,0.55));
#13935=CARTESIAN_POINT('',(-8.50623871902939,-7.09510222281952,0.55));
#13936=CARTESIAN_POINT('',(-8.14856576305455,-7.09510222281952,0.55));
#13937=CARTESIAN_POINT('',(-8.14856576305455,-7.09510222281952,0.55));
#13938=CARTESIAN_POINT('',(-8.14856576305455,-7.09510222281952,0.55));
#13939=CARTESIAN_POINT('',(-8.14856576305455,-7.20925316621575,0.55));
#13940=CARTESIAN_POINT('',(-8.14856576305455,-7.20925316621575,0.55));
#13941=CARTESIAN_POINT('',(-8.14856576305455,-7.20925316621575,0.55));
#13942=CARTESIAN_POINT('',(-8.50623871902939,-7.20925316621575,0.55));
#13943=CARTESIAN_POINT('',(-8.50623871902939,-7.20925316621575,0.55));
#13944=CARTESIAN_POINT('',(-8.50623871902939,-7.20925316621575,0.55));
#13945=CARTESIAN_POINT('',(-8.50623871902939,-7.56623429829122,0.55));
#13946=CARTESIAN_POINT('',(-8.50623871902939,-7.56623429829122,0.55));
#13947=CARTESIAN_POINT('',(-8.50623871902939,-7.56623429829122,0.55));
#13948=CARTESIAN_POINT('',(-8.62454060582184,-7.56623429829122,0.55));
#13949=CARTESIAN_POINT('',(-8.62454060582184,-7.56623429829122,0.55));
#13950=CARTESIAN_POINT('',(-8.62454060582184,-7.56623429829122,0.55));
#13951=CARTESIAN_POINT('',(-8.62454060582184,-7.20925316621575,0.55));
#13952=CARTESIAN_POINT('',(-7.09215066871492,-7.74749215992646,0.55));
#13953=CARTESIAN_POINT('',(-7.09215066871492,-7.52772276789289,0.55));
#13954=CARTESIAN_POINT('',(-7.09215066871492,-7.30795337585935,0.55));
#13955=CARTESIAN_POINT('',(-7.09215066871492,-7.08818398382581,0.55));
#13956=CARTESIAN_POINT('',(-7.09215066871492,-7.01485065049248,0.55));
#13957=CARTESIAN_POINT('',(-7.08523242972121,-6.95189467564971,0.55));
#13958=CARTESIAN_POINT('',(-7.07001230393505,-6.89931605929751,0.55));
#13959=CARTESIAN_POINT('',(-7.05484566740884,-6.84692222402514,0.55));
#13960=CARTESIAN_POINT('',(-7.02919469387216,-6.80246071338556,0.55));
#13961=CARTESIAN_POINT('',(-6.99183620330612,-6.76579404671889,0.55));
#13962=CARTESIAN_POINT('',(-6.95831470705499,-6.73289331891685,0.55));
#13963=CARTESIAN_POINT('',(-6.91850286997279,-6.70906448697046,0.55));
#13964=CARTESIAN_POINT('',(-6.87422614041304,-6.69246071338556,0.55));
#13965=CARTESIAN_POINT('',(-6.82957032926459,-6.67571478420489,0.55));
#13966=CARTESIAN_POINT('',(-6.7746034989036,-6.66893870080694,0.55));
#13967=CARTESIAN_POINT('',(-6.70957205236272,-6.66893870080694,0.55));
#13968=CARTESIAN_POINT('',(-7.09215066871492,-7.74749215992646,0.55));
#13969=CARTESIAN_POINT('',(-6.70957205236272,-6.66893870080694,0.55));
#13970=CARTESIAN_POINT('',(-6.70957205236272,-6.66893870080694,0.55));
#13971=CARTESIAN_POINT('',(-6.6479997253187,-6.66893870080694,0.55));
#13972=CARTESIAN_POINT('',(-6.59334563726838,-6.67724058759939,0.55));
#13973=CARTESIAN_POINT('',(-6.54699343601052,-6.69315253728493,0.55));
#13974=CARTESIAN_POINT('',(-6.50042877946591,-6.70913741938233,0.55));
#13975=CARTESIAN_POINT('',(-6.46120727248851,-6.73397014734782,0.55));
#13976=CARTESIAN_POINT('',(-6.42869154921807,-6.76579404671889,0.55));
#13977=CARTESIAN_POINT('',(-6.39128155176288,-6.80240808678142,0.55));
#13978=CARTESIAN_POINT('',(-6.3657355743753,-6.8467374429453,0.55));
#13979=CARTESIAN_POINT('',(-6.33529532280297,-6.94912738005222,0.55));
#13980=CARTESIAN_POINT('',(-6.32768525990989,-7.01277517879436,0.55));
#13981=CARTESIAN_POINT('',(-6.32768525990989,-7.08818398382581,0.55));
#13982=CARTESIAN_POINT('',(-6.32768525990989,-7.30795337585935,0.55));
#13983=CARTESIAN_POINT('',(-6.32768525990989,-7.52772276789289,0.55));
#13984=CARTESIAN_POINT('',(-6.32768525990989,-7.74749215992646,0.55));
#13985=CARTESIAN_POINT('',(-6.32768525990989,-7.74749215992646,0.55));
#13986=CARTESIAN_POINT('',(-6.32768525990989,-7.74749215992646,0.55));
#13987=CARTESIAN_POINT('',(-6.37426806913421,-7.74749215992646,0.55));
#13988=CARTESIAN_POINT('',(-6.42085087835853,-7.74749215992646,0.55));
#13989=CARTESIAN_POINT('',(-6.46743368758285,-7.74749215992646,0.55));
#13990=CARTESIAN_POINT('',(-6.46743368758285,-7.74749215992646,0.55));
#13991=CARTESIAN_POINT('',(-6.46743368758285,-7.74749215992646,0.55));
#13992=CARTESIAN_POINT('',(-6.46743368758285,-7.52795337585935,0.55));
#13993=CARTESIAN_POINT('',(-6.46743368758285,-7.30841459179226,0.55));
#13994=CARTESIAN_POINT('',(-6.46743368758285,-7.08887580772518,0.55));
#13995=CARTESIAN_POINT('',(-6.46743368758285,-7.03975631086983,0.55));
#13996=CARTESIAN_POINT('',(-6.4708928070797,-6.99893870080694,0.55));
#13997=CARTESIAN_POINT('',(-6.47711922217404,-6.96573115363713,0.55));
#13998=CARTESIAN_POINT('',(-6.48347094876714,-6.93185527847396,0.55));
#13999=CARTESIAN_POINT('',(-6.49510664355769,-6.90208335489499,0.55));
#14000=CARTESIAN_POINT('',(-6.51309406494134,-6.87579404671889,0.55));
#14001=CARTESIAN_POINT('',(-6.53248993535786,-6.84744623611013,0.55));
#14002=CARTESIAN_POINT('',(-6.55806261840046,-6.82598272596417,0.55));
#14003=CARTESIAN_POINT('',(-6.5905783416709,-6.81145442407738,0.55));
#14004=CARTESIAN_POINT('',(-6.62335173671065,-6.79681099225111,0.55));
#14005=CARTESIAN_POINT('',(-6.66252802720549,-6.78931605929751,0.55));
#14006=CARTESIAN_POINT('',(-6.75384878192247,-6.78931605929751,0.55));
#14007=CARTESIAN_POINT('',(-6.79328274418662,-6.79623429829122,0.55));
#14008=CARTESIAN_POINT('',(-6.8271821152558,-6.81145442407738,0.55));
#14009=CARTESIAN_POINT('',(-6.86082298158893,-6.82655848651266,0.55));
#14010=CARTESIAN_POINT('',(-6.88806261840046,-6.84742926684468,0.55));
#14011=CARTESIAN_POINT('',(-6.90674186368348,-6.87579404671889,0.55));
#14012=CARTESIAN_POINT('',(-6.92457628003046,-6.90287593820875,0.55));
#14013=CARTESIAN_POINT('',(-6.93649029135643,-6.93252360646732,0.55));
#14014=CARTESIAN_POINT('',(-6.94271670645077,-6.96503932973776,0.55));
#14015=CARTESIAN_POINT('',(-6.94896759217212,-6.99768284406035,0.55));
#14016=CARTESIAN_POINT('',(-6.95240224104197,-7.03768083917172,0.55));
#14017=CARTESIAN_POINT('',(-6.95240224104197,-7.08472486432895,0.55));
#14018=CARTESIAN_POINT('',(-6.95240224104197,-7.30564729619478,0.55));
#14019=CARTESIAN_POINT('',(-6.95240224104197,-7.52656972806061,0.55));
#14020=CARTESIAN_POINT('',(-6.95240224104197,-7.74749215992646,0.55));
#14021=CARTESIAN_POINT('',(-6.95240224104197,-7.74749215992646,0.55));
#14022=CARTESIAN_POINT('',(-6.95240224104197,-7.74749215992646,0.55));
#14023=CARTESIAN_POINT('',(-6.99898505026629,-7.74749215992646,0.55));
#14024=CARTESIAN_POINT('',(-7.04556785949061,-7.74749215992646,0.55));
#14025=CARTESIAN_POINT('',(-7.09215066871492,-7.74749215992646,0.55));
#14026=CARTESIAN_POINT('',(-6.05787393915518,7.01544904678886,0.55));
#14027=CARTESIAN_POINT('',(-6.09893823247895,7.06227674970194,0.55));
#14028=CARTESIAN_POINT('',(-6.12982362468977,7.11991445559389,0.55));
#14029=CARTESIAN_POINT('',(-6.17410035424952,7.25689558766936,0.55));
#14030=CARTESIAN_POINT('',(-6.18516953663945,7.33507168829829,0.55));
#14031=CARTESIAN_POINT('',(-6.18516953663945,7.50871948704043,0.55));
#14032=CARTESIAN_POINT('',(-6.17479217814889,7.58551193987061,0.55));
#14033=CARTESIAN_POINT('',(-6.15265381336901,7.65469432980772,0.55));
#14034=CARTESIAN_POINT('',(-6.13057971089619,7.72367590003528,0.55));
#14035=CARTESIAN_POINT('',(-6.09938337311744,7.78198992729199,0.55));
#14036=CARTESIAN_POINT('',(-6.05787393915518,7.82834212854986,0.55));
#14037=CARTESIAN_POINT('',(-6.01437344815529,7.87691767683307,0.55));
#14038=CARTESIAN_POINT('',(-5.96516953663945,7.91412829207187,0.55));
#14039=CARTESIAN_POINT('',(-5.90705632909228,7.93765030465048,0.55));
#14040=CARTESIAN_POINT('',(-5.84977816276413,7.96083432435473,0.55));
#14041=CARTESIAN_POINT('',(-5.78667897060172,7.97224149961904,0.55));
#14042=CARTESIAN_POINT('',(-5.64623871902939,7.97224149961904,0.55));
#14043=CARTESIAN_POINT('',(-5.58189909638788,7.96048049332973,0.55));
#14044=CARTESIAN_POINT('',(-5.46705632909228,7.91205282037375,0.55));
#14045=CARTESIAN_POINT('',(-5.41793683223694,7.87607797760646,0.55));
#14046=CARTESIAN_POINT('',(-5.37642739827467,7.82834212854986,0.55));
#14047=CARTESIAN_POINT('',(-5.3359009649014,7.78173673017059,0.55));
#14048=CARTESIAN_POINT('',(-5.30447771274008,7.72387671974482,0.55));
#14049=CARTESIAN_POINT('',(-5.28303117185958,7.65538615370709,0.55));
#14050=CARTESIAN_POINT('',(-5.26152285410049,7.5866983002184,0.55));
#14051=CARTESIAN_POINT('',(-5.25051544858914,7.5094113109398,0.55));
#14052=CARTESIAN_POINT('',(-5.25051544858914,7.33368804049955,0.55));
#14053=CARTESIAN_POINT('',(-5.2608928070797,7.25620376376999,0.55));
#14054=CARTESIAN_POINT('',(-5.30516953663945,7.12198992729201,0.55));
#14055=CARTESIAN_POINT('',(-5.33630161211115,7.06387671974484,0.55));
#14056=CARTESIAN_POINT('',(-5.37711922217404,7.01544904678886,0.55));
#14057=CARTESIAN_POINT('',(-5.41691407861407,6.96823481033459,0.55));
#14058=CARTESIAN_POINT('',(-5.46705632909228,6.93381382666307,0.55));
#14059=CARTESIAN_POINT('',(-5.52447771274008,6.90890816628572,0.55));
#14060=CARTESIAN_POINT('',(-5.581646540516,6.88411204821423,0.55));
#14061=CARTESIAN_POINT('',(-5.64623871902939,6.87293332351842,0.55));
#14062=CARTESIAN_POINT('',(-5.71749658066461,6.87224149961905,0.55));
#14063=CARTESIAN_POINT('',(-5.78943276878665,6.87154309002563,0.55));
#14064=CARTESIAN_POINT('',(-5.85447771274008,6.8853861537071,0.55));
#14065=CARTESIAN_POINT('',(-5.91189909638788,6.91029181408446,0.55));
#14066=CARTESIAN_POINT('',(-5.96990276162918,6.9354500303337,0.55));
#14067=CARTESIAN_POINT('',(-6.01843997689102,6.97048049332974,0.55));
#14068=CARTESIAN_POINT('',(-6.05787393915518,7.01544904678886,0.55));
#14069=CARTESIAN_POINT('',(-6.05787393915518,7.01544904678886,0.55));
#14070=CARTESIAN_POINT('',(2.07500000000001,-6.69999999999999,0.55));
#14071=CARTESIAN_POINT('',(2.07500000000001,-6.69999999999999,0.55));
#14072=CARTESIAN_POINT('',(-0.124999999999995,-6.69999999999999,0.55));
#14073=CARTESIAN_POINT('',(2.07500000000001,-7.8,0.55));
#14074=CARTESIAN_POINT('',(2.07500000000001,-7.8,0.55));
#14075=CARTESIAN_POINT('',(-0.124999999999995,-7.8,0.55));
#14076=CARTESIAN_POINT('',(-0.124999999999995,-7.8,0.55));
#14077=CARTESIAN_POINT('',(-0.124999999999995,-6.69999999999999,0.55));
#14078=CARTESIAN_POINT('',(4.87500000000001,-6.69999999999999,0.55));
#14079=CARTESIAN_POINT('',(4.87500000000001,-6.69999999999999,0.55));
#14080=CARTESIAN_POINT('',(4.87500000000001,-7.8,0.55));
#14081=CARTESIAN_POINT('',(7.075,-6.69999999999999,0.55));
#14082=CARTESIAN_POINT('',(7.075,-6.69999999999999,0.55));
#14083=CARTESIAN_POINT('',(7.075,-7.8,0.55));
#14084=CARTESIAN_POINT('',(7.075,-7.8,0.55));
#14085=CARTESIAN_POINT('',(4.87500000000001,-7.8,0.55));
#14086=CARTESIAN_POINT('',(8.87500000000001,-7.17816610749024E-16,2.1));
#14087=CARTESIAN_POINT('',(8.87500000000001,-4.2,1.8));
#14088=CARTESIAN_POINT('',(8.87500000000001,-4.2,1.8));
#14089=CARTESIAN_POINT('',(8.87500000000001,-4.2,2.35));
#14090=CARTESIAN_POINT('',(8.87500000000001,-3.2,1.8));
#14091=CARTESIAN_POINT('',(8.87500000000001,-3.2,0.800000000000002));
#14092=CARTESIAN_POINT('',(8.87500000000001,3.2,0.800000000000002));
#14093=CARTESIAN_POINT('',(8.87500000000001,3.2,0.800000000000002));
#14094=CARTESIAN_POINT('',(8.87500000000001,3.2,1.8));
#14095=CARTESIAN_POINT('',(8.87500000000001,4.2,1.8));
#14096=CARTESIAN_POINT('',(8.87500000000001,4.2,2.35));
#14097=CARTESIAN_POINT('',(8.87500000000001,4.2,2.35));
#14098=CARTESIAN_POINT('',(8.87500000000001,3.2,2.35));
#14099=CARTESIAN_POINT('',(8.87500000000001,3.2,3.35));
#14100=CARTESIAN_POINT('',(8.87500000000001,-3.20000000000001,3.35));
#14101=CARTESIAN_POINT('',(8.87500000000001,-3.2,3.35));
#14102=CARTESIAN_POINT('',(8.87500000000001,-3.2,2.35));
#14103=CARTESIAN_POINT('',(8.87500000000001,-3.25,2.475));
#14104=CARTESIAN_POINT('',(8.87500000000001,-3.25,2.475));
#14105=CARTESIAN_POINT('',(8.87500000000001,-3.25,1.675));
#14106=CARTESIAN_POINT('',(8.87500000000001,3.24999999999999,2.475));
#14107=CARTESIAN_POINT('',(8.87500000000001,3.25,2.475));
#14108=CARTESIAN_POINT('',(8.87500000000001,3.25,1.675));
#14109=CARTESIAN_POINT('',(8.87500000000001,3.25,1.675));
#14110=CARTESIAN_POINT('',(8.87500000000001,-3.25000000000001,1.675));
#14111=CARTESIAN_POINT('',(14.875,-3.2,2.35));
#14112=CARTESIAN_POINT('',(14.875,-4.5,1.8));
#14113=CARTESIAN_POINT('',(14.875,-4.5,1.8));
#14114=CARTESIAN_POINT('',(14.875,-4.5,2.35));
#14115=CARTESIAN_POINT('',(14.875,-3.2,1.8));
#14116=CARTESIAN_POINT('',(14.875,-3.2,0.500000000000002));
#14117=CARTESIAN_POINT('',(14.875,-3.2,0.500000000000002));
#14118=CARTESIAN_POINT('',(14.875,3.2,0.500000000000002));
#14119=CARTESIAN_POINT('',(14.875,3.2,1.8));
#14120=CARTESIAN_POINT('',(14.875,4.5,1.8));
#14121=CARTESIAN_POINT('',(14.875,4.5,2.35));
#14122=CARTESIAN_POINT('',(14.875,4.5,2.35));
#14123=CARTESIAN_POINT('',(14.875,3.2,2.35));
#14124=CARTESIAN_POINT('',(14.875,3.2,3.65));
#14125=CARTESIAN_POINT('',(14.875,-3.2,3.65));
#14126=CARTESIAN_POINT('',(14.875,-3.2,3.65));
#14127=CARTESIAN_POINT('',(14.875,-3.2,2.35));
#14128=CARTESIAN_POINT('',(14.875,-3.2,2.35));
#14129=CARTESIAN_POINT('',(14.875,-3.2,3.35));
#14130=CARTESIAN_POINT('',(14.875,-4.2,2.35));
#14131=CARTESIAN_POINT('',(14.875,-3.20000000000001,3.35));
#14132=CARTESIAN_POINT('',(14.875,3.2,3.35));
#14133=CARTESIAN_POINT('',(14.875,3.2,2.35));
#14134=CARTESIAN_POINT('',(14.875,4.2,2.35));
#14135=CARTESIAN_POINT('',(14.875,4.2,2.35));
#14136=CARTESIAN_POINT('',(14.875,4.2,1.8));
#14137=CARTESIAN_POINT('',(14.875,3.2,1.8));
#14138=CARTESIAN_POINT('',(14.875,3.2,0.800000000000002));
#14139=CARTESIAN_POINT('',(14.875,3.2,0.800000000000002));
#14140=CARTESIAN_POINT('',(14.875,-3.2,0.800000000000002));
#14141=CARTESIAN_POINT('',(14.875,-3.2,1.8));
#14142=CARTESIAN_POINT('',(14.875,-4.2,1.8));
#14143=CARTESIAN_POINT('',(14.875,-4.2,1.8));
#14144=CARTESIAN_POINT('',(-7.67500000000001,-2.85,1.05));
#14145=CARTESIAN_POINT('',(-7.17500000000001,-2.85,1.05));
#14146=CARTESIAN_POINT('',(-7.17500000000001,-2.85,1.35));
#14147=CARTESIAN_POINT('',(-7.17500000000001,-2.56022225211327,1.12764571353075));
#14148=CARTESIAN_POINT('',(-7.67500000000001,-2.56022225211327,1.12764571353075));
#14149=CARTESIAN_POINT('',(-7.67500000000001,-2.56022225211327,1.12764571353075));
#14150=CARTESIAN_POINT('',(-7.67500000000001,-2.85,1.05));
#14151=CARTESIAN_POINT('',(-7.67500000000001,-2.85,1.35));
#14152=CARTESIAN_POINT('',(-7.67500000000001,-2.85,1.35));
#14153=CARTESIAN_POINT('',(-7.67500000000001,-2.56022225211327,1.12764571353076));
#14154=CARTESIAN_POINT('',(-7.17500000000001,-2.56022225211327,1.12764571353076));
#14155=CARTESIAN_POINT('',(-7.17500000000001,-2.49481202690096,0.883531429703866));
#14156=CARTESIAN_POINT('',(-7.67500000000001,-2.49481202690096,0.883531429703866));
#14157=CARTESIAN_POINT('',(-7.67500000000001,-2.49481202690096,0.883531429703866));
#14158=CARTESIAN_POINT('',(-7.67500000000001,-2.56022225211327,1.12764571353076));
#14159=CARTESIAN_POINT('',(-7.67500000000001,-2.06014540507088,1.));
#14160=CARTESIAN_POINT('',(-7.17500000000001,-2.06014540507088,1.));
#14161=CARTESIAN_POINT('',(-7.67500000000001,-2.06014540507088,1.));
#14162=CARTESIAN_POINT('',(-7.67500000000001,-2.06014540507088,1.));
#14163=CARTESIAN_POINT('',(-7.17500000000001,-2.06014540507088,1.));
#14164=CARTESIAN_POINT('',(-7.17500000000001,-2.63970090084432,0.844708572938488));
#14165=CARTESIAN_POINT('',(-7.67500000000001,-2.63970090084432,0.844708572938488));
#14166=CARTESIAN_POINT('',(-7.67500000000001,-2.63970090084432,0.844708572938488));
#14167=CARTESIAN_POINT('',(-7.67500000000001,-2.06014540507088,1.));
#14168=CARTESIAN_POINT('',(-7.67500000000001,-2.70511112605664,1.08882285676538));
#14169=CARTESIAN_POINT('',(-7.17500000000001,-2.70511112605664,1.08882285676538));
#14170=CARTESIAN_POINT('',(-7.17500000000001,-2.70511112605664,1.08882285676538));
#14171=CARTESIAN_POINT('',(-7.67500000000001,-2.70511112605664,1.08882285676538));
#14172=CARTESIAN_POINT('',(-7.67500000000001,-2.70511112605664,1.08882285676538));
#14173=CARTESIAN_POINT('',(-7.67500000000001,-2.70511112605664,1.08882285676538));
#14174=CARTESIAN_POINT('',(-7.67500000000001,-2.85,1.05));
#14175=CARTESIAN_POINT('',(-7.17500000000001,-2.85,1.05));
#14176=CARTESIAN_POINT('',(-7.17500000000001,-2.85,1.2));
#14177=CARTESIAN_POINT('',(-7.67500000000001,-2.85,1.2));
#14178=CARTESIAN_POINT('',(-7.67500000000001,-2.85,1.2));
#14179=CARTESIAN_POINT('',(-7.67500000000001,-2.85,1.05));
#14180=CARTESIAN_POINT('',(-6.62500000000001,-2.85,1.05));
#14181=CARTESIAN_POINT('',(-6.12500000000001,-2.85,1.05));
#14182=CARTESIAN_POINT('',(-6.12500000000001,-2.85,1.35));
#14183=CARTESIAN_POINT('',(-6.12500000000001,-2.56022225211327,1.12764571353075));
#14184=CARTESIAN_POINT('',(-6.62500000000001,-2.56022225211327,1.12764571353075));
#14185=CARTESIAN_POINT('',(-6.62500000000001,-2.56022225211327,1.12764571353075));
#14186=CARTESIAN_POINT('',(-6.62500000000001,-2.85,1.05));
#14187=CARTESIAN_POINT('',(-6.62500000000001,-2.85,1.35));
#14188=CARTESIAN_POINT('',(-6.62500000000001,-2.85,1.35));
#14189=CARTESIAN_POINT('',(-6.62500000000001,-2.56022225211327,1.12764571353076));
#14190=CARTESIAN_POINT('',(-6.12500000000001,-2.56022225211327,1.12764571353076));
#14191=CARTESIAN_POINT('',(-6.12500000000001,-2.49481202690096,0.883531429703866));
#14192=CARTESIAN_POINT('',(-6.62500000000001,-2.49481202690096,0.883531429703866));
#14193=CARTESIAN_POINT('',(-6.62500000000001,-2.49481202690096,0.883531429703866));
#14194=CARTESIAN_POINT('',(-6.62500000000001,-2.56022225211327,1.12764571353076));
#14195=CARTESIAN_POINT('',(-6.62500000000001,-2.06014540507088,1.));
#14196=CARTESIAN_POINT('',(-6.12500000000001,-2.06014540507088,1.));
#14197=CARTESIAN_POINT('',(-6.62500000000001,-2.06014540507088,1.));
#14198=CARTESIAN_POINT('',(-6.62500000000001,-2.06014540507088,1.));
#14199=CARTESIAN_POINT('',(-6.12500000000001,-2.06014540507088,1.));
#14200=CARTESIAN_POINT('',(-6.12500000000001,-2.63970090084432,0.844708572938489));
#14201=CARTESIAN_POINT('',(-6.62500000000001,-2.63970090084432,0.844708572938489));
#14202=CARTESIAN_POINT('',(-6.62500000000001,-2.63970090084432,0.844708572938489));
#14203=CARTESIAN_POINT('',(-6.62500000000001,-2.06014540507088,1.));
#14204=CARTESIAN_POINT('',(-6.62500000000001,-2.70511112605664,1.08882285676538));
#14205=CARTESIAN_POINT('',(-6.12500000000001,-2.70511112605664,1.08882285676538));
#14206=CARTESIAN_POINT('',(-6.12500000000001,-2.70511112605664,1.08882285676538));
#14207=CARTESIAN_POINT('',(-6.62500000000001,-2.70511112605664,1.08882285676538));
#14208=CARTESIAN_POINT('',(-6.62500000000001,-2.70511112605664,1.08882285676538));
#14209=CARTESIAN_POINT('',(-6.62500000000001,-2.70511112605664,1.08882285676538));
#14210=CARTESIAN_POINT('',(-6.62500000000001,-2.85,1.05));
#14211=CARTESIAN_POINT('',(-6.12500000000001,-2.85,1.05));
#14212=CARTESIAN_POINT('',(-6.12500000000001,-2.85,1.2));
#14213=CARTESIAN_POINT('',(-6.62500000000001,-2.85,1.2));
#14214=CARTESIAN_POINT('',(-6.62500000000001,-2.85,1.2));
#14215=CARTESIAN_POINT('',(-6.62500000000001,-2.85,1.05));
#14216=CARTESIAN_POINT('',(-5.57500000000001,-2.85,1.05));
#14217=CARTESIAN_POINT('',(-5.07500000000001,-2.85,1.05));
#14218=CARTESIAN_POINT('',(-5.07500000000001,-2.85,1.35));
#14219=CARTESIAN_POINT('',(-5.07500000000001,-2.56022225211327,1.12764571353076));
#14220=CARTESIAN_POINT('',(-5.57500000000001,-2.56022225211327,1.12764571353076));
#14221=CARTESIAN_POINT('',(-5.57500000000001,-2.56022225211327,1.12764571353076));
#14222=CARTESIAN_POINT('',(-5.57500000000001,-2.85,1.05));
#14223=CARTESIAN_POINT('',(-5.57500000000001,-2.85,1.35));
#14224=CARTESIAN_POINT('',(-5.57500000000001,-2.85,1.35));
#14225=CARTESIAN_POINT('',(-5.57500000000001,-2.56022225211327,1.12764571353076));
#14226=CARTESIAN_POINT('',(-5.07500000000001,-2.56022225211327,1.12764571353076));
#14227=CARTESIAN_POINT('',(-5.07500000000001,-2.49481202690096,0.883531429703867));
#14228=CARTESIAN_POINT('',(-5.57500000000001,-2.49481202690096,0.883531429703867));
#14229=CARTESIAN_POINT('',(-5.57500000000001,-2.49481202690096,0.883531429703867));
#14230=CARTESIAN_POINT('',(-5.57500000000001,-2.56022225211327,1.12764571353076));
#14231=CARTESIAN_POINT('',(-5.57500000000001,-2.06014540507088,1.));
#14232=CARTESIAN_POINT('',(-5.07500000000001,-2.06014540507088,1.));
#14233=CARTESIAN_POINT('',(-5.57500000000001,-2.06014540507088,1.));
#14234=CARTESIAN_POINT('',(-5.57500000000001,-2.06014540507088,1.));
#14235=CARTESIAN_POINT('',(-5.07500000000001,-2.06014540507088,1.));
#14236=CARTESIAN_POINT('',(-5.07500000000001,-2.63970090084432,0.844708572938489));
#14237=CARTESIAN_POINT('',(-5.57500000000001,-2.63970090084432,0.844708572938489));
#14238=CARTESIAN_POINT('',(-5.57500000000001,-2.63970090084432,0.844708572938489));
#14239=CARTESIAN_POINT('',(-5.57500000000001,-2.06014540507088,1.));
#14240=CARTESIAN_POINT('',(-5.57500000000001,-2.70511112605664,1.08882285676538));
#14241=CARTESIAN_POINT('',(-5.07500000000001,-2.70511112605664,1.08882285676538));
#14242=CARTESIAN_POINT('',(-5.07500000000001,-2.70511112605664,1.08882285676538));
#14243=CARTESIAN_POINT('',(-5.57500000000001,-2.70511112605664,1.08882285676538));
#14244=CARTESIAN_POINT('',(-5.57500000000001,-2.70511112605664,1.08882285676538));
#14245=CARTESIAN_POINT('',(-5.57500000000001,-2.70511112605664,1.08882285676538));
#14246=CARTESIAN_POINT('',(-5.57500000000001,-2.85,1.05));
#14247=CARTESIAN_POINT('',(-5.07500000000001,-2.85,1.05));
#14248=CARTESIAN_POINT('',(-5.07500000000001,-2.85,1.2));
#14249=CARTESIAN_POINT('',(-5.57500000000001,-2.85,1.2));
#14250=CARTESIAN_POINT('',(-5.57500000000001,-2.85,1.2));
#14251=CARTESIAN_POINT('',(-5.57500000000001,-2.85,1.05));
#14252=CARTESIAN_POINT('',(-7.67500000000001,-4.65,1.35));
#14253=CARTESIAN_POINT('',(-7.17500000000001,-4.65,1.35));
#14254=CARTESIAN_POINT('',(-7.17500000000001,-4.85,1.35));
#14255=CARTESIAN_POINT('',(-7.67500000000001,-4.65,1.35));
#14256=CARTESIAN_POINT('',(-7.67500000000001,-4.85,1.35));
#14257=CARTESIAN_POINT('',(-7.67500000000001,-4.85,1.35));
#14258=CARTESIAN_POINT('',(-7.67500000000001,-4.85,1.05));
#14259=CARTESIAN_POINT('',(-7.17500000000001,-4.85,1.05));
#14260=CARTESIAN_POINT('',(-7.17500000000001,-5.13977774788672,1.12764571353075));
#14261=CARTESIAN_POINT('',(-7.67500000000001,-4.85,1.05));
#14262=CARTESIAN_POINT('',(-7.67500000000001,-5.13977774788672,1.12764571353075));
#14263=CARTESIAN_POINT('',(-7.67500000000001,-5.13977774788672,1.12764571353075));
#14264=CARTESIAN_POINT('',(-7.67500000000001,-5.13977774788672,1.12764571353076));
#14265=CARTESIAN_POINT('',(-7.17500000000001,-5.13977774788672,1.12764571353076));
#14266=CARTESIAN_POINT('',(-7.17500000000001,-5.20518797309903,0.883531429703866));
#14267=CARTESIAN_POINT('',(-7.67500000000001,-5.13977774788672,1.12764571353076));
#14268=CARTESIAN_POINT('',(-7.67500000000001,-5.20518797309903,0.883531429703866));
#14269=CARTESIAN_POINT('',(-7.67500000000001,-5.20518797309903,0.883531429703866));
#14270=CARTESIAN_POINT('',(-7.67500000000001,-5.63985459492912,1.));
#14271=CARTESIAN_POINT('',(-7.17500000000001,-5.63985459492912,1.));
#14272=CARTESIAN_POINT('',(-7.67500000000001,-5.63985459492912,1.));
#14273=CARTESIAN_POINT('',(-7.67500000000001,-5.63985459492912,1.));
#14274=CARTESIAN_POINT('',(-7.17500000000001,-5.63985459492912,1.));
#14275=CARTESIAN_POINT('',(-7.17500000000001,-5.06029909915567,0.844708572938488));
#14276=CARTESIAN_POINT('',(-7.67500000000001,-5.63985459492912,1.));
#14277=CARTESIAN_POINT('',(-7.67500000000001,-5.06029909915567,0.844708572938488));
#14278=CARTESIAN_POINT('',(-7.67500000000001,-5.06029909915567,0.844708572938488));
#14279=CARTESIAN_POINT('',(-7.67500000000001,-4.99488887394336,1.08882285676538));
#14280=CARTESIAN_POINT('',(-7.17500000000001,-4.99488887394336,1.08882285676538));
#14281=CARTESIAN_POINT('',(-7.17500000000001,-4.99488887394336,1.08882285676538));
#14282=CARTESIAN_POINT('',(-7.67500000000001,-4.99488887394336,1.08882285676538));
#14283=CARTESIAN_POINT('',(-7.67500000000001,-4.99488887394336,1.08882285676538));
#14284=CARTESIAN_POINT('',(-7.67500000000001,-4.99488887394336,1.08882285676538));
#14285=CARTESIAN_POINT('',(-7.67500000000001,-4.85,1.05));
#14286=CARTESIAN_POINT('',(-7.17500000000001,-4.85,1.05));
#14287=CARTESIAN_POINT('',(-7.17500000000001,-4.85,1.2));
#14288=CARTESIAN_POINT('',(-7.67500000000001,-4.85,1.05));
#14289=CARTESIAN_POINT('',(-7.67500000000001,-4.85,1.2));
#14290=CARTESIAN_POINT('',(-7.67500000000001,-4.85,1.2));
#14291=CARTESIAN_POINT('',(-7.67500000000001,-4.65,1.2));
#14292=CARTESIAN_POINT('',(-7.17500000000001,-4.65,1.2));
#14293=CARTESIAN_POINT('',(-7.67500000000001,-4.65,1.2));
#14294=CARTESIAN_POINT('',(-7.67500000000001,-4.85,1.05));
#14295=CARTESIAN_POINT('',(-7.17500000000001,-4.85,1.05));
#14296=CARTESIAN_POINT('',(-6.62500000000001,-4.65,1.35));
#14297=CARTESIAN_POINT('',(-6.12500000000001,-4.65,1.35));
#14298=CARTESIAN_POINT('',(-6.12500000000001,-4.85,1.35));
#14299=CARTESIAN_POINT('',(-6.62500000000001,-4.65,1.35));
#14300=CARTESIAN_POINT('',(-6.62500000000001,-4.85,1.35));
#14301=CARTESIAN_POINT('',(-6.62500000000001,-4.85,1.35));
#14302=CARTESIAN_POINT('',(-6.62500000000001,-4.85,1.05));
#14303=CARTESIAN_POINT('',(-6.12500000000001,-4.85,1.05));
#14304=CARTESIAN_POINT('',(-6.12500000000001,-5.13977774788672,1.12764571353075));
#14305=CARTESIAN_POINT('',(-6.62500000000001,-4.85,1.05));
#14306=CARTESIAN_POINT('',(-6.62500000000001,-5.13977774788672,1.12764571353075));
#14307=CARTESIAN_POINT('',(-6.62500000000001,-5.13977774788672,1.12764571353075));
#14308=CARTESIAN_POINT('',(-6.62500000000001,-5.13977774788672,1.12764571353076));
#14309=CARTESIAN_POINT('',(-6.12500000000001,-5.13977774788672,1.12764571353076));
#14310=CARTESIAN_POINT('',(-6.12500000000001,-5.20518797309903,0.883531429703866));
#14311=CARTESIAN_POINT('',(-6.62500000000001,-5.13977774788672,1.12764571353076));
#14312=CARTESIAN_POINT('',(-6.62500000000001,-5.20518797309903,0.883531429703866));
#14313=CARTESIAN_POINT('',(-6.62500000000001,-5.20518797309903,0.883531429703866));
#14314=CARTESIAN_POINT('',(-6.62500000000001,-5.63985459492912,1.));
#14315=CARTESIAN_POINT('',(-6.12500000000001,-5.63985459492912,1.));
#14316=CARTESIAN_POINT('',(-6.62500000000001,-5.63985459492912,1.));
#14317=CARTESIAN_POINT('',(-6.62500000000001,-5.63985459492912,1.));
#14318=CARTESIAN_POINT('',(-6.12500000000001,-5.63985459492912,1.));
#14319=CARTESIAN_POINT('',(-6.12500000000001,-5.06029909915567,0.844708572938489));
#14320=CARTESIAN_POINT('',(-6.62500000000001,-5.63985459492912,1.));
#14321=CARTESIAN_POINT('',(-6.62500000000001,-5.06029909915567,0.844708572938489));
#14322=CARTESIAN_POINT('',(-6.62500000000001,-5.06029909915567,0.844708572938489));
#14323=CARTESIAN_POINT('',(-6.62500000000001,-4.99488887394336,1.08882285676538));
#14324=CARTESIAN_POINT('',(-6.12500000000001,-4.99488887394336,1.08882285676538));
#14325=CARTESIAN_POINT('',(-6.12500000000001,-4.99488887394336,1.08882285676538));
#14326=CARTESIAN_POINT('',(-6.62500000000001,-4.99488887394336,1.08882285676538));
#14327=CARTESIAN_POINT('',(-6.62500000000001,-4.99488887394336,1.08882285676538));
#14328=CARTESIAN_POINT('',(-6.62500000000001,-4.99488887394336,1.08882285676538));
#14329=CARTESIAN_POINT('',(-6.62500000000001,-4.85,1.05));
#14330=CARTESIAN_POINT('',(-6.12500000000001,-4.85,1.05));
#14331=CARTESIAN_POINT('',(-6.12500000000001,-4.85,1.2));
#14332=CARTESIAN_POINT('',(-6.62500000000001,-4.85,1.05));
#14333=CARTESIAN_POINT('',(-6.62500000000001,-4.85,1.2));
#14334=CARTESIAN_POINT('',(-6.62500000000001,-4.85,1.2));
#14335=CARTESIAN_POINT('',(-6.62500000000001,-4.65,1.2));
#14336=CARTESIAN_POINT('',(-6.12500000000001,-4.65,1.2));
#14337=CARTESIAN_POINT('',(-6.62500000000001,-4.65,1.2));
#14338=CARTESIAN_POINT('',(-6.62500000000001,-4.85,1.05));
#14339=CARTESIAN_POINT('',(-6.12500000000001,-4.85,1.05));
#14340=CARTESIAN_POINT('',(-7.87500000000002,5.10000000000001,1.05));
#14341=CARTESIAN_POINT('',(-7.47500000000002,5.10000000000001,1.05));
#14342=CARTESIAN_POINT('',(-7.47500000000002,5.10000000000001,1.35));
#14343=CARTESIAN_POINT('',(-7.47500000000002,5.38977774788673,1.12764571353076));
#14344=CARTESIAN_POINT('',(-7.87500000000002,5.38977774788673,1.12764571353076));
#14345=CARTESIAN_POINT('',(-7.87500000000002,5.38977774788673,1.12764571353076));
#14346=CARTESIAN_POINT('',(-7.87500000000002,5.10000000000001,1.05));
#14347=CARTESIAN_POINT('',(-7.87500000000002,5.10000000000001,1.35));
#14348=CARTESIAN_POINT('',(-7.87500000000002,5.10000000000001,1.35));
#14349=CARTESIAN_POINT('',(-7.87500000000002,5.38977774788673,1.12764571353076));
#14350=CARTESIAN_POINT('',(-7.47500000000002,5.38977774788673,1.12764571353076));
#14351=CARTESIAN_POINT('',(-7.47500000000002,5.45518797309904,0.883531429703867));
#14352=CARTESIAN_POINT('',(-7.87500000000002,5.45518797309904,0.883531429703867));
#14353=CARTESIAN_POINT('',(-7.87500000000002,5.45518797309904,0.883531429703867));
#14354=CARTESIAN_POINT('',(-7.87500000000002,5.38977774788673,1.12764571353076));
#14355=CARTESIAN_POINT('',(-7.87500000000002,5.88985459492913,1.));
#14356=CARTESIAN_POINT('',(-7.47500000000002,5.88985459492913,1.));
#14357=CARTESIAN_POINT('',(-7.87500000000002,5.88985459492913,1.));
#14358=CARTESIAN_POINT('',(-7.87500000000002,5.88985459492913,1.));
#14359=CARTESIAN_POINT('',(-7.47500000000002,5.88985459492913,1.));
#14360=CARTESIAN_POINT('',(-7.47500000000002,5.31029909915568,0.844708572938489));
#14361=CARTESIAN_POINT('',(-7.87500000000002,5.31029909915568,0.844708572938489));
#14362=CARTESIAN_POINT('',(-7.87500000000002,5.31029909915568,0.844708572938489));
#14363=CARTESIAN_POINT('',(-7.87500000000002,5.88985459492913,1.));
#14364=CARTESIAN_POINT('',(-7.87500000000002,5.24488887394337,1.08882285676538));
#14365=CARTESIAN_POINT('',(-7.47500000000002,5.24488887394337,1.08882285676538));
#14366=CARTESIAN_POINT('',(-7.47500000000002,5.24488887394337,1.08882285676538));
#14367=CARTESIAN_POINT('',(-7.87500000000002,5.24488887394337,1.08882285676538));
#14368=CARTESIAN_POINT('',(-7.87500000000002,5.24488887394337,1.08882285676538));
#14369=CARTESIAN_POINT('',(-7.87500000000002,5.24488887394337,1.08882285676538));
#14370=CARTESIAN_POINT('',(-7.87500000000002,5.10000000000001,1.05));
#14371=CARTESIAN_POINT('',(-7.47500000000002,5.10000000000001,1.05));
#14372=CARTESIAN_POINT('',(-7.47500000000002,5.10000000000001,1.2));
#14373=CARTESIAN_POINT('',(-7.87500000000002,5.10000000000001,1.2));
#14374=CARTESIAN_POINT('',(-7.87500000000002,5.10000000000001,1.2));
#14375=CARTESIAN_POINT('',(-7.87500000000002,5.10000000000001,1.05));
#14376=CARTESIAN_POINT('',(-7.07500000000002,5.10000000000001,1.05));
#14377=CARTESIAN_POINT('',(-6.67500000000002,5.10000000000001,1.05));
#14378=CARTESIAN_POINT('',(-6.67500000000002,5.10000000000001,1.35));
#14379=CARTESIAN_POINT('',(-6.67500000000002,5.38977774788673,1.12764571353076));
#14380=CARTESIAN_POINT('',(-7.07500000000002,5.38977774788673,1.12764571353076));
#14381=CARTESIAN_POINT('',(-7.07500000000002,5.38977774788673,1.12764571353076));
#14382=CARTESIAN_POINT('',(-7.07500000000002,5.10000000000001,1.05));
#14383=CARTESIAN_POINT('',(-7.07500000000002,5.10000000000001,1.35));
#14384=CARTESIAN_POINT('',(-7.07500000000002,5.10000000000001,1.35));
#14385=CARTESIAN_POINT('',(-7.07500000000002,5.38977774788673,1.12764571353076));
#14386=CARTESIAN_POINT('',(-6.67500000000002,5.38977774788673,1.12764571353076));
#14387=CARTESIAN_POINT('',(-6.67500000000002,5.45518797309904,0.883531429703867));
#14388=CARTESIAN_POINT('',(-7.07500000000002,5.45518797309904,0.883531429703867));
#14389=CARTESIAN_POINT('',(-7.07500000000002,5.45518797309904,0.883531429703867));
#14390=CARTESIAN_POINT('',(-7.07500000000002,5.38977774788673,1.12764571353076));
#14391=CARTESIAN_POINT('',(-7.07500000000002,5.88985459492913,1.));
#14392=CARTESIAN_POINT('',(-6.67500000000002,5.88985459492913,1.));
#14393=CARTESIAN_POINT('',(-7.07500000000002,5.88985459492913,1.));
#14394=CARTESIAN_POINT('',(-7.07500000000002,5.88985459492913,1.));
#14395=CARTESIAN_POINT('',(-6.67500000000002,5.88985459492913,1.));
#14396=CARTESIAN_POINT('',(-6.67500000000002,5.31029909915568,0.844708572938489));
#14397=CARTESIAN_POINT('',(-7.07500000000002,5.31029909915568,0.844708572938489));
#14398=CARTESIAN_POINT('',(-7.07500000000002,5.31029909915568,0.844708572938489));
#14399=CARTESIAN_POINT('',(-7.07500000000002,5.88985459492913,1.));
#14400=CARTESIAN_POINT('',(-7.07500000000002,5.24488887394337,1.08882285676538));
#14401=CARTESIAN_POINT('',(-6.67500000000002,5.24488887394337,1.08882285676538));
#14402=CARTESIAN_POINT('',(-6.67500000000002,5.24488887394337,1.08882285676538));
#14403=CARTESIAN_POINT('',(-7.07500000000002,5.24488887394337,1.08882285676538));
#14404=CARTESIAN_POINT('',(-7.07500000000002,5.24488887394337,1.08882285676538));
#14405=CARTESIAN_POINT('',(-7.07500000000002,5.24488887394337,1.08882285676538));
#14406=CARTESIAN_POINT('',(-7.07500000000002,5.10000000000001,1.05));
#14407=CARTESIAN_POINT('',(-6.67500000000002,5.10000000000001,1.05));
#14408=CARTESIAN_POINT('',(-6.67500000000002,5.10000000000001,1.2));
#14409=CARTESIAN_POINT('',(-7.07500000000002,5.10000000000001,1.2));
#14410=CARTESIAN_POINT('',(-7.07500000000002,5.10000000000001,1.2));
#14411=CARTESIAN_POINT('',(-7.07500000000002,5.10000000000001,1.05));
#14412=CARTESIAN_POINT('',(-6.27500000000002,5.10000000000001,1.05));
#14413=CARTESIAN_POINT('',(-5.87500000000002,5.10000000000001,1.05));
#14414=CARTESIAN_POINT('',(-5.87500000000002,5.10000000000001,1.35));
#14415=CARTESIAN_POINT('',(-5.87500000000002,5.38977774788673,1.12764571353076));
#14416=CARTESIAN_POINT('',(-6.27500000000002,5.38977774788673,1.12764571353076));
#14417=CARTESIAN_POINT('',(-6.27500000000002,5.38977774788673,1.12764571353076));
#14418=CARTESIAN_POINT('',(-6.27500000000002,5.10000000000001,1.05));
#14419=CARTESIAN_POINT('',(-6.27500000000002,5.10000000000001,1.35));
#14420=CARTESIAN_POINT('',(-6.27500000000002,5.10000000000001,1.35));
#14421=CARTESIAN_POINT('',(-6.27500000000002,5.38977774788673,1.12764571353076));
#14422=CARTESIAN_POINT('',(-5.87500000000002,5.38977774788673,1.12764571353076));
#14423=CARTESIAN_POINT('',(-5.87500000000002,5.45518797309904,0.883531429703867));
#14424=CARTESIAN_POINT('',(-6.27500000000002,5.45518797309904,0.883531429703867));
#14425=CARTESIAN_POINT('',(-6.27500000000002,5.45518797309904,0.883531429703867));
#14426=CARTESIAN_POINT('',(-6.27500000000002,5.38977774788673,1.12764571353076));
#14427=CARTESIAN_POINT('',(-6.27500000000002,5.88985459492913,1.));
#14428=CARTESIAN_POINT('',(-5.87500000000002,5.88985459492913,1.));
#14429=CARTESIAN_POINT('',(-6.27500000000002,5.88985459492913,1.));
#14430=CARTESIAN_POINT('',(-6.27500000000002,5.88985459492913,1.));
#14431=CARTESIAN_POINT('',(-5.87500000000002,5.88985459492913,1.));
#14432=CARTESIAN_POINT('',(-5.87500000000002,5.31029909915568,0.844708572938489));
#14433=CARTESIAN_POINT('',(-6.27500000000002,5.31029909915568,0.844708572938489));
#14434=CARTESIAN_POINT('',(-6.27500000000002,5.31029909915568,0.844708572938489));
#14435=CARTESIAN_POINT('',(-6.27500000000002,5.88985459492913,1.));
#14436=CARTESIAN_POINT('',(-6.27500000000002,5.24488887394337,1.08882285676538));
#14437=CARTESIAN_POINT('',(-5.87500000000002,5.24488887394337,1.08882285676538));
#14438=CARTESIAN_POINT('',(-5.87500000000002,5.24488887394337,1.08882285676538));
#14439=CARTESIAN_POINT('',(-6.27500000000002,5.24488887394337,1.08882285676538));
#14440=CARTESIAN_POINT('',(-6.27500000000002,5.24488887394337,1.08882285676538));
#14441=CARTESIAN_POINT('',(-6.27500000000002,5.24488887394337,1.08882285676538));
#14442=CARTESIAN_POINT('',(-6.27500000000002,5.10000000000001,1.05));
#14443=CARTESIAN_POINT('',(-5.87500000000002,5.10000000000001,1.05));
#14444=CARTESIAN_POINT('',(-5.87500000000002,5.10000000000001,1.2));
#14445=CARTESIAN_POINT('',(-6.27500000000002,5.10000000000001,1.2));
#14446=CARTESIAN_POINT('',(-6.27500000000002,5.10000000000001,1.2));
#14447=CARTESIAN_POINT('',(-6.27500000000002,5.10000000000001,1.05));
#14448=CARTESIAN_POINT('',(-5.47500000000002,5.10000000000001,1.05));
#14449=CARTESIAN_POINT('',(-5.07500000000002,5.10000000000001,1.05));
#14450=CARTESIAN_POINT('',(-5.07500000000002,5.10000000000001,1.35));
#14451=CARTESIAN_POINT('',(-5.07500000000002,5.38977774788673,1.12764571353076));
#14452=CARTESIAN_POINT('',(-5.47500000000002,5.38977774788673,1.12764571353076));
#14453=CARTESIAN_POINT('',(-5.47500000000002,5.38977774788673,1.12764571353076));
#14454=CARTESIAN_POINT('',(-5.47500000000002,5.10000000000001,1.05));
#14455=CARTESIAN_POINT('',(-5.47500000000002,5.10000000000001,1.35));
#14456=CARTESIAN_POINT('',(-5.47500000000002,5.10000000000001,1.35));
#14457=CARTESIAN_POINT('',(-5.47500000000002,5.38977774788673,1.12764571353076));
#14458=CARTESIAN_POINT('',(-5.07500000000002,5.38977774788673,1.12764571353076));
#14459=CARTESIAN_POINT('',(-5.07500000000002,5.45518797309904,0.883531429703867));
#14460=CARTESIAN_POINT('',(-5.47500000000002,5.45518797309904,0.883531429703867));
#14461=CARTESIAN_POINT('',(-5.47500000000002,5.45518797309904,0.883531429703867));
#14462=CARTESIAN_POINT('',(-5.47500000000002,5.38977774788673,1.12764571353076));
#14463=CARTESIAN_POINT('',(-5.47500000000002,5.88985459492913,1.));
#14464=CARTESIAN_POINT('',(-5.07500000000002,5.88985459492913,1.));
#14465=CARTESIAN_POINT('',(-5.47500000000002,5.88985459492913,1.));
#14466=CARTESIAN_POINT('',(-5.47500000000002,5.88985459492913,1.));
#14467=CARTESIAN_POINT('',(-5.07500000000002,5.88985459492913,1.));
#14468=CARTESIAN_POINT('',(-5.07500000000002,5.31029909915568,0.844708572938489));
#14469=CARTESIAN_POINT('',(-5.47500000000002,5.31029909915568,0.844708572938489));
#14470=CARTESIAN_POINT('',(-5.47500000000002,5.31029909915568,0.844708572938489));
#14471=CARTESIAN_POINT('',(-5.47500000000002,5.88985459492913,1.));
#14472=CARTESIAN_POINT('',(-5.47500000000002,5.24488887394337,1.08882285676538));
#14473=CARTESIAN_POINT('',(-5.07500000000002,5.24488887394337,1.08882285676538));
#14474=CARTESIAN_POINT('',(-5.07500000000002,5.24488887394337,1.08882285676538));
#14475=CARTESIAN_POINT('',(-5.47500000000002,5.24488887394337,1.08882285676538));
#14476=CARTESIAN_POINT('',(-5.47500000000002,5.24488887394337,1.08882285676538));
#14477=CARTESIAN_POINT('',(-5.47500000000002,5.24488887394337,1.08882285676538));
#14478=CARTESIAN_POINT('',(-5.47500000000002,5.10000000000001,1.05));
#14479=CARTESIAN_POINT('',(-5.07500000000002,5.10000000000001,1.05));
#14480=CARTESIAN_POINT('',(-5.07500000000002,5.10000000000001,1.2));
#14481=CARTESIAN_POINT('',(-5.47500000000002,5.10000000000001,1.2));
#14482=CARTESIAN_POINT('',(-5.47500000000002,5.10000000000001,1.2));
#14483=CARTESIAN_POINT('',(-5.47500000000002,5.10000000000001,1.05));
#14484=CARTESIAN_POINT('',(-7.87500000000002,0.500000000000007,1.35));
#14485=CARTESIAN_POINT('',(-7.47500000000002,0.500000000000007,1.35));
#14486=CARTESIAN_POINT('',(-7.47500000000002,0.250000000000007,1.35));
#14487=CARTESIAN_POINT('',(-7.87500000000002,0.500000000000007,1.35));
#14488=CARTESIAN_POINT('',(-7.87500000000002,0.250000000000007,1.35));
#14489=CARTESIAN_POINT('',(-7.87500000000002,0.250000000000007,1.35));
#14490=CARTESIAN_POINT('',(-7.87500000000002,0.250000000000007,1.05));
#14491=CARTESIAN_POINT('',(-7.47500000000002,0.250000000000007,1.05));
#14492=CARTESIAN_POINT('',(-7.47500000000002,-0.0397777478867135,1.12764571353076));
#14493=CARTESIAN_POINT('',(-7.87500000000002,0.250000000000007,1.05));
#14494=CARTESIAN_POINT('',(-7.87500000000002,-0.0397777478867135,1.12764571353076));
#14495=CARTESIAN_POINT('',(-7.87500000000002,-0.0397777478867135,1.12764571353076));
#14496=CARTESIAN_POINT('',(-7.87500000000002,-0.039777747886713,1.12764571353076));
#14497=CARTESIAN_POINT('',(-7.47500000000002,-0.039777747886713,1.12764571353076));
#14498=CARTESIAN_POINT('',(-7.47500000000002,-0.105187973099029,0.883531429703867));
#14499=CARTESIAN_POINT('',(-7.87500000000002,-0.039777747886713,1.12764571353076));
#14500=CARTESIAN_POINT('',(-7.87500000000002,-0.105187973099029,0.883531429703867));
#14501=CARTESIAN_POINT('',(-7.87500000000002,-0.105187973099029,0.883531429703867));
#14502=CARTESIAN_POINT('',(-7.87500000000002,-0.53985459492911,1.));
#14503=CARTESIAN_POINT('',(-7.47500000000002,-0.53985459492911,1.));
#14504=CARTESIAN_POINT('',(-7.87500000000002,-0.53985459492911,1.));
#14505=CARTESIAN_POINT('',(-7.87500000000002,-0.53985459492911,1.));
#14506=CARTESIAN_POINT('',(-7.47500000000002,-0.53985459492911,1.));
#14507=CARTESIAN_POINT('',(-7.47500000000002,0.0397009008443312,0.844708572938489));
#14508=CARTESIAN_POINT('',(-7.87500000000002,-0.53985459492911,1.));
#14509=CARTESIAN_POINT('',(-7.87500000000002,0.0397009008443312,0.844708572938489));
#14510=CARTESIAN_POINT('',(-7.87500000000002,0.0397009008443312,0.844708572938489));
#14511=CARTESIAN_POINT('',(-7.87500000000002,0.105111126056647,1.08882285676538));
#14512=CARTESIAN_POINT('',(-7.47500000000002,0.105111126056647,1.08882285676538));
#14513=CARTESIAN_POINT('',(-7.47500000000002,0.105111126056647,1.08882285676538));
#14514=CARTESIAN_POINT('',(-7.87500000000002,0.105111126056647,1.08882285676538));
#14515=CARTESIAN_POINT('',(-7.87500000000002,0.105111126056647,1.08882285676538));
#14516=CARTESIAN_POINT('',(-7.87500000000002,0.105111126056647,1.08882285676538));
#14517=CARTESIAN_POINT('',(-7.87500000000002,0.250000000000007,1.05));
#14518=CARTESIAN_POINT('',(-7.47500000000002,0.250000000000007,1.05));
#14519=CARTESIAN_POINT('',(-7.47500000000002,0.250000000000007,1.2));
#14520=CARTESIAN_POINT('',(-7.87500000000002,0.250000000000007,1.05));
#14521=CARTESIAN_POINT('',(-7.87500000000002,0.250000000000007,1.2));
#14522=CARTESIAN_POINT('',(-7.87500000000002,0.250000000000007,1.2));
#14523=CARTESIAN_POINT('',(-7.87500000000002,0.500000000000007,1.2));
#14524=CARTESIAN_POINT('',(-7.47500000000002,0.500000000000007,1.2));
#14525=CARTESIAN_POINT('',(-7.87500000000002,0.500000000000007,1.2));
#14526=CARTESIAN_POINT('',(-7.87500000000002,0.250000000000007,1.05));
#14527=CARTESIAN_POINT('',(-7.47500000000002,0.250000000000007,1.05));
#14528=CARTESIAN_POINT('',(-7.07500000000002,0.500000000000007,1.35));
#14529=CARTESIAN_POINT('',(-6.67500000000002,0.500000000000007,1.35));
#14530=CARTESIAN_POINT('',(-6.67500000000002,0.250000000000007,1.35));
#14531=CARTESIAN_POINT('',(-7.07500000000002,0.500000000000007,1.35));
#14532=CARTESIAN_POINT('',(-7.07500000000002,0.250000000000007,1.35));
#14533=CARTESIAN_POINT('',(-7.07500000000002,0.250000000000007,1.35));
#14534=CARTESIAN_POINT('',(-7.07500000000002,0.250000000000007,1.05));
#14535=CARTESIAN_POINT('',(-6.67500000000002,0.250000000000007,1.05));
#14536=CARTESIAN_POINT('',(-6.67500000000002,-0.0397777478867135,1.12764571353076));
#14537=CARTESIAN_POINT('',(-7.07500000000002,0.250000000000007,1.05));
#14538=CARTESIAN_POINT('',(-7.07500000000002,-0.0397777478867135,1.12764571353076));
#14539=CARTESIAN_POINT('',(-7.07500000000002,-0.0397777478867135,1.12764571353076));
#14540=CARTESIAN_POINT('',(-7.07500000000002,-0.039777747886713,1.12764571353076));
#14541=CARTESIAN_POINT('',(-6.67500000000002,-0.039777747886713,1.12764571353076));
#14542=CARTESIAN_POINT('',(-6.67500000000002,-0.105187973099029,0.883531429703867));
#14543=CARTESIAN_POINT('',(-7.07500000000002,-0.039777747886713,1.12764571353076));
#14544=CARTESIAN_POINT('',(-7.07500000000002,-0.105187973099029,0.883531429703867));
#14545=CARTESIAN_POINT('',(-7.07500000000002,-0.105187973099029,0.883531429703867));
#14546=CARTESIAN_POINT('',(-7.07500000000002,-0.53985459492911,1.));
#14547=CARTESIAN_POINT('',(-6.67500000000002,-0.53985459492911,1.));
#14548=CARTESIAN_POINT('',(-7.07500000000002,-0.53985459492911,1.));
#14549=CARTESIAN_POINT('',(-7.07500000000002,-0.53985459492911,1.));
#14550=CARTESIAN_POINT('',(-6.67500000000002,-0.53985459492911,1.));
#14551=CARTESIAN_POINT('',(-6.67500000000002,0.0397009008443312,0.844708572938489));
#14552=CARTESIAN_POINT('',(-7.07500000000002,-0.53985459492911,1.));
#14553=CARTESIAN_POINT('',(-7.07500000000002,0.0397009008443312,0.844708572938489));
#14554=CARTESIAN_POINT('',(-7.07500000000002,0.0397009008443312,0.844708572938489));
#14555=CARTESIAN_POINT('',(-7.07500000000002,0.105111126056647,1.08882285676538));
#14556=CARTESIAN_POINT('',(-6.67500000000002,0.105111126056647,1.08882285676538));
#14557=CARTESIAN_POINT('',(-6.67500000000002,0.105111126056647,1.08882285676538));
#14558=CARTESIAN_POINT('',(-7.07500000000002,0.105111126056647,1.08882285676538));
#14559=CARTESIAN_POINT('',(-7.07500000000002,0.105111126056647,1.08882285676538));
#14560=CARTESIAN_POINT('',(-7.07500000000002,0.105111126056647,1.08882285676538));
#14561=CARTESIAN_POINT('',(-7.07500000000002,0.250000000000007,1.05));
#14562=CARTESIAN_POINT('',(-6.67500000000002,0.250000000000007,1.05));
#14563=CARTESIAN_POINT('',(-6.67500000000002,0.250000000000007,1.2));
#14564=CARTESIAN_POINT('',(-7.07500000000002,0.250000000000007,1.05));
#14565=CARTESIAN_POINT('',(-7.07500000000002,0.250000000000007,1.2));
#14566=CARTESIAN_POINT('',(-7.07500000000002,0.250000000000007,1.2));
#14567=CARTESIAN_POINT('',(-7.07500000000002,0.500000000000007,1.2));
#14568=CARTESIAN_POINT('',(-6.67500000000002,0.500000000000007,1.2));
#14569=CARTESIAN_POINT('',(-7.07500000000002,0.500000000000007,1.2));
#14570=CARTESIAN_POINT('',(-7.07500000000002,0.250000000000007,1.05));
#14571=CARTESIAN_POINT('',(-6.67500000000002,0.250000000000007,1.05));
#14572=CARTESIAN_POINT('',(-6.27500000000002,0.500000000000007,1.35));
#14573=CARTESIAN_POINT('',(-5.87500000000002,0.500000000000007,1.35));
#14574=CARTESIAN_POINT('',(-5.87500000000002,0.250000000000007,1.35));
#14575=CARTESIAN_POINT('',(-6.27500000000002,0.500000000000007,1.35));
#14576=CARTESIAN_POINT('',(-6.27500000000002,0.250000000000007,1.35));
#14577=CARTESIAN_POINT('',(-6.27500000000002,0.250000000000007,1.35));
#14578=CARTESIAN_POINT('',(-6.27500000000002,0.250000000000007,1.05));
#14579=CARTESIAN_POINT('',(-5.87500000000002,0.250000000000007,1.05));
#14580=CARTESIAN_POINT('',(-5.87500000000002,-0.0397777478867135,1.12764571353076));
#14581=CARTESIAN_POINT('',(-6.27500000000002,0.250000000000007,1.05));
#14582=CARTESIAN_POINT('',(-6.27500000000002,-0.0397777478867135,1.12764571353076));
#14583=CARTESIAN_POINT('',(-6.27500000000002,-0.0397777478867135,1.12764571353076));
#14584=CARTESIAN_POINT('',(-6.27500000000002,-0.039777747886713,1.12764571353076));
#14585=CARTESIAN_POINT('',(-5.87500000000002,-0.039777747886713,1.12764571353076));
#14586=CARTESIAN_POINT('',(-5.87500000000002,-0.105187973099029,0.883531429703867));
#14587=CARTESIAN_POINT('',(-6.27500000000002,-0.039777747886713,1.12764571353076));
#14588=CARTESIAN_POINT('',(-6.27500000000002,-0.105187973099029,0.883531429703867));
#14589=CARTESIAN_POINT('',(-6.27500000000002,-0.105187973099029,0.883531429703867));
#14590=CARTESIAN_POINT('',(-6.27500000000002,-0.53985459492911,1.));
#14591=CARTESIAN_POINT('',(-5.87500000000002,-0.53985459492911,1.));
#14592=CARTESIAN_POINT('',(-6.27500000000002,-0.53985459492911,1.));
#14593=CARTESIAN_POINT('',(-6.27500000000002,-0.53985459492911,1.));
#14594=CARTESIAN_POINT('',(-5.87500000000002,-0.53985459492911,1.));
#14595=CARTESIAN_POINT('',(-5.87500000000002,0.0397009008443312,0.844708572938489));
#14596=CARTESIAN_POINT('',(-6.27500000000002,-0.53985459492911,1.));
#14597=CARTESIAN_POINT('',(-6.27500000000002,0.0397009008443312,0.844708572938489));
#14598=CARTESIAN_POINT('',(-6.27500000000002,0.0397009008443312,0.844708572938489));
#14599=CARTESIAN_POINT('',(-6.27500000000002,0.105111126056647,1.08882285676538));
#14600=CARTESIAN_POINT('',(-5.87500000000002,0.105111126056647,1.08882285676538));
#14601=CARTESIAN_POINT('',(-5.87500000000002,0.105111126056647,1.08882285676538));
#14602=CARTESIAN_POINT('',(-6.27500000000002,0.105111126056647,1.08882285676538));
#14603=CARTESIAN_POINT('',(-6.27500000000002,0.105111126056647,1.08882285676538));
#14604=CARTESIAN_POINT('',(-6.27500000000002,0.105111126056647,1.08882285676538));
#14605=CARTESIAN_POINT('',(-6.27500000000002,0.250000000000007,1.05));
#14606=CARTESIAN_POINT('',(-5.87500000000002,0.250000000000007,1.05));
#14607=CARTESIAN_POINT('',(-5.87500000000002,0.250000000000007,1.2));
#14608=CARTESIAN_POINT('',(-6.27500000000002,0.250000000000007,1.05));
#14609=CARTESIAN_POINT('',(-6.27500000000002,0.250000000000007,1.2));
#14610=CARTESIAN_POINT('',(-6.27500000000002,0.250000000000007,1.2));
#14611=CARTESIAN_POINT('',(-6.27500000000002,0.500000000000007,1.2));
#14612=CARTESIAN_POINT('',(-5.87500000000002,0.500000000000007,1.2));
#14613=CARTESIAN_POINT('',(-6.27500000000002,0.500000000000007,1.2));
#14614=CARTESIAN_POINT('',(-6.27500000000002,0.250000000000007,1.05));
#14615=CARTESIAN_POINT('',(-5.87500000000002,0.250000000000007,1.05));
#14616=CARTESIAN_POINT('',(-0.175000000000027,2.85000000000001,1.35));
#14617=CARTESIAN_POINT('',(0.424999999999973,2.85000000000001,1.35));
#14618=CARTESIAN_POINT('',(0.424999999999973,2.85000000000001,1.65));
#14619=CARTESIAN_POINT('',(0.424999999999973,3.13977774788673,1.42764571353076));
#14620=CARTESIAN_POINT('',(-0.175000000000027,3.13977774788673,1.42764571353076));
#14621=CARTESIAN_POINT('',(-0.175000000000027,3.13977774788673,1.42764571353076));
#14622=CARTESIAN_POINT('',(-0.175000000000027,2.85000000000001,1.35));
#14623=CARTESIAN_POINT('',(-0.175000000000027,2.85000000000001,1.65));
#14624=CARTESIAN_POINT('',(-0.175000000000027,2.85000000000001,1.65));
#14625=CARTESIAN_POINT('',(-0.175000000000027,3.13977774788673,1.42764571353076));
#14626=CARTESIAN_POINT('',(0.424999999999973,3.13977774788673,1.42764571353076));
#14627=CARTESIAN_POINT('',(0.424999999999973,3.28557273082838,0.883531429703866));
#14628=CARTESIAN_POINT('',(-0.175000000000027,3.28557273082838,0.883531429703866));
#14629=CARTESIAN_POINT('',(-0.175000000000027,3.28557273082838,0.883531429703866));
#14630=CARTESIAN_POINT('',(-0.175000000000027,3.13977774788673,1.42764571353076));
#14631=CARTESIAN_POINT('',(-0.175000000000027,3.72023935265846,1.));
#14632=CARTESIAN_POINT('',(0.424999999999973,3.72023935265846,1.));
#14633=CARTESIAN_POINT('',(-0.175000000000027,3.72023935265846,1.));
#14634=CARTESIAN_POINT('',(-0.175000000000027,3.72023935265846,1.));
#14635=CARTESIAN_POINT('',(0.424999999999973,3.72023935265846,1.));
#14636=CARTESIAN_POINT('',(0.424999999999973,3.09238756557056,0.831767620683363));
#14637=CARTESIAN_POINT('',(-0.175000000000027,3.09238756557056,0.831767620683363));
#14638=CARTESIAN_POINT('',(-0.175000000000027,3.09238756557056,0.831767620683363));
#14639=CARTESIAN_POINT('',(-0.175000000000027,3.72023935265846,1.));
#14640=CARTESIAN_POINT('',(-0.175000000000027,2.94659258262891,1.37588190451025));
#14641=CARTESIAN_POINT('',(0.424999999999973,2.94659258262891,1.37588190451025));
#14642=CARTESIAN_POINT('',(0.424999999999973,2.94659258262891,1.37588190451025));
#14643=CARTESIAN_POINT('',(-0.175000000000027,2.94659258262891,1.37588190451025));
#14644=CARTESIAN_POINT('',(-0.175000000000027,2.94659258262891,1.37588190451025));
#14645=CARTESIAN_POINT('',(-0.175000000000027,2.94659258262891,1.37588190451025));
#14646=CARTESIAN_POINT('',(-0.175000000000027,2.85000000000001,1.35));
#14647=CARTESIAN_POINT('',(0.424999999999973,2.85000000000001,1.35));
#14648=CARTESIAN_POINT('',(0.424999999999973,2.85000000000001,1.45));
#14649=CARTESIAN_POINT('',(-0.175000000000027,2.85000000000001,1.45));
#14650=CARTESIAN_POINT('',(-0.175000000000027,2.85000000000001,1.45));
#14651=CARTESIAN_POINT('',(-0.175000000000027,2.85000000000001,1.35));
#14652=CARTESIAN_POINT('',(1.09166666666664,2.85000000000001,1.35));
#14653=CARTESIAN_POINT('',(1.69166666666664,2.85000000000001,1.35));
#14654=CARTESIAN_POINT('',(1.69166666666664,2.85000000000001,1.65));
#14655=CARTESIAN_POINT('',(1.69166666666664,3.13977774788673,1.42764571353076));
#14656=CARTESIAN_POINT('',(1.09166666666664,3.13977774788673,1.42764571353076));
#14657=CARTESIAN_POINT('',(1.09166666666664,3.13977774788673,1.42764571353076));
#14658=CARTESIAN_POINT('',(1.09166666666664,2.85000000000001,1.35));
#14659=CARTESIAN_POINT('',(1.09166666666664,2.85000000000001,1.65));
#14660=CARTESIAN_POINT('',(1.09166666666664,2.85000000000001,1.65));
#14661=CARTESIAN_POINT('',(1.09166666666664,3.13977774788673,1.42764571353076));
#14662=CARTESIAN_POINT('',(1.69166666666664,3.13977774788673,1.42764571353076));
#14663=CARTESIAN_POINT('',(1.69166666666664,3.28557273082838,0.883531429703866));
#14664=CARTESIAN_POINT('',(1.09166666666664,3.28557273082838,0.883531429703866));
#14665=CARTESIAN_POINT('',(1.09166666666664,3.28557273082838,0.883531429703866));
#14666=CARTESIAN_POINT('',(1.09166666666664,3.13977774788673,1.42764571353076));
#14667=CARTESIAN_POINT('',(1.09166666666664,3.72023935265846,1.));
#14668=CARTESIAN_POINT('',(1.69166666666664,3.72023935265846,1.));
#14669=CARTESIAN_POINT('',(1.09166666666664,3.72023935265846,1.));
#14670=CARTESIAN_POINT('',(1.09166666666664,3.72023935265846,1.));
#14671=CARTESIAN_POINT('',(1.69166666666664,3.72023935265846,1.));
#14672=CARTESIAN_POINT('',(1.69166666666664,3.09238756557056,0.831767620683363));
#14673=CARTESIAN_POINT('',(1.09166666666664,3.09238756557056,0.831767620683363));
#14674=CARTESIAN_POINT('',(1.09166666666664,3.09238756557056,0.831767620683363));
#14675=CARTESIAN_POINT('',(1.09166666666664,3.72023935265846,1.));
#14676=CARTESIAN_POINT('',(1.09166666666664,2.94659258262891,1.37588190451025));
#14677=CARTESIAN_POINT('',(1.69166666666664,2.94659258262891,1.37588190451025));
#14678=CARTESIAN_POINT('',(1.69166666666664,2.94659258262891,1.37588190451025));
#14679=CARTESIAN_POINT('',(1.09166666666664,2.94659258262891,1.37588190451025));
#14680=CARTESIAN_POINT('',(1.09166666666664,2.94659258262891,1.37588190451025));
#14681=CARTESIAN_POINT('',(1.09166666666664,2.94659258262891,1.37588190451025));
#14682=CARTESIAN_POINT('',(1.09166666666664,2.85000000000001,1.35));
#14683=CARTESIAN_POINT('',(1.69166666666664,2.85000000000001,1.35));
#14684=CARTESIAN_POINT('',(1.69166666666664,2.85000000000001,1.45));
#14685=CARTESIAN_POINT('',(1.09166666666664,2.85000000000001,1.45));
#14686=CARTESIAN_POINT('',(1.09166666666664,2.85000000000001,1.45));
#14687=CARTESIAN_POINT('',(1.09166666666664,2.85000000000001,1.35));
#14688=CARTESIAN_POINT('',(2.35833333333331,2.85000000000001,1.35));
#14689=CARTESIAN_POINT('',(2.95833333333331,2.85000000000001,1.35));
#14690=CARTESIAN_POINT('',(2.95833333333331,2.85000000000001,1.65));
#14691=CARTESIAN_POINT('',(2.95833333333331,3.13977774788673,1.42764571353076));
#14692=CARTESIAN_POINT('',(2.35833333333331,3.13977774788673,1.42764571353076));
#14693=CARTESIAN_POINT('',(2.35833333333331,3.13977774788673,1.42764571353076));
#14694=CARTESIAN_POINT('',(2.35833333333331,2.85000000000001,1.35));
#14695=CARTESIAN_POINT('',(2.35833333333331,2.85000000000001,1.65));
#14696=CARTESIAN_POINT('',(2.35833333333331,2.85000000000001,1.65));
#14697=CARTESIAN_POINT('',(2.35833333333331,3.13977774788673,1.42764571353076));
#14698=CARTESIAN_POINT('',(2.95833333333331,3.13977774788673,1.42764571353076));
#14699=CARTESIAN_POINT('',(2.95833333333331,3.28557273082838,0.883531429703867));
#14700=CARTESIAN_POINT('',(2.35833333333331,3.28557273082838,0.883531429703867));
#14701=CARTESIAN_POINT('',(2.35833333333331,3.28557273082838,0.883531429703867));
#14702=CARTESIAN_POINT('',(2.35833333333331,3.13977774788673,1.42764571353076));
#14703=CARTESIAN_POINT('',(2.35833333333331,3.72023935265846,1.));
#14704=CARTESIAN_POINT('',(2.95833333333331,3.72023935265846,1.));
#14705=CARTESIAN_POINT('',(2.35833333333331,3.72023935265846,1.));
#14706=CARTESIAN_POINT('',(2.35833333333331,3.72023935265846,1.));
#14707=CARTESIAN_POINT('',(2.95833333333331,3.72023935265846,1.));
#14708=CARTESIAN_POINT('',(2.95833333333331,3.09238756557056,0.831767620683363));
#14709=CARTESIAN_POINT('',(2.35833333333331,3.09238756557056,0.831767620683363));
#14710=CARTESIAN_POINT('',(2.35833333333331,3.09238756557056,0.831767620683363));
#14711=CARTESIAN_POINT('',(2.35833333333331,3.72023935265846,1.));
#14712=CARTESIAN_POINT('',(2.35833333333331,2.94659258262891,1.37588190451025));
#14713=CARTESIAN_POINT('',(2.95833333333331,2.94659258262891,1.37588190451025));
#14714=CARTESIAN_POINT('',(2.95833333333331,2.94659258262891,1.37588190451025));
#14715=CARTESIAN_POINT('',(2.35833333333331,2.94659258262891,1.37588190451025));
#14716=CARTESIAN_POINT('',(2.35833333333331,2.94659258262891,1.37588190451025));
#14717=CARTESIAN_POINT('',(2.35833333333331,2.94659258262891,1.37588190451025));
#14718=CARTESIAN_POINT('',(2.35833333333331,2.85000000000001,1.35));
#14719=CARTESIAN_POINT('',(2.95833333333331,2.85000000000001,1.35));
#14720=CARTESIAN_POINT('',(2.95833333333331,2.85000000000001,1.45));
#14721=CARTESIAN_POINT('',(2.35833333333331,2.85000000000001,1.45));
#14722=CARTESIAN_POINT('',(2.35833333333331,2.85000000000001,1.45));
#14723=CARTESIAN_POINT('',(2.35833333333331,2.85000000000001,1.35));
#14724=CARTESIAN_POINT('',(3.62499999999998,2.85000000000001,1.35));
#14725=CARTESIAN_POINT('',(4.22499999999998,2.85000000000001,1.35));
#14726=CARTESIAN_POINT('',(4.22499999999998,2.85000000000001,1.65));
#14727=CARTESIAN_POINT('',(4.22499999999998,3.13977774788673,1.42764571353076));
#14728=CARTESIAN_POINT('',(3.62499999999998,3.13977774788673,1.42764571353076));
#14729=CARTESIAN_POINT('',(3.62499999999998,3.13977774788673,1.42764571353076));
#14730=CARTESIAN_POINT('',(3.62499999999998,2.85000000000001,1.35));
#14731=CARTESIAN_POINT('',(3.62499999999998,2.85000000000001,1.65));
#14732=CARTESIAN_POINT('',(3.62499999999998,2.85000000000001,1.65));
#14733=CARTESIAN_POINT('',(3.62499999999998,3.13977774788673,1.42764571353076));
#14734=CARTESIAN_POINT('',(4.22499999999998,3.13977774788673,1.42764571353076));
#14735=CARTESIAN_POINT('',(4.22499999999998,3.28557273082838,0.883531429703867));
#14736=CARTESIAN_POINT('',(3.62499999999998,3.28557273082838,0.883531429703867));
#14737=CARTESIAN_POINT('',(3.62499999999998,3.28557273082838,0.883531429703867));
#14738=CARTESIAN_POINT('',(3.62499999999998,3.13977774788673,1.42764571353076));
#14739=CARTESIAN_POINT('',(3.62499999999998,3.72023935265846,1.));
#14740=CARTESIAN_POINT('',(4.22499999999998,3.72023935265846,1.));
#14741=CARTESIAN_POINT('',(3.62499999999998,3.72023935265846,1.));
#14742=CARTESIAN_POINT('',(3.62499999999998,3.72023935265846,1.));
#14743=CARTESIAN_POINT('',(4.22499999999998,3.72023935265846,1.));
#14744=CARTESIAN_POINT('',(4.22499999999998,3.09238756557056,0.831767620683363));
#14745=CARTESIAN_POINT('',(3.62499999999998,3.09238756557056,0.831767620683363));
#14746=CARTESIAN_POINT('',(3.62499999999998,3.09238756557056,0.831767620683363));
#14747=CARTESIAN_POINT('',(3.62499999999998,3.72023935265846,1.));
#14748=CARTESIAN_POINT('',(3.62499999999998,2.94659258262891,1.37588190451025));
#14749=CARTESIAN_POINT('',(4.22499999999998,2.94659258262891,1.37588190451025));
#14750=CARTESIAN_POINT('',(4.22499999999998,2.94659258262891,1.37588190451025));
#14751=CARTESIAN_POINT('',(3.62499999999998,2.94659258262891,1.37588190451025));
#14752=CARTESIAN_POINT('',(3.62499999999998,2.94659258262891,1.37588190451025));
#14753=CARTESIAN_POINT('',(3.62499999999998,2.94659258262891,1.37588190451025));
#14754=CARTESIAN_POINT('',(3.62499999999998,2.85000000000001,1.35));
#14755=CARTESIAN_POINT('',(4.22499999999998,2.85000000000001,1.35));
#14756=CARTESIAN_POINT('',(4.22499999999998,2.85000000000001,1.45));
#14757=CARTESIAN_POINT('',(3.62499999999998,2.85000000000001,1.45));
#14758=CARTESIAN_POINT('',(3.62499999999998,2.85000000000001,1.45));
#14759=CARTESIAN_POINT('',(3.62499999999998,2.85000000000001,1.35));
#14760=CARTESIAN_POINT('',(-0.175000000000027,-1.39999999999999,1.65));
#14761=CARTESIAN_POINT('',(0.424999999999973,-1.39999999999999,1.65));
#14762=CARTESIAN_POINT('',(0.424999999999973,-1.74999999999999,1.65));
#14763=CARTESIAN_POINT('',(-0.175000000000027,-1.39999999999999,1.65));
#14764=CARTESIAN_POINT('',(-0.175000000000027,-1.74999999999999,1.65));
#14765=CARTESIAN_POINT('',(-0.175000000000027,-1.74999999999999,1.65));
#14766=CARTESIAN_POINT('',(-0.175000000000027,-1.74999999999999,1.35));
#14767=CARTESIAN_POINT('',(0.424999999999973,-1.74999999999999,1.35));
#14768=CARTESIAN_POINT('',(0.424999999999973,-2.03977774788671,1.42764571353076));
#14769=CARTESIAN_POINT('',(-0.175000000000027,-1.74999999999999,1.35));
#14770=CARTESIAN_POINT('',(-0.175000000000027,-2.03977774788671,1.42764571353076));
#14771=CARTESIAN_POINT('',(-0.175000000000027,-2.03977774788671,1.42764571353076));
#14772=CARTESIAN_POINT('',(-0.175000000000027,-2.03977774788671,1.42764571353076));
#14773=CARTESIAN_POINT('',(0.424999999999973,-2.03977774788671,1.42764571353076));
#14774=CARTESIAN_POINT('',(0.424999999999973,-2.18557273082837,0.883531429703866));
#14775=CARTESIAN_POINT('',(-0.175000000000027,-2.03977774788671,1.42764571353076));
#14776=CARTESIAN_POINT('',(-0.175000000000027,-2.18557273082837,0.883531429703866));
#14777=CARTESIAN_POINT('',(-0.175000000000027,-2.18557273082837,0.883531429703866));
#14778=CARTESIAN_POINT('',(-0.175000000000027,-2.62023935265845,1.));
#14779=CARTESIAN_POINT('',(0.424999999999973,-2.62023935265845,1.));
#14780=CARTESIAN_POINT('',(-0.175000000000027,-2.62023935265845,1.));
#14781=CARTESIAN_POINT('',(-0.175000000000027,-2.62023935265845,1.));
#14782=CARTESIAN_POINT('',(0.424999999999973,-2.62023935265845,1.));
#14783=CARTESIAN_POINT('',(0.424999999999973,-1.99238756557055,0.831767620683363));
#14784=CARTESIAN_POINT('',(-0.175000000000027,-2.62023935265845,1.));
#14785=CARTESIAN_POINT('',(-0.175000000000027,-1.99238756557055,0.831767620683363));
#14786=CARTESIAN_POINT('',(-0.175000000000027,-1.99238756557055,0.831767620683363));
#14787=CARTESIAN_POINT('',(-0.175000000000027,-1.8465925826289,1.37588190451025));
#14788=CARTESIAN_POINT('',(0.424999999999973,-1.8465925826289,1.37588190451025));
#14789=CARTESIAN_POINT('',(0.424999999999973,-1.8465925826289,1.37588190451025));
#14790=CARTESIAN_POINT('',(-0.175000000000027,-1.8465925826289,1.37588190451025));
#14791=CARTESIAN_POINT('',(-0.175000000000027,-1.8465925826289,1.37588190451025));
#14792=CARTESIAN_POINT('',(-0.175000000000027,-1.8465925826289,1.37588190451025));
#14793=CARTESIAN_POINT('',(-0.175000000000027,-1.74999999999999,1.35));
#14794=CARTESIAN_POINT('',(0.424999999999973,-1.74999999999999,1.35));
#14795=CARTESIAN_POINT('',(0.424999999999973,-1.74999999999999,1.45));
#14796=CARTESIAN_POINT('',(-0.175000000000027,-1.74999999999999,1.35));
#14797=CARTESIAN_POINT('',(-0.175000000000027,-1.74999999999999,1.45));
#14798=CARTESIAN_POINT('',(-0.175000000000027,-1.74999999999999,1.45));
#14799=CARTESIAN_POINT('',(-0.175000000000027,-1.39999999999999,1.45));
#14800=CARTESIAN_POINT('',(0.424999999999973,-1.39999999999999,1.45));
#14801=CARTESIAN_POINT('',(-0.175000000000027,-1.39999999999999,1.45));
#14802=CARTESIAN_POINT('',(-0.175000000000027,-1.74999999999999,1.35));
#14803=CARTESIAN_POINT('',(0.424999999999973,-1.74999999999999,1.35));
#14804=CARTESIAN_POINT('',(1.09166666666664,-1.39999999999999,1.65));
#14805=CARTESIAN_POINT('',(1.69166666666664,-1.39999999999999,1.65));
#14806=CARTESIAN_POINT('',(1.69166666666664,-1.74999999999999,1.65));
#14807=CARTESIAN_POINT('',(1.09166666666664,-1.39999999999999,1.65));
#14808=CARTESIAN_POINT('',(1.09166666666664,-1.74999999999999,1.65));
#14809=CARTESIAN_POINT('',(1.09166666666664,-1.74999999999999,1.65));
#14810=CARTESIAN_POINT('',(1.09166666666664,-1.74999999999999,1.35));
#14811=CARTESIAN_POINT('',(1.69166666666664,-1.74999999999999,1.35));
#14812=CARTESIAN_POINT('',(1.69166666666664,-2.03977774788671,1.42764571353076));
#14813=CARTESIAN_POINT('',(1.09166666666664,-1.74999999999999,1.35));
#14814=CARTESIAN_POINT('',(1.09166666666664,-2.03977774788671,1.42764571353076));
#14815=CARTESIAN_POINT('',(1.09166666666664,-2.03977774788671,1.42764571353076));
#14816=CARTESIAN_POINT('',(1.09166666666664,-2.03977774788671,1.42764571353076));
#14817=CARTESIAN_POINT('',(1.69166666666664,-2.03977774788671,1.42764571353076));
#14818=CARTESIAN_POINT('',(1.69166666666664,-2.18557273082837,0.883531429703866));
#14819=CARTESIAN_POINT('',(1.09166666666664,-2.03977774788671,1.42764571353076));
#14820=CARTESIAN_POINT('',(1.09166666666664,-2.18557273082837,0.883531429703866));
#14821=CARTESIAN_POINT('',(1.09166666666664,-2.18557273082837,0.883531429703866));
#14822=CARTESIAN_POINT('',(1.09166666666664,-2.62023935265845,1.));
#14823=CARTESIAN_POINT('',(1.69166666666664,-2.62023935265845,1.));
#14824=CARTESIAN_POINT('',(1.09166666666664,-2.62023935265845,1.));
#14825=CARTESIAN_POINT('',(1.09166666666664,-2.62023935265845,1.));
#14826=CARTESIAN_POINT('',(1.69166666666664,-2.62023935265845,1.));
#14827=CARTESIAN_POINT('',(1.69166666666664,-1.99238756557055,0.831767620683363));
#14828=CARTESIAN_POINT('',(1.09166666666664,-2.62023935265845,1.));
#14829=CARTESIAN_POINT('',(1.09166666666664,-1.99238756557055,0.831767620683363));
#14830=CARTESIAN_POINT('',(1.09166666666664,-1.99238756557055,0.831767620683363));
#14831=CARTESIAN_POINT('',(1.09166666666664,-1.8465925826289,1.37588190451025));
#14832=CARTESIAN_POINT('',(1.69166666666664,-1.8465925826289,1.37588190451025));
#14833=CARTESIAN_POINT('',(1.69166666666664,-1.8465925826289,1.37588190451025));
#14834=CARTESIAN_POINT('',(1.09166666666664,-1.8465925826289,1.37588190451025));
#14835=CARTESIAN_POINT('',(1.09166666666664,-1.8465925826289,1.37588190451025));
#14836=CARTESIAN_POINT('',(1.09166666666664,-1.8465925826289,1.37588190451025));
#14837=CARTESIAN_POINT('',(1.09166666666664,-1.74999999999999,1.35));
#14838=CARTESIAN_POINT('',(1.69166666666664,-1.74999999999999,1.35));
#14839=CARTESIAN_POINT('',(1.69166666666664,-1.74999999999999,1.45));
#14840=CARTESIAN_POINT('',(1.09166666666664,-1.74999999999999,1.35));
#14841=CARTESIAN_POINT('',(1.09166666666664,-1.74999999999999,1.45));
#14842=CARTESIAN_POINT('',(1.09166666666664,-1.74999999999999,1.45));
#14843=CARTESIAN_POINT('',(1.09166666666664,-1.39999999999999,1.45));
#14844=CARTESIAN_POINT('',(1.69166666666664,-1.39999999999999,1.45));
#14845=CARTESIAN_POINT('',(1.09166666666664,-1.39999999999999,1.45));
#14846=CARTESIAN_POINT('',(1.09166666666664,-1.74999999999999,1.35));
#14847=CARTESIAN_POINT('',(1.69166666666664,-1.74999999999999,1.35));
#14848=CARTESIAN_POINT('',(2.35833333333331,-1.39999999999999,1.65));
#14849=CARTESIAN_POINT('',(2.95833333333331,-1.39999999999999,1.65));
#14850=CARTESIAN_POINT('',(2.95833333333331,-1.74999999999999,1.65));
#14851=CARTESIAN_POINT('',(2.35833333333331,-1.39999999999999,1.65));
#14852=CARTESIAN_POINT('',(2.35833333333331,-1.74999999999999,1.65));
#14853=CARTESIAN_POINT('',(2.35833333333331,-1.74999999999999,1.65));
#14854=CARTESIAN_POINT('',(2.35833333333331,-1.74999999999999,1.35));
#14855=CARTESIAN_POINT('',(2.95833333333331,-1.74999999999999,1.35));
#14856=CARTESIAN_POINT('',(2.95833333333331,-2.03977774788671,1.42764571353076));
#14857=CARTESIAN_POINT('',(2.35833333333331,-1.74999999999999,1.35));
#14858=CARTESIAN_POINT('',(2.35833333333331,-2.03977774788671,1.42764571353076));
#14859=CARTESIAN_POINT('',(2.35833333333331,-2.03977774788671,1.42764571353076));
#14860=CARTESIAN_POINT('',(2.35833333333331,-2.03977774788671,1.42764571353076));
#14861=CARTESIAN_POINT('',(2.95833333333331,-2.03977774788671,1.42764571353076));
#14862=CARTESIAN_POINT('',(2.95833333333331,-2.18557273082837,0.883531429703867));
#14863=CARTESIAN_POINT('',(2.35833333333331,-2.03977774788671,1.42764571353076));
#14864=CARTESIAN_POINT('',(2.35833333333331,-2.18557273082837,0.883531429703867));
#14865=CARTESIAN_POINT('',(2.35833333333331,-2.18557273082837,0.883531429703867));
#14866=CARTESIAN_POINT('',(2.35833333333331,-2.62023935265845,1.));
#14867=CARTESIAN_POINT('',(2.95833333333331,-2.62023935265845,1.));
#14868=CARTESIAN_POINT('',(2.35833333333331,-2.62023935265845,1.));
#14869=CARTESIAN_POINT('',(2.35833333333331,-2.62023935265845,1.));
#14870=CARTESIAN_POINT('',(2.95833333333331,-2.62023935265845,1.));
#14871=CARTESIAN_POINT('',(2.95833333333331,-1.99238756557055,0.831767620683363));
#14872=CARTESIAN_POINT('',(2.35833333333331,-2.62023935265845,1.));
#14873=CARTESIAN_POINT('',(2.35833333333331,-1.99238756557055,0.831767620683363));
#14874=CARTESIAN_POINT('',(2.35833333333331,-1.99238756557055,0.831767620683363));
#14875=CARTESIAN_POINT('',(2.35833333333331,-1.8465925826289,1.37588190451025));
#14876=CARTESIAN_POINT('',(2.95833333333331,-1.8465925826289,1.37588190451025));
#14877=CARTESIAN_POINT('',(2.95833333333331,-1.8465925826289,1.37588190451025));
#14878=CARTESIAN_POINT('',(2.35833333333331,-1.8465925826289,1.37588190451025));
#14879=CARTESIAN_POINT('',(2.35833333333331,-1.8465925826289,1.37588190451025));
#14880=CARTESIAN_POINT('',(2.35833333333331,-1.8465925826289,1.37588190451025));
#14881=CARTESIAN_POINT('',(2.35833333333331,-1.74999999999999,1.35));
#14882=CARTESIAN_POINT('',(2.95833333333331,-1.74999999999999,1.35));
#14883=CARTESIAN_POINT('',(2.95833333333331,-1.74999999999999,1.45));
#14884=CARTESIAN_POINT('',(2.35833333333331,-1.74999999999999,1.35));
#14885=CARTESIAN_POINT('',(2.35833333333331,-1.74999999999999,1.45));
#14886=CARTESIAN_POINT('',(2.35833333333331,-1.74999999999999,1.45));
#14887=CARTESIAN_POINT('',(2.35833333333331,-1.39999999999999,1.45));
#14888=CARTESIAN_POINT('',(2.95833333333331,-1.39999999999999,1.45));
#14889=CARTESIAN_POINT('',(2.35833333333331,-1.39999999999999,1.45));
#14890=CARTESIAN_POINT('',(2.35833333333331,-1.74999999999999,1.35));
#14891=CARTESIAN_POINT('',(2.95833333333331,-1.74999999999999,1.35));
#14892=CARTESIAN_POINT('',(-9.385,-5.06999999999999,-0.54));
#14893=CARTESIAN_POINT('',(-9.385,4.55000000000003,-0.55));
#14894=CARTESIAN_POINT('',(-9.385,-5.06999999999999,-0.55));
#14895=CARTESIAN_POINT('',(-9.385,-2.53000000000001,-0.55));
#14896=CARTESIAN_POINT('',(-9.385,-5.06999999999999,-0.54));
#14897=CARTESIAN_POINT('',(-9.385,-5.06999999999999,-0.54));
#14898=CARTESIAN_POINT('',(-9.385,-5.06999999999999,-0.54));
#14899=CARTESIAN_POINT('',(-9.385,-2.53000000000001,-0.54));
#14900=CARTESIAN_POINT('',(-9.385,-2.53000000000001,-0.54));
#14901=CARTESIAN_POINT('',(-11.925,-5.06999999999999,-0.54));
#14902=CARTESIAN_POINT('',(-14.075,-5.06999999999999,-0.55));
#14903=CARTESIAN_POINT('',(-11.925,-5.06999999999999,-0.55));
#14904=CARTESIAN_POINT('',(-11.925,-5.06999999999999,-0.54));
#14905=CARTESIAN_POINT('',(-11.925,-5.06999999999999,-0.54));
#14906=CARTESIAN_POINT('',(-11.925,-5.06999999999999,-0.54));
#14907=CARTESIAN_POINT('',(0.,0.,-0.54));
#14908=CARTESIAN_POINT('',(-10.655,-3.8,-0.539999999999999));
#14909=CARTESIAN_POINT('',(-11.305,-3.8,-0.539999999999999));
#14910=CARTESIAN_POINT('',(-11.925,-2.53000000000001,-0.54));
#14911=CARTESIAN_POINT('',(-11.925,-2.53000000000001,-0.54));
#14912=CARTESIAN_POINT('',(-9.385,-2.53000000000001,-0.54));
#14913=CARTESIAN_POINT('',(-9.385,-2.53000000000001,-0.54));
#14914=CARTESIAN_POINT('',(-14.075,-2.53000000000001,-0.55));
#14915=CARTESIAN_POINT('',(-11.925,-2.53000000000001,-0.55));
#14916=CARTESIAN_POINT('',(-11.925,-2.53000000000001,-0.54));
#14917=CARTESIAN_POINT('',(-11.925,-2.53000000000001,-0.54));
#14918=CARTESIAN_POINT('',(-11.925,4.55000000000003,-0.55));
#14919=CARTESIAN_POINT('',(10.935,-5.73000000000001,-0.54));
#14920=CARTESIAN_POINT('',(10.935,-5.73000000000001,-0.55));
#14921=CARTESIAN_POINT('',(10.935,-5.73000000000001,-0.55));
#14922=CARTESIAN_POINT('',(13.475,-5.73000000000001,-0.55));
#14923=CARTESIAN_POINT('',(13.475,-5.73,-0.54));
#14924=CARTESIAN_POINT('',(13.475,-5.73,-0.54));
#14925=CARTESIAN_POINT('',(10.935,-5.73000000000001,-0.54));
#14926=CARTESIAN_POINT('',(10.935,-5.73000000000001,-0.54));
#14927=CARTESIAN_POINT('',(10.935,-5.73000000000001,-0.54));
#14928=CARTESIAN_POINT('',(10.935,-8.26999999999999,-0.54));
#14929=CARTESIAN_POINT('',(10.935,4.55000000000008,-0.55));
#14930=CARTESIAN_POINT('',(10.935,-8.26999999999999,-0.55));
#14931=CARTESIAN_POINT('',(10.935,-8.26999999999999,-0.54));
#14932=CARTESIAN_POINT('',(10.935,-8.26999999999999,-0.54));
#14933=CARTESIAN_POINT('',(10.935,-8.26999999999999,-0.54));
#14934=CARTESIAN_POINT('',(13.475,-8.26999999999999,-0.54));
#14935=CARTESIAN_POINT('',(-14.075,-8.26999999999999,-0.55));
#14936=CARTESIAN_POINT('',(13.475,-8.26999999999999,-0.55));
#14937=CARTESIAN_POINT('',(13.475,-8.26999999999999,-0.54));
#14938=CARTESIAN_POINT('',(13.475,-8.26999999999999,-0.54));
#14939=CARTESIAN_POINT('',(13.475,-8.26999999999999,-0.54));
#14940=CARTESIAN_POINT('',(0.,0.,-0.54));
#14941=CARTESIAN_POINT('',(12.205,-7.,-0.539999999999999));
#14942=CARTESIAN_POINT('',(12.855,-7.,-0.539999999999999));
#14943=CARTESIAN_POINT('',(13.475,-5.73,-0.54));
#14944=CARTESIAN_POINT('',(13.475,-5.8,-0.54));
#14945=CARTESIAN_POINT('',(13.475,-5.73,-0.54));
#14946=CARTESIAN_POINT('',(13.475,-5.73,-0.54));
#14947=CARTESIAN_POINT('',(13.475,-5.8,0.55));
#14948=CARTESIAN_POINT('',(13.475,-5.8,-0.55));
#14949=CARTESIAN_POINT('',(13.475,-5.73,-0.55));
#14950=CARTESIAN_POINT('',(0.,0.,-0.54));
#14951=CARTESIAN_POINT('',(12.205,7.,-0.539999999999999));
#14952=CARTESIAN_POINT('',(12.855,7.,-0.539999999999999));
#14953=CARTESIAN_POINT('',(13.475,8.26999999999998,-0.54));
#14954=CARTESIAN_POINT('',(13.475,8.26999999999998,-0.54));
#14955=CARTESIAN_POINT('',(13.475,5.8,-0.54));
#14956=CARTESIAN_POINT('',(13.475,8.26999999999998,-0.54));
#14957=CARTESIAN_POINT('',(13.475,5.72999999999999,-0.54));
#14958=CARTESIAN_POINT('',(13.475,5.72999999999999,-0.54));
#14959=CARTESIAN_POINT('',(10.935,5.72999999999999,-0.54));
#14960=CARTESIAN_POINT('',(10.935,5.72999999999999,-0.54));
#14961=CARTESIAN_POINT('',(10.935,8.26999999999998,-0.54));
#14962=CARTESIAN_POINT('',(10.935,8.26999999999998,-0.54));
#14963=CARTESIAN_POINT('',(13.475,8.26999999999998,-0.54));
#14964=CARTESIAN_POINT('',(13.475,8.26999999999998,-0.55));
#14965=CARTESIAN_POINT('',(13.475,8.26999999999998,-0.55));
#14966=CARTESIAN_POINT('',(13.475,5.8,-0.55));
#14967=CARTESIAN_POINT('',(13.475,5.8,0.55));
#14968=CARTESIAN_POINT('',(13.475,8.26999999999998,-0.54));
#14969=CARTESIAN_POINT('',(13.475,5.72999999999999,-0.54));
#14970=CARTESIAN_POINT('',(13.475,5.72999999999999,-0.55));
#14971=CARTESIAN_POINT('',(13.475,5.72999999999999,-0.55));
#14972=CARTESIAN_POINT('',(10.935,5.72999999999999,-0.55));
#14973=CARTESIAN_POINT('',(10.935,5.72999999999999,-0.54));
#14974=CARTESIAN_POINT('',(13.475,5.72999999999999,-0.54));
#14975=CARTESIAN_POINT('',(10.935,5.72999999999999,-0.54));
#14976=CARTESIAN_POINT('',(10.935,4.55000000000004,-0.55));
#14977=CARTESIAN_POINT('',(10.935,8.26999999999998,-0.55));
#14978=CARTESIAN_POINT('',(10.935,8.26999999999998,-0.54));
#14979=CARTESIAN_POINT('',(10.935,8.26999999999998,-0.54));
#14980=CARTESIAN_POINT('',(-14.075,8.26999999999998,-0.55));
#14981=CARTESIAN_POINT('',(-9.385,8.26999999999999,-0.54));
#14982=CARTESIAN_POINT('',(-14.075,8.26999999999998,-0.55));
#14983=CARTESIAN_POINT('',(-9.385,8.27,-0.55));
#14984=CARTESIAN_POINT('',(-11.925,8.26999999999998,-0.55));
#14985=CARTESIAN_POINT('',(-9.385,8.27,-0.54));
#14986=CARTESIAN_POINT('',(-9.385,8.27,-0.54));
#14987=CARTESIAN_POINT('',(-9.385,8.26999999999999,-0.54));
#14988=CARTESIAN_POINT('',(-11.925,8.26999999999998,-0.54));
#14989=CARTESIAN_POINT('',(-11.925,8.26999999999998,-0.54));
#14990=CARTESIAN_POINT('',(-9.385,5.73,-0.54));
#14991=CARTESIAN_POINT('',(-9.385,4.55000000000003,-0.55));
#14992=CARTESIAN_POINT('',(-9.385,5.73,-0.55));
#14993=CARTESIAN_POINT('',(-9.385,5.73,-0.54));
#14994=CARTESIAN_POINT('',(-9.385,5.73,-0.54));
#14995=CARTESIAN_POINT('',(-9.385,5.73,-0.54));
#14996=CARTESIAN_POINT('',(0.,0.,-0.54));
#14997=CARTESIAN_POINT('',(-10.655,7.,-0.539999999999999));
#14998=CARTESIAN_POINT('',(-11.305,7.,-0.539999999999999));
#14999=CARTESIAN_POINT('',(-11.925,8.26999999999998,-0.54));
#15000=CARTESIAN_POINT('',(-11.925,5.73,-0.54));
#15001=CARTESIAN_POINT('',(-11.925,5.73,-0.54));
#15002=CARTESIAN_POINT('',(-11.925,8.26999999999998,-0.54));
#15003=CARTESIAN_POINT('',(-11.925,4.55000000000003,-0.55));
#15004=CARTESIAN_POINT('',(-11.925,5.73,-0.55));
#15005=CARTESIAN_POINT('',(-11.925,5.73,-0.54));
#15006=CARTESIAN_POINT('',(-11.925,5.73,-0.54));
#15007=CARTESIAN_POINT('',(-14.075,5.73,-0.55));
#15008=CARTESIAN_POINT('',(-9.38499999999999,-8.27,-0.54));
#15009=CARTESIAN_POINT('',(-9.38500000000002,4.55000000000004,-0.55));
#15010=CARTESIAN_POINT('',(-9.385,-8.26999999999999,-0.55));
#15011=CARTESIAN_POINT('',(-9.385,-5.73000000000001,-0.55));
#15012=CARTESIAN_POINT('',(-9.385,-8.26999999999999,-0.54));
#15013=CARTESIAN_POINT('',(-9.385,-8.26999999999999,-0.54));
#15014=CARTESIAN_POINT('',(-9.38499999999999,-8.27,-0.54));
#15015=CARTESIAN_POINT('',(-9.385,-5.73000000000001,-0.54));
#15016=CARTESIAN_POINT('',(-9.385,-5.73000000000001,-0.54));
#15017=CARTESIAN_POINT('',(-11.925,-8.26999999999999,-0.54));
#15018=CARTESIAN_POINT('',(-14.075,-8.26999999999999,-0.55));
#15019=CARTESIAN_POINT('',(-11.925,-8.26999999999999,-0.55));
#15020=CARTESIAN_POINT('',(-11.925,-8.26999999999999,-0.54));
#15021=CARTESIAN_POINT('',(-11.925,-8.26999999999999,-0.54));
#15022=CARTESIAN_POINT('',(-11.925,-8.26999999999999,-0.54));
#15023=CARTESIAN_POINT('',(0.,0.,-0.54));
#15024=CARTESIAN_POINT('',(-10.655,-7.,-0.539999999999999));
#15025=CARTESIAN_POINT('',(-11.305,-7.,-0.539999999999999));
#15026=CARTESIAN_POINT('',(-11.925,-5.73000000000002,-0.54));
#15027=CARTESIAN_POINT('',(-11.925,-5.73000000000002,-0.54));
#15028=CARTESIAN_POINT('',(-9.385,-5.73000000000001,-0.54));
#15029=CARTESIAN_POINT('',(-9.385,-5.73000000000001,-0.54));
#15030=CARTESIAN_POINT('',(-14.075,-5.73000000000002,-0.55));
#15031=CARTESIAN_POINT('',(-11.925,-5.73000000000002,-0.55));
#15032=CARTESIAN_POINT('',(-11.925,-5.73000000000002,-0.54));
#15033=CARTESIAN_POINT('',(-11.925,-5.73000000000002,-0.54));
#15034=CARTESIAN_POINT('',(-11.925,4.55000000000003,-0.55));
#15035=CARTESIAN_POINT('',(-9.385,2.53000000000001,-0.54));
#15036=CARTESIAN_POINT('',(-9.385,4.55000000000003,-0.55));
#15037=CARTESIAN_POINT('',(-9.385,2.53,-0.55));
#15038=CARTESIAN_POINT('',(-9.385,5.06999999999999,-0.55));
#15039=CARTESIAN_POINT('',(-9.385,2.53,-0.54));
#15040=CARTESIAN_POINT('',(-9.385,2.53,-0.54));
#15041=CARTESIAN_POINT('',(-9.385,2.53000000000001,-0.54));
#15042=CARTESIAN_POINT('',(-9.385,5.06999999999999,-0.54));
#15043=CARTESIAN_POINT('',(-9.385,5.06999999999999,-0.54));
#15044=CARTESIAN_POINT('',(-11.925,2.53,-0.54));
#15045=CARTESIAN_POINT('',(-14.075,2.53,-0.55));
#15046=CARTESIAN_POINT('',(-11.925,2.53,-0.55));
#15047=CARTESIAN_POINT('',(-11.925,2.53,-0.54));
#15048=CARTESIAN_POINT('',(-11.925,2.53,-0.54));
#15049=CARTESIAN_POINT('',(-11.925,2.53,-0.54));
#15050=CARTESIAN_POINT('',(0.,0.,-0.54));
#15051=CARTESIAN_POINT('',(-10.655,3.8,-0.539999999999999));
#15052=CARTESIAN_POINT('',(-11.305,3.8,-0.539999999999999));
#15053=CARTESIAN_POINT('',(-11.925,5.06999999999999,-0.54));
#15054=CARTESIAN_POINT('',(-11.925,5.06999999999999,-0.54));
#15055=CARTESIAN_POINT('',(-9.385,5.06999999999999,-0.54));
#15056=CARTESIAN_POINT('',(-9.385,5.06999999999999,-0.54));
#15057=CARTESIAN_POINT('',(-14.075,5.06999999999999,-0.55));
#15058=CARTESIAN_POINT('',(-11.925,5.06999999999999,-0.55));
#15059=CARTESIAN_POINT('',(-11.925,5.06999999999999,-0.54));
#15060=CARTESIAN_POINT('',(-11.925,5.06999999999999,-0.54));
#15061=CARTESIAN_POINT('',(-11.925,4.55000000000003,-0.55));
#15062=CARTESIAN_POINT('',(7.87500000000001,3.2,2.35));
#15063=CARTESIAN_POINT('',(7.87500000000001,3.2,3.65));
#15064=CARTESIAN_POINT('',(7.87500000000001,3.2,3.65));
#15065=CARTESIAN_POINT('',(7.87500000000001,4.5,2.35));
#15066=CARTESIAN_POINT('',(7.87500000000001,4.5,2.35));
#15067=CARTESIAN_POINT('',(7.87500000000001,3.2,2.35));
#15068=CARTESIAN_POINT('',(7.87500000000001,-3.2,3.65));
#15069=CARTESIAN_POINT('',(7.87500000000001,-3.2,3.65));
#15070=CARTESIAN_POINT('',(7.87500000000001,-3.2,3.65));
#15071=CARTESIAN_POINT('',(7.87500000000001,-3.2,3.65));
#15072=CARTESIAN_POINT('',(7.87500000000001,-3.2,2.35));
#15073=CARTESIAN_POINT('',(7.87500000000001,-4.5,2.35));
#15074=CARTESIAN_POINT('',(7.87500000000001,-4.5,2.35));
#15075=CARTESIAN_POINT('',(7.87500000000001,-3.2,2.35));
#15076=CARTESIAN_POINT('',(12.175,3.2,2.35));
#15077=CARTESIAN_POINT('',(12.175,4.5,0.55));
#15078=CARTESIAN_POINT('',(12.175,4.5,1.8));
#15079=CARTESIAN_POINT('',(12.175,3.2,1.8));
#15080=CARTESIAN_POINT('',(7.87500000000001,4.5,2.35));
#15081=CARTESIAN_POINT('',(14.875,4.5,1.8));
#15082=CARTESIAN_POINT('',(7.87500000000001,4.5,2.35));
#15083=CARTESIAN_POINT('',(7.87500000000001,-3.2,2.35));
#15084=CARTESIAN_POINT('',(7.87500000000001,-4.5,0.55));
#15085=CARTESIAN_POINT('',(7.87500000000001,-4.5,0.55));
#15086=CARTESIAN_POINT('',(12.175,-4.5,1.8));
#15087=CARTESIAN_POINT('',(12.175,-4.5,1.8));
#15088=CARTESIAN_POINT('',(14.875,-4.5,1.8));
#15089=CARTESIAN_POINT('',(12.175,-3.2,0.55));
#15090=CARTESIAN_POINT('',(12.175,-3.2,1.8));
#15091=CARTESIAN_POINT('',(-9.385,8.26999999999999,0.54));
#15092=CARTESIAN_POINT('',(-11.925,8.26999999999998,0.54));
#15093=CARTESIAN_POINT('',(-11.925,8.26999999999998,0.54));
#15094=CARTESIAN_POINT('',(-9.385,8.26999999999999,0.54));
#15095=CARTESIAN_POINT('',(-9.385,8.27,0.54));
#15096=CARTESIAN_POINT('',(-9.385,8.27,0.54));
#15097=CARTESIAN_POINT('',(-9.385,5.73,0.54));
#15098=CARTESIAN_POINT('',(-9.385,5.73,0.54));
#15099=CARTESIAN_POINT('',(-9.385,5.73,0.54));
#15100=CARTESIAN_POINT('',(-9.385,5.73,0.54));
#15101=CARTESIAN_POINT('',(-11.925,5.73,0.54));
#15102=CARTESIAN_POINT('',(-11.925,5.73,0.54));
#15103=CARTESIAN_POINT('',(-11.925,5.73,0.54));
#15104=CARTESIAN_POINT('',(-11.925,5.73,0.54));
#15105=CARTESIAN_POINT('',(-11.925,8.26999999999998,0.54));
#15106=CARTESIAN_POINT('',(-11.925,8.26999999999998,0.54));
#15107=CARTESIAN_POINT('',(0.,0.,0.54));
#15108=CARTESIAN_POINT('',(-10.655,7.,0.539999999999999));
#15109=CARTESIAN_POINT('',(-10.005,7.,0.539999999999999));
#15110=CARTESIAN_POINT('',(-10.655,7.,-33.5894566447681));
#15111=CARTESIAN_POINT('',(-9.385,-5.73000000000001,0.54));
#15112=CARTESIAN_POINT('',(-11.925,-5.73000000000002,0.54));
#15113=CARTESIAN_POINT('',(-11.925,-5.73000000000002,0.54));
#15114=CARTESIAN_POINT('',(-9.385,-5.73000000000001,0.54));
#15115=CARTESIAN_POINT('',(-9.385,-5.73000000000001,0.54));
#15116=CARTESIAN_POINT('',(-9.385,-5.73000000000001,0.54));
#15117=CARTESIAN_POINT('',(-9.38499999999999,-8.27,0.54));
#15118=CARTESIAN_POINT('',(-9.38499999999999,-8.27,0.54));
#15119=CARTESIAN_POINT('',(-9.385,-8.26999999999999,0.54));
#15120=CARTESIAN_POINT('',(-9.385,-8.26999999999999,0.54));
#15121=CARTESIAN_POINT('',(-11.925,-8.26999999999999,0.54));
#15122=CARTESIAN_POINT('',(-11.925,-8.26999999999999,0.54));
#15123=CARTESIAN_POINT('',(-11.925,-8.26999999999999,0.54));
#15124=CARTESIAN_POINT('',(-11.925,-8.26999999999999,0.54));
#15125=CARTESIAN_POINT('',(-11.925,-5.73000000000002,0.54));
#15126=CARTESIAN_POINT('',(-11.925,-5.73000000000002,0.54));
#15127=CARTESIAN_POINT('',(0.,0.,0.54));
#15128=CARTESIAN_POINT('',(-10.655,-7.,0.539999999999999));
#15129=CARTESIAN_POINT('',(-10.005,-7.,0.539999999999999));
#15130=CARTESIAN_POINT('',(-10.655,-7.,-33.5894566447681));
#15131=CARTESIAN_POINT('',(-9.385,-2.53000000000001,0.54));
#15132=CARTESIAN_POINT('',(-11.925,-2.53000000000001,0.54));
#15133=CARTESIAN_POINT('',(-11.925,-2.53000000000001,0.54));
#15134=CARTESIAN_POINT('',(-9.385,-2.53000000000001,0.54));
#15135=CARTESIAN_POINT('',(-9.385,-2.53000000000001,0.54));
#15136=CARTESIAN_POINT('',(-9.385,-2.53000000000001,0.54));
#15137=CARTESIAN_POINT('',(-9.385,-5.06999999999999,0.54));
#15138=CARTESIAN_POINT('',(-9.385,-5.06999999999999,0.54));
#15139=CARTESIAN_POINT('',(-9.385,-5.06999999999999,0.54));
#15140=CARTESIAN_POINT('',(-9.385,-5.06999999999999,0.54));
#15141=CARTESIAN_POINT('',(-11.925,-5.06999999999999,0.54));
#15142=CARTESIAN_POINT('',(-11.925,-5.06999999999999,0.54));
#15143=CARTESIAN_POINT('',(-11.925,-5.06999999999999,0.54));
#15144=CARTESIAN_POINT('',(-11.925,-5.06999999999999,0.54));
#15145=CARTESIAN_POINT('',(-11.925,-2.53000000000001,0.54));
#15146=CARTESIAN_POINT('',(-11.925,-2.53000000000001,0.54));
#15147=CARTESIAN_POINT('',(0.,0.,0.54));
#15148=CARTESIAN_POINT('',(-10.655,-3.8,0.539999999999999));
#15149=CARTESIAN_POINT('',(-10.005,-3.8,0.539999999999999));
#15150=CARTESIAN_POINT('',(-10.655,-3.8,-33.5894566447681));
#15151=CARTESIAN_POINT('',(-9.385,5.06999999999999,0.54));
#15152=CARTESIAN_POINT('',(-11.925,5.06999999999999,0.54));
#15153=CARTESIAN_POINT('',(-11.925,5.06999999999999,0.54));
#15154=CARTESIAN_POINT('',(-9.385,5.06999999999999,0.54));
#15155=CARTESIAN_POINT('',(-9.385,5.06999999999999,0.54));
#15156=CARTESIAN_POINT('',(-9.385,5.06999999999999,0.54));
#15157=CARTESIAN_POINT('',(-9.385,2.53000000000001,0.54));
#15158=CARTESIAN_POINT('',(-9.385,2.53000000000001,0.54));
#15159=CARTESIAN_POINT('',(-9.385,2.53,0.54));
#15160=CARTESIAN_POINT('',(-9.385,2.53,0.54));
#15161=CARTESIAN_POINT('',(-11.925,2.53,0.54));
#15162=CARTESIAN_POINT('',(-11.925,2.53,0.54));
#15163=CARTESIAN_POINT('',(-11.925,2.53,0.54));
#15164=CARTESIAN_POINT('',(-11.925,2.53,0.54));
#15165=CARTESIAN_POINT('',(-11.925,5.06999999999999,0.54));
#15166=CARTESIAN_POINT('',(-11.925,5.06999999999999,0.54));
#15167=CARTESIAN_POINT('',(0.,0.,0.54));
#15168=CARTESIAN_POINT('',(-10.655,3.8,0.539999999999999));
#15169=CARTESIAN_POINT('',(-10.005,3.8,0.539999999999999));
#15170=CARTESIAN_POINT('',(-10.655,3.8,-33.5894566447681));
#15171=CARTESIAN_POINT('',(10.935,5.72999999999999,0.54));
#15172=CARTESIAN_POINT('',(10.935,5.72999999999999,0.54));
#15173=CARTESIAN_POINT('',(10.935,5.72999999999999,0.54));
#15174=CARTESIAN_POINT('',(10.935,5.72999999999999,0.54));
#15175=CARTESIAN_POINT('',(10.935,8.26999999999998,0.54));
#15176=CARTESIAN_POINT('',(10.935,8.26999999999998,0.54));
#15177=CARTESIAN_POINT('',(10.935,8.26999999999998,0.54));
#15178=CARTESIAN_POINT('',(10.935,8.26999999999998,0.54));
#15179=CARTESIAN_POINT('',(13.475,8.26999999999998,0.54));
#15180=CARTESIAN_POINT('',(13.475,8.26999999999998,0.54));
#15181=CARTESIAN_POINT('',(13.475,-8.26999999999999,0.54));
#15182=CARTESIAN_POINT('',(13.475,-8.26999999999999,0.54));
#15183=CARTESIAN_POINT('',(13.475,-8.26999999999999,0.54));
#15184=CARTESIAN_POINT('',(13.475,-8.26999999999999,0.54));
#15185=CARTESIAN_POINT('',(10.935,-8.26999999999999,0.54));
#15186=CARTESIAN_POINT('',(10.935,-8.26999999999999,0.54));
#15187=CARTESIAN_POINT('',(10.935,-8.26999999999999,0.54));
#15188=CARTESIAN_POINT('',(10.935,-8.26999999999999,0.54));
#15189=CARTESIAN_POINT('',(10.935,-5.73000000000001,0.54));
#15190=CARTESIAN_POINT('',(10.935,-5.73000000000001,0.54));
#15191=CARTESIAN_POINT('',(13.475,-5.73,0.54));
#15192=CARTESIAN_POINT('',(13.475,-5.8,0.55));
#15193=CARTESIAN_POINT('',(13.475,-5.8,0.54));
#15194=CARTESIAN_POINT('',(13.475,-5.73,0.54));
#15195=CARTESIAN_POINT('',(13.475,8.26999999999998,0.54));
#15196=CARTESIAN_POINT('',(13.475,8.26999999999998,0.54));
#15197=CARTESIAN_POINT('',(13.475,5.80000000000001,0.54));
#15198=CARTESIAN_POINT('',(13.475,5.8,0.55));
#15199=CARTESIAN_POINT('',(0.,0.,0.54));
#15200=CARTESIAN_POINT('',(13.475,-5.73,0.54));
#15201=CARTESIAN_POINT('',(13.475,-5.73,0.54));
#15202=CARTESIAN_POINT('',(10.935,-5.73000000000001,0.54));
#15203=CARTESIAN_POINT('',(12.205,-7.,0.539999999999999));
#15204=CARTESIAN_POINT('',(11.555,-7.,0.539999999999999));
#15205=CARTESIAN_POINT('',(12.205,-7.,-33.5894566447681));
#15206=CARTESIAN_POINT('',(10.935,-5.73000000000001,0.54));
#15207=CARTESIAN_POINT('',(13.475,-5.73,0.54));
#15208=CARTESIAN_POINT('',(14.875,-3.2,1.8));
#15209=CARTESIAN_POINT('',(13.475,-3.2,1.8));
#15210=CARTESIAN_POINT('',(13.475,-3.2,0.500000000000002));
#15211=CARTESIAN_POINT('',(14.875,-3.2,0.500000000000002));
#15212=CARTESIAN_POINT('',(14.875,-3.2,0.500000000000002));
#15213=CARTESIAN_POINT('',(13.475,-3.2,0.500000000000002));
#15214=CARTESIAN_POINT('',(13.475,3.2,0.500000000000002));
#15215=CARTESIAN_POINT('',(14.875,3.2,0.500000000000002));
#15216=CARTESIAN_POINT('',(14.875,3.2,1.8));
#15217=CARTESIAN_POINT('',(13.475,3.2,1.8));
#15218=CARTESIAN_POINT('',(13.475,5.72999999999999,0.54));
#15219=CARTESIAN_POINT('',(13.475,5.72999999999999,0.54));
#15220=CARTESIAN_POINT('',(13.475,5.72999999999999,0.54));
#15221=CARTESIAN_POINT('',(13.475,5.72999999999999,0.54));
#15222=CARTESIAN_POINT('',(0.,0.,0.54));
#15223=CARTESIAN_POINT('',(13.475,8.26999999999998,0.54));
#15224=CARTESIAN_POINT('',(12.205,7.,0.539999999999999));
#15225=CARTESIAN_POINT('',(11.555,7.,0.539999999999999));
#15226=CARTESIAN_POINT('',(12.205,7.,-33.5894566447681));
#15227=CARTESIAN_POINT('',(13.475,5.8,0.55));
#15228=CARTESIAN_POINT('',(13.475,5.8,-0.55));
#15229=CARTESIAN_POINT('',(13.475,5.8,0.55));
#15230=CARTESIAN_POINT('',(13.475,-5.8,0.55));
#15231=CARTESIAN_POINT('',(14.075,6.4,0.55));
#15232=CARTESIAN_POINT('',(14.075,6.4,-0.55));
#15233=CARTESIAN_POINT('',(14.075,6.4,-0.55));
#15234=CARTESIAN_POINT('',(14.075,6.4,0.55));
#15235=CARTESIAN_POINT('',(14.075,8.80000000000001,0.55));
#15236=CARTESIAN_POINT('',(14.075,8.80000000000001,-0.55));
#15237=CARTESIAN_POINT('',(14.075,8.8,-0.55));
#15238=CARTESIAN_POINT('',(14.075,8.8,0.55));
#15239=CARTESIAN_POINT('',(-14.075,8.8,0.55));
#15240=CARTESIAN_POINT('',(-14.075,8.8,-0.55));
#15241=CARTESIAN_POINT('',(-14.075,8.80000000000001,-0.55));
#15242=CARTESIAN_POINT('',(-14.075,8.80000000000001,0.55));
#15243=CARTESIAN_POINT('',(-14.075,6.25000000000002,0.55));
#15244=CARTESIAN_POINT('',(-14.075,6.25000000000002,-0.55));
#15245=CARTESIAN_POINT('',(-14.075,6.25000000000002,-0.55));
#15246=CARTESIAN_POINT('',(-14.075,6.25000000000002,0.55));
#15247=CARTESIAN_POINT('',(-14.075,4.55000000000003,0.55));
#15248=CARTESIAN_POINT('',(-14.075,4.55000000000003,-0.55));
#15249=CARTESIAN_POINT('',(-12.375,4.55000000000001,-0.55));
#15250=CARTESIAN_POINT('',(-12.375,4.55000000000001,0.55));
#15251=CARTESIAN_POINT('',(-12.375,-4.55000000000001,0.55));
#15252=CARTESIAN_POINT('',(-12.375,-4.55000000000001,-0.55));
#15253=CARTESIAN_POINT('',(-12.375,-4.55,-0.55));
#15254=CARTESIAN_POINT('',(-12.375,-4.55,0.55));
#15255=CARTESIAN_POINT('',(-14.075,-4.55,0.55));
#15256=CARTESIAN_POINT('',(-14.075,-4.55,-0.55));
#15257=CARTESIAN_POINT('',(-14.075,-6.24999999999999,-0.55));
#15258=CARTESIAN_POINT('',(-14.075,-6.24999999999999,0.55));
#15259=CARTESIAN_POINT('',(-14.075,-8.8,0.55));
#15260=CARTESIAN_POINT('',(-14.075,-8.8,-0.55));
#15261=CARTESIAN_POINT('',(-14.075,-8.8,-0.55));
#15262=CARTESIAN_POINT('',(-14.075,-8.8,0.55));
#15263=CARTESIAN_POINT('',(14.075,-8.8,0.55));
#15264=CARTESIAN_POINT('',(14.075,-8.8,-0.55));
#15265=CARTESIAN_POINT('',(14.075,-8.79999999999999,-0.55));
#15266=CARTESIAN_POINT('',(14.075,-8.79999999999999,0.55));
#15267=CARTESIAN_POINT('',(14.075,-6.4,0.55));
#15268=CARTESIAN_POINT('',(14.075,-6.4,-0.55));
#15269=CARTESIAN_POINT('',(14.075,-6.4,-0.55));
#15270=CARTESIAN_POINT('',(14.075,-6.4,0.55));
#15271=CARTESIAN_POINT('',(13.475,-5.8,0.55));
#15272=CARTESIAN_POINT('',(13.475,-5.8,-0.55));
#15273=CARTESIAN_POINT('',(-14.075,4.55000000000003,-0.55));
#15274=CARTESIAN_POINT('',(0.,0.,1.75));
#15275=CARTESIAN_POINT('',(-7.87500000000002,-3.05,1.75));
#15276=CARTESIAN_POINT('',(-7.87500000000002,-3.05,1.75));
#15277=CARTESIAN_POINT('',(-7.87500000000002,-4.65,1.75));
#15278=CARTESIAN_POINT('',(-7.87500000000002,-4.65,1.75));
#15279=CARTESIAN_POINT('',(-4.87500000000001,-4.65,1.75));
#15280=CARTESIAN_POINT('',(-4.87500000000001,-4.65,1.75));
#15281=CARTESIAN_POINT('',(-4.87500000000001,-3.05,1.75));
#15282=CARTESIAN_POINT('',(-4.87500000000001,-3.05,1.75));
#15283=CARTESIAN_POINT('',(-7.87500000000002,-3.05,1.75));
#15284=CARTESIAN_POINT('',(-7.87500000000002,-4.65,1.75));
#15285=CARTESIAN_POINT('',(-7.87500000000002,-3.05,1.75));
#15286=CARTESIAN_POINT('',(-7.87500000000002,-4.65,1.75));
#15287=CARTESIAN_POINT('',(-4.87500000000001,-4.65,1.75));
#15288=CARTESIAN_POINT('',(-4.87500000000001,-4.65,1.75));
#15289=CARTESIAN_POINT('',(-4.87500000000001,-3.05,1.75));
#15290=CARTESIAN_POINT('',(-4.87500000000001,-3.05,1.75));
#15291=CARTESIAN_POINT('',(0.,0.,1.75));
#15292=CARTESIAN_POINT('',(-8.07500000000002,4.85000000000001,1.75));
#15293=CARTESIAN_POINT('',(-8.07500000000002,4.85000000000001,1.75));
#15294=CARTESIAN_POINT('',(-8.07500000000002,0.500000000000007,1.75));
#15295=CARTESIAN_POINT('',(-8.07500000000002,0.500000000000007,1.75));
#15296=CARTESIAN_POINT('',(-4.87500000000002,0.500000000000007,1.75));
#15297=CARTESIAN_POINT('',(-4.87500000000002,0.500000000000007,1.75));
#15298=CARTESIAN_POINT('',(-4.87500000000002,4.85000000000001,1.75));
#15299=CARTESIAN_POINT('',(-4.87500000000002,4.85000000000001,1.75));
#15300=CARTESIAN_POINT('',(-8.07500000000002,0.500000000000007,1.75));
#15301=CARTESIAN_POINT('',(-4.87500000000002,0.500000000000007,1.75));
#15302=CARTESIAN_POINT('',(-8.07500000000002,0.500000000000007,1.75));
#15303=CARTESIAN_POINT('',(-4.87500000000002,0.500000000000007,1.75));
#15304=CARTESIAN_POINT('',(-4.87500000000002,4.85000000000001,1.75));
#15305=CARTESIAN_POINT('',(-4.87500000000002,4.85000000000001,1.75));
#15306=CARTESIAN_POINT('',(-8.07500000000002,4.85000000000001,1.75));
#15307=CARTESIAN_POINT('',(-8.07500000000002,4.85000000000001,1.75));
#15308=CARTESIAN_POINT('',(0.,0.,2.15));
#15309=CARTESIAN_POINT('',(-2.57500000000003,-0.0999999999999944,2.15));
#15310=CARTESIAN_POINT('',(-2.57500000000003,-0.0999999999999944,2.15));
#15311=CARTESIAN_POINT('',(-2.57500000000003,-2.39999999999999,2.15));
#15312=CARTESIAN_POINT('',(-2.57500000000003,-2.39999999999999,2.15));
#15313=CARTESIAN_POINT('',(-1.17500000000003,-2.39999999999999,2.15));
#15314=CARTESIAN_POINT('',(-1.17500000000003,-2.39999999999999,2.15));
#15315=CARTESIAN_POINT('',(-1.17500000000003,-0.0999999999999942,2.15));
#15316=CARTESIAN_POINT('',(-1.17500000000003,-0.0999999999999942,2.15));
#15317=CARTESIAN_POINT('',(-2.57500000000003,-0.0999999999999944,2.15));
#15318=CARTESIAN_POINT('',(-2.57500000000003,-2.39999999999999,2.15));
#15319=CARTESIAN_POINT('',(-2.57500000000003,-0.0999999999999944,2.15));
#15320=CARTESIAN_POINT('',(-2.57500000000003,-2.39999999999999,2.15));
#15321=CARTESIAN_POINT('',(-1.17500000000003,-2.39999999999999,2.15));
#15322=CARTESIAN_POINT('',(-1.17500000000003,-2.39999999999999,2.15));
#15323=CARTESIAN_POINT('',(-1.17500000000003,-0.0999999999999942,2.15));
#15324=CARTESIAN_POINT('',(-1.17500000000003,-0.0999999999999942,2.15));
#15325=CARTESIAN_POINT('',(0.,0.,2.15));
#15326=CARTESIAN_POINT('',(-0.375000000000028,2.50000000000001,2.15));
#15327=CARTESIAN_POINT('',(-0.375000000000027,2.50000000000001,2.15));
#15328=CARTESIAN_POINT('',(-0.375000000000027,-1.39999999999999,2.15));
#15329=CARTESIAN_POINT('',(-0.375000000000027,-1.39999999999999,2.15));
#15330=CARTESIAN_POINT('',(4.42499999999998,-1.39999999999999,2.15));
#15331=CARTESIAN_POINT('',(4.42499999999998,-1.39999999999999,2.15));
#15332=CARTESIAN_POINT('',(4.42499999999998,2.50000000000001,2.15));
#15333=CARTESIAN_POINT('',(4.42499999999998,2.50000000000001,2.15));
#15334=CARTESIAN_POINT('',(-0.375000000000027,-1.39999999999999,2.15));
#15335=CARTESIAN_POINT('',(4.42499999999998,-1.39999999999999,2.15));
#15336=CARTESIAN_POINT('',(-0.375000000000027,-1.39999999999999,2.15));
#15337=CARTESIAN_POINT('',(4.42499999999998,-1.39999999999999,2.15));
#15338=CARTESIAN_POINT('',(4.42499999999998,2.50000000000001,2.15));
#15339=CARTESIAN_POINT('',(4.42499999999998,2.50000000000001,2.15));
#15340=CARTESIAN_POINT('',(-0.375000000000027,2.50000000000001,2.15));
#15341=CARTESIAN_POINT('',(-0.375000000000028,2.50000000000001,2.15));
#15342=CARTESIAN_POINT('',(3.62499999999998,-1.39999999999999,1.65));
#15343=CARTESIAN_POINT('',(4.22499999999998,-1.39999999999999,1.65));
#15344=CARTESIAN_POINT('',(4.22499999999998,-1.74999999999999,1.65));
#15345=CARTESIAN_POINT('',(3.62499999999998,-1.39999999999999,1.65));
#15346=CARTESIAN_POINT('',(3.62499999999998,-1.74999999999999,1.65));
#15347=CARTESIAN_POINT('',(3.62499999999998,-1.74999999999999,1.65));
#15348=CARTESIAN_POINT('',(3.62499999999998,-1.74999999999999,1.35));
#15349=CARTESIAN_POINT('',(4.22499999999998,-1.74999999999999,1.35));
#15350=CARTESIAN_POINT('',(4.22499999999998,-2.03977774788671,1.42764571353076));
#15351=CARTESIAN_POINT('',(3.62499999999998,-1.74999999999999,1.35));
#15352=CARTESIAN_POINT('',(3.62499999999998,-2.03977774788671,1.42764571353076));
#15353=CARTESIAN_POINT('',(3.62499999999998,-2.03977774788671,1.42764571353076));
#15354=CARTESIAN_POINT('',(3.62499999999998,-2.03977774788671,1.42764571353076));
#15355=CARTESIAN_POINT('',(4.22499999999998,-2.03977774788671,1.42764571353076));
#15356=CARTESIAN_POINT('',(4.22499999999998,-2.18557273082837,0.883531429703867));
#15357=CARTESIAN_POINT('',(3.62499999999998,-2.03977774788671,1.42764571353076));
#15358=CARTESIAN_POINT('',(3.62499999999998,-2.18557273082837,0.883531429703867));
#15359=CARTESIAN_POINT('',(3.62499999999998,-2.18557273082837,0.883531429703867));
#15360=CARTESIAN_POINT('',(3.62499999999998,-2.62023935265845,1.));
#15361=CARTESIAN_POINT('',(4.22499999999998,-2.62023935265845,1.));
#15362=CARTESIAN_POINT('',(3.62499999999998,-2.62023935265845,1.));
#15363=CARTESIAN_POINT('',(3.62499999999998,-2.62023935265845,1.));
#15364=CARTESIAN_POINT('',(4.22499999999998,-2.62023935265845,1.));
#15365=CARTESIAN_POINT('',(4.22499999999998,-1.99238756557055,0.831767620683363));
#15366=CARTESIAN_POINT('',(3.62499999999998,-2.62023935265845,1.));
#15367=CARTESIAN_POINT('',(3.62499999999998,-1.99238756557055,0.831767620683363));
#15368=CARTESIAN_POINT('',(3.62499999999998,-1.99238756557055,0.831767620683363));
#15369=CARTESIAN_POINT('',(3.62499999999998,-1.8465925826289,1.37588190451025));
#15370=CARTESIAN_POINT('',(4.22499999999998,-1.8465925826289,1.37588190451025));
#15371=CARTESIAN_POINT('',(4.22499999999998,-1.8465925826289,1.37588190451025));
#15372=CARTESIAN_POINT('',(3.62499999999998,-1.8465925826289,1.37588190451025));
#15373=CARTESIAN_POINT('',(3.62499999999998,-1.8465925826289,1.37588190451025));
#15374=CARTESIAN_POINT('',(3.62499999999998,-1.8465925826289,1.37588190451025));
#15375=CARTESIAN_POINT('',(3.62499999999998,-1.74999999999999,1.35));
#15376=CARTESIAN_POINT('',(4.22499999999998,-1.74999999999999,1.35));
#15377=CARTESIAN_POINT('',(4.22499999999998,-1.74999999999999,1.45));
#15378=CARTESIAN_POINT('',(3.62499999999998,-1.74999999999999,1.35));
#15379=CARTESIAN_POINT('',(3.62499999999998,-1.74999999999999,1.45));
#15380=CARTESIAN_POINT('',(3.62499999999998,-1.74999999999999,1.45));
#15381=CARTESIAN_POINT('',(3.62499999999998,-1.39999999999999,1.45));
#15382=CARTESIAN_POINT('',(4.22499999999998,-1.39999999999999,1.45));
#15383=CARTESIAN_POINT('',(3.62499999999998,-1.39999999999999,1.45));
#15384=CARTESIAN_POINT('',(3.62499999999998,-1.74999999999999,1.35));
#15385=CARTESIAN_POINT('',(4.22499999999998,-1.74999999999999,1.35));
#15386=CARTESIAN_POINT('',(-5.47500000000002,0.500000000000007,1.35));
#15387=CARTESIAN_POINT('',(-5.07500000000002,0.500000000000007,1.35));
#15388=CARTESIAN_POINT('',(-5.07500000000002,0.250000000000007,1.35));
#15389=CARTESIAN_POINT('',(-5.47500000000002,0.500000000000007,1.35));
#15390=CARTESIAN_POINT('',(-5.47500000000002,0.250000000000007,1.35));
#15391=CARTESIAN_POINT('',(-5.47500000000002,0.250000000000007,1.35));
#15392=CARTESIAN_POINT('',(-5.47500000000002,0.250000000000007,1.05));
#15393=CARTESIAN_POINT('',(-5.07500000000002,0.250000000000007,1.05));
#15394=CARTESIAN_POINT('',(-5.07500000000002,-0.0397777478867135,1.12764571353076));
#15395=CARTESIAN_POINT('',(-5.47500000000002,0.250000000000007,1.05));
#15396=CARTESIAN_POINT('',(-5.47500000000002,-0.0397777478867135,1.12764571353076));
#15397=CARTESIAN_POINT('',(-5.47500000000002,-0.0397777478867135,1.12764571353076));
#15398=CARTESIAN_POINT('',(-5.47500000000002,-0.039777747886713,1.12764571353076));
#15399=CARTESIAN_POINT('',(-5.07500000000002,-0.039777747886713,1.12764571353076));
#15400=CARTESIAN_POINT('',(-5.07500000000002,-0.105187973099029,0.883531429703867));
#15401=CARTESIAN_POINT('',(-5.47500000000002,-0.039777747886713,1.12764571353076));
#15402=CARTESIAN_POINT('',(-5.47500000000002,-0.105187973099029,0.883531429703867));
#15403=CARTESIAN_POINT('',(-5.47500000000002,-0.105187973099029,0.883531429703867));
#15404=CARTESIAN_POINT('',(-5.47500000000002,-0.53985459492911,1.));
#15405=CARTESIAN_POINT('',(-5.07500000000002,-0.53985459492911,1.));
#15406=CARTESIAN_POINT('',(-5.47500000000002,-0.53985459492911,1.));
#15407=CARTESIAN_POINT('',(-5.47500000000002,-0.53985459492911,1.));
#15408=CARTESIAN_POINT('',(-5.07500000000002,-0.53985459492911,1.));
#15409=CARTESIAN_POINT('',(-5.07500000000002,0.0397009008443312,0.844708572938489));
#15410=CARTESIAN_POINT('',(-5.47500000000002,-0.53985459492911,1.));
#15411=CARTESIAN_POINT('',(-5.47500000000002,0.0397009008443312,0.844708572938489));
#15412=CARTESIAN_POINT('',(-5.47500000000002,0.0397009008443312,0.844708572938489));
#15413=CARTESIAN_POINT('',(-5.47500000000002,0.105111126056647,1.08882285676538));
#15414=CARTESIAN_POINT('',(-5.07500000000002,0.105111126056647,1.08882285676538));
#15415=CARTESIAN_POINT('',(-5.07500000000002,0.105111126056647,1.08882285676538));
#15416=CARTESIAN_POINT('',(-5.47500000000002,0.105111126056647,1.08882285676538));
#15417=CARTESIAN_POINT('',(-5.47500000000002,0.105111126056647,1.08882285676538));
#15418=CARTESIAN_POINT('',(-5.47500000000002,0.105111126056647,1.08882285676538));
#15419=CARTESIAN_POINT('',(-5.47500000000002,0.250000000000007,1.05));
#15420=CARTESIAN_POINT('',(-5.07500000000002,0.250000000000007,1.05));
#15421=CARTESIAN_POINT('',(-5.07500000000002,0.250000000000007,1.2));
#15422=CARTESIAN_POINT('',(-5.47500000000002,0.250000000000007,1.05));
#15423=CARTESIAN_POINT('',(-5.47500000000002,0.250000000000007,1.2));
#15424=CARTESIAN_POINT('',(-5.47500000000002,0.250000000000007,1.2));
#15425=CARTESIAN_POINT('',(-5.47500000000002,0.500000000000007,1.2));
#15426=CARTESIAN_POINT('',(-5.07500000000002,0.500000000000007,1.2));
#15427=CARTESIAN_POINT('',(-5.47500000000002,0.500000000000007,1.2));
#15428=CARTESIAN_POINT('',(-5.47500000000002,0.250000000000007,1.05));
#15429=CARTESIAN_POINT('',(-5.07500000000002,0.250000000000007,1.05));
#15430=CARTESIAN_POINT('',(-5.57500000000001,-4.65,1.35));
#15431=CARTESIAN_POINT('',(-5.07500000000001,-4.65,1.35));
#15432=CARTESIAN_POINT('',(-5.07500000000001,-4.85,1.35));
#15433=CARTESIAN_POINT('',(-5.57500000000001,-4.65,1.35));
#15434=CARTESIAN_POINT('',(-5.57500000000001,-4.85,1.35));
#15435=CARTESIAN_POINT('',(-5.57500000000001,-4.85,1.35));
#15436=CARTESIAN_POINT('',(-5.57500000000001,-4.85,1.05));
#15437=CARTESIAN_POINT('',(-5.07500000000001,-4.85,1.05));
#15438=CARTESIAN_POINT('',(-5.07500000000001,-5.13977774788672,1.12764571353076));
#15439=CARTESIAN_POINT('',(-5.57500000000001,-4.85,1.05));
#15440=CARTESIAN_POINT('',(-5.57500000000001,-5.13977774788672,1.12764571353076));
#15441=CARTESIAN_POINT('',(-5.57500000000001,-5.13977774788672,1.12764571353076));
#15442=CARTESIAN_POINT('',(-5.57500000000001,-5.13977774788672,1.12764571353076));
#15443=CARTESIAN_POINT('',(-5.07500000000001,-5.13977774788672,1.12764571353076));
#15444=CARTESIAN_POINT('',(-5.07500000000001,-5.20518797309903,0.883531429703867));
#15445=CARTESIAN_POINT('',(-5.57500000000001,-5.13977774788672,1.12764571353076));
#15446=CARTESIAN_POINT('',(-5.57500000000001,-5.20518797309903,0.883531429703867));
#15447=CARTESIAN_POINT('',(-5.57500000000001,-5.20518797309903,0.883531429703867));
#15448=CARTESIAN_POINT('',(-5.57500000000001,-5.63985459492912,1.));
#15449=CARTESIAN_POINT('',(-5.07500000000001,-5.63985459492912,1.));
#15450=CARTESIAN_POINT('',(-5.57500000000001,-5.63985459492912,1.));
#15451=CARTESIAN_POINT('',(-5.57500000000001,-5.63985459492912,1.));
#15452=CARTESIAN_POINT('',(-5.07500000000001,-5.63985459492912,1.));
#15453=CARTESIAN_POINT('',(-5.07500000000001,-5.06029909915567,0.844708572938489));
#15454=CARTESIAN_POINT('',(-5.57500000000001,-5.63985459492912,1.));
#15455=CARTESIAN_POINT('',(-5.57500000000001,-5.06029909915567,0.844708572938489));
#15456=CARTESIAN_POINT('',(-5.57500000000001,-5.06029909915567,0.844708572938489));
#15457=CARTESIAN_POINT('',(-5.57500000000001,-4.99488887394336,1.08882285676538));
#15458=CARTESIAN_POINT('',(-5.07500000000001,-4.99488887394336,1.08882285676538));
#15459=CARTESIAN_POINT('',(-5.07500000000001,-4.99488887394336,1.08882285676538));
#15460=CARTESIAN_POINT('',(-5.57500000000001,-4.99488887394336,1.08882285676538));
#15461=CARTESIAN_POINT('',(-5.57500000000001,-4.99488887394336,1.08882285676538));
#15462=CARTESIAN_POINT('',(-5.57500000000001,-4.99488887394336,1.08882285676538));
#15463=CARTESIAN_POINT('',(-5.57500000000001,-4.85,1.05));
#15464=CARTESIAN_POINT('',(-5.07500000000001,-4.85,1.05));
#15465=CARTESIAN_POINT('',(-5.07500000000001,-4.85,1.2));
#15466=CARTESIAN_POINT('',(-5.57500000000001,-4.85,1.05));
#15467=CARTESIAN_POINT('',(-5.57500000000001,-4.85,1.2));
#15468=CARTESIAN_POINT('',(-5.57500000000001,-4.85,1.2));
#15469=CARTESIAN_POINT('',(-5.57500000000001,-4.65,1.2));
#15470=CARTESIAN_POINT('',(-5.07500000000001,-4.65,1.2));
#15471=CARTESIAN_POINT('',(-5.57500000000001,-4.65,1.2));
#15472=CARTESIAN_POINT('',(-5.57500000000001,-4.85,1.05));
#15473=CARTESIAN_POINT('',(-5.07500000000001,-4.85,1.05));
#15474=CARTESIAN_POINT('',(-19.2644566447681,-3.20000000000001,2.35));
#15475=CARTESIAN_POINT('',(-19.2644566447681,-3.20000000000001,3.35));
#15476=CARTESIAN_POINT('',(-19.2644566447681,-4.20000000000001,2.35));
#15477=CARTESIAN_POINT('',(-19.2644566447681,-3.20000000000001,3.35));
#15478=CARTESIAN_POINT('',(-19.2644566447681,3.19999999999999,3.35));
#15479=CARTESIAN_POINT('',(-19.2644566447681,3.19999999999999,2.35));
#15480=CARTESIAN_POINT('',(-19.2644566447681,4.19999999999999,2.35));
#15481=CARTESIAN_POINT('',(-19.2644566447681,4.19999999999999,2.35));
#15482=CARTESIAN_POINT('',(-19.2644566447681,4.19999999999999,1.8));
#15483=CARTESIAN_POINT('',(-19.2644566447681,3.19999999999999,1.8));
#15484=CARTESIAN_POINT('',(-19.2644566447681,3.19999999999999,0.800000000000002));
#15485=CARTESIAN_POINT('',(-19.2644566447681,3.19999999999999,0.800000000000002));
#15486=CARTESIAN_POINT('',(-19.2644566447681,-3.20000000000001,0.800000000000002));
#15487=CARTESIAN_POINT('',(-19.2644566447681,-3.20000000000001,1.8));
#15488=CARTESIAN_POINT('',(-19.2644566447681,-4.20000000000001,1.8));
#15489=CARTESIAN_POINT('',(-19.2644566447681,-4.20000000000001,1.8));
#15490=CARTESIAN_POINT('',(43.0144566447681,-3.25,2.475));
#15491=CARTESIAN_POINT('',(14.275,-3.25,2.475));
#15492=CARTESIAN_POINT('',(14.275,-3.25,2.475));
#15493=CARTESIAN_POINT('',(14.275,-3.25,1.675));
#15494=CARTESIAN_POINT('',(43.0144566447681,-3.25,2.475));
#15495=CARTESIAN_POINT('',(43.0144566447681,-3.25,1.675));
#15496=CARTESIAN_POINT('',(43.0144566447681,-3.25,1.675));
#15497=CARTESIAN_POINT('',(14.275,-3.25000000000001,1.675));
#15498=CARTESIAN_POINT('',(14.275,3.25,1.675));
#15499=CARTESIAN_POINT('',(43.0144566447681,3.25,1.675));
#15500=CARTESIAN_POINT('',(43.0144566447681,3.25,1.675));
#15501=CARTESIAN_POINT('',(14.275,3.25,1.675));
#15502=CARTESIAN_POINT('',(14.275,3.25,2.475));
#15503=CARTESIAN_POINT('',(43.0144566447681,3.25,2.475));
#15504=CARTESIAN_POINT('',(43.0144566447681,3.25,2.475));
#15505=CARTESIAN_POINT('',(14.275,3.24999999999999,2.475));
#15506=CARTESIAN_POINT('',(14.275,-8.9727076343628E-17,2.075));
#15507=CARTESIAN_POINT('',(-7.61067268129354,-6.69038524168744,0.54));
#15508=CARTESIAN_POINT('',(-7.6808928070797,-6.69038524168744,0.54));
#15509=CARTESIAN_POINT('',(-7.54045255550738,-6.69038524168744,0.54));
#15510=CARTESIAN_POINT('',(-7.6808928070797,-6.69038524168744,0.54));
#15511=CARTESIAN_POINT('',(-7.54045255550738,-6.69038524168744,0.54));
#15512=CARTESIAN_POINT('',(-7.6808928070797,-7.62227203414027,0.54));
#15513=CARTESIAN_POINT('',(-7.6808928070797,-6.69038524168744,0.54));
#15514=CARTESIAN_POINT('',(-7.6808928070797,-7.62227203414027,0.54));
#15515=CARTESIAN_POINT('',(-8.03649029135643,-7.62227203414027,0.54));
#15516=CARTESIAN_POINT('',(-7.6808928070797,-7.62227203414027,0.54));
#15517=CARTESIAN_POINT('',(-8.03649029135643,-7.62227203414027,0.54));
#15518=CARTESIAN_POINT('',(-8.03649029135643,-7.74749215992646,0.54));
#15519=CARTESIAN_POINT('',(-8.03649029135643,-7.62227203414027,0.54));
#15520=CARTESIAN_POINT('',(-8.03649029135643,-7.74749215992646,0.54));
#15521=CARTESIAN_POINT('',(-7.18485507123065,-7.74749215992646,0.54));
#15522=CARTESIAN_POINT('',(-8.03649029135643,-7.74749215992646,0.54));
#15523=CARTESIAN_POINT('',(-7.18485507123065,-7.74749215992646,0.54));
#15524=CARTESIAN_POINT('',(-7.18485507123065,-7.62227203414027,0.54));
#15525=CARTESIAN_POINT('',(-7.18485507123065,-7.74749215992646,0.54));
#15526=CARTESIAN_POINT('',(-7.18485507123065,-7.62227203414027,0.54));
#15527=CARTESIAN_POINT('',(-7.54045255550738,-7.62227203414027,0.54));
#15528=CARTESIAN_POINT('',(-7.18485507123065,-7.62227203414027,0.54));
#15529=CARTESIAN_POINT('',(-7.54045255550738,-7.62227203414027,0.54));
#15530=CARTESIAN_POINT('',(-7.54045255550738,-6.69038524168744,0.54));
#15531=CARTESIAN_POINT('',(-7.54045255550738,-7.62227203414027,0.54));
#15532=CARTESIAN_POINT('',(-7.6808928070797,-6.69038524168744,0.54));
#15533=CARTESIAN_POINT('',(-7.6808928070797,-6.69038524168744,0.54));
#15534=CARTESIAN_POINT('',(-7.54045255550738,-6.69038524168744,0.54));
#15535=CARTESIAN_POINT('',(-7.54045255550738,-6.69038524168744,0.54));
#15536=CARTESIAN_POINT('',(-7.54045255550738,-7.62227203414027,0.54));
#15537=CARTESIAN_POINT('',(-7.54045255550738,-7.62227203414027,0.54));
#15538=CARTESIAN_POINT('',(-7.18485507123065,-7.62227203414027,0.54));
#15539=CARTESIAN_POINT('',(-7.18485507123065,-7.62227203414027,0.54));
#15540=CARTESIAN_POINT('',(-7.18485507123065,-7.74749215992646,0.54));
#15541=CARTESIAN_POINT('',(-7.18485507123065,-7.74749215992646,0.54));
#15542=CARTESIAN_POINT('',(-8.03649029135643,-7.74749215992646,0.54));
#15543=CARTESIAN_POINT('',(-8.03649029135643,-7.74749215992646,0.54));
#15544=CARTESIAN_POINT('',(-8.03649029135643,-7.62227203414027,0.54));
#15545=CARTESIAN_POINT('',(-8.03649029135643,-7.62227203414027,0.54));
#15546=CARTESIAN_POINT('',(-7.6808928070797,-7.62227203414027,0.54));
#15547=CARTESIAN_POINT('',(-7.6808928070797,-7.62227203414027,0.54));
#15548=CARTESIAN_POINT('',(-10.1414055872611,-1.56104749886924,0.54));
#15549=CARTESIAN_POINT('',(-9.59322025874991,-1.58043956541823,0.54));
#15550=CARTESIAN_POINT('',(-9.59322025874991,-1.44461932109014,0.54));
#15551=CARTESIAN_POINT('',(-9.59322025874991,-1.30879907676204,0.54));
#15552=CARTESIAN_POINT('',(-9.59322025874991,-1.17297883243394,0.54));
#15553=CARTESIAN_POINT('',(-9.59322025874991,-1.58043956541823,0.54));
#15554=CARTESIAN_POINT('',(-9.59322025874991,-1.17297883243394,0.54));
#15555=CARTESIAN_POINT('',(-10.0417150231478,-1.38030867536588,0.54));
#15556=CARTESIAN_POINT('',(-10.0417150231478,-1.42206260206745,0.54));
#15557=CARTESIAN_POINT('',(-10.0359558608441,-1.45589768060148,0.54));
#15558=CARTESIAN_POINT('',(-10.0237176409489,-1.48325370154389,0.54));
#15559=CARTESIAN_POINT('',(-10.0118678238777,-1.50974152793821,0.54));
#15560=CARTESIAN_POINT('',(-9.98844277183891,-1.532926476413,0.54));
#15561=CARTESIAN_POINT('',(-9.952448007441,-1.55164375389991,0.54));
#15562=CARTESIAN_POINT('',(-9.92873860973306,-1.56397264070804,0.54));
#15563=CARTESIAN_POINT('',(-9.90349512785986,-1.57180082196274,0.54));
#15564=CARTESIAN_POINT('',(-9.84878308597504,-1.57899977484232,0.54));
#15565=CARTESIAN_POINT('',(-9.8099087404253,-1.58043956541823,0.54));
#15566=CARTESIAN_POINT('',(-9.75951607026823,-1.58043956541823,0.54));
#15567=CARTESIAN_POINT('',(-9.70408413309546,-1.58043956541823,0.54));
#15568=CARTESIAN_POINT('',(-9.64865219592268,-1.58043956541823,0.54));
#15569=CARTESIAN_POINT('',(-9.59322025874991,-1.58043956541823,0.54));
#15570=CARTESIAN_POINT('',(-10.0417150231478,-1.38030867536588,0.54));
#15571=CARTESIAN_POINT('',(-9.59322025874991,-1.17297883243394,0.54));
#15572=CARTESIAN_POINT('',(-9.63305446468359,-1.17297883243394,0.54));
#15573=CARTESIAN_POINT('',(-9.67288867061727,-1.17297883243394,0.54));
#15574=CARTESIAN_POINT('',(-9.71272287655095,-1.17297883243394,0.54));
#15575=CARTESIAN_POINT('',(-9.77679355717923,-1.17297883243394,0.54));
#15576=CARTESIAN_POINT('',(-9.82718622733629,-1.17585841358577,0.54));
#15577=CARTESIAN_POINT('',(-9.86390088702216,-1.18161757588944,0.54));
#15578=CARTESIAN_POINT('',(-9.90142836656598,-1.18750423934729,0.54));
#15579=CARTESIAN_POINT('',(-9.9337307299541,-1.20033485337635,0.54));
#15580=CARTESIAN_POINT('',(-9.96180664618446,-1.21977202615122,0.54));
#15581=CARTESIAN_POINT('',(-9.98939591320017,-1.23887228793132,0.54));
#15582=CARTESIAN_POINT('',(-10.0100396304777,-1.26080605756483,0.54));
#15583=CARTESIAN_POINT('',(-10.0222778503729,-1.28528249735541,0.54));
#15584=CARTESIAN_POINT('',(-10.0346600493258,-1.31004689526117,0.54));
#15585=CARTESIAN_POINT('',(-10.0417150231478,-1.34143432981614,0.54));
#15586=CARTESIAN_POINT('',(-10.0417150231478,-1.38030867536588,0.54));
#15587=CARTESIAN_POINT('',(-9.59322025874991,-2.02173537693656,0.54));
#15588=CARTESIAN_POINT('',(-9.59322025874991,-1.91495090922277,0.54));
#15589=CARTESIAN_POINT('',(-9.59322025874991,-1.80816644150899,0.54));
#15590=CARTESIAN_POINT('',(-9.59322025874991,-1.7013819737952,0.54));
#15591=CARTESIAN_POINT('',(-9.59322025874991,-2.02173537693656,0.54));
#15592=CARTESIAN_POINT('',(-9.59322025874991,-1.7013819737952,0.54));
#15593=CARTESIAN_POINT('',(-9.98988256241483,-1.87847621463289,0.54));
#15594=CARTESIAN_POINT('',(-9.98988256241483,-1.90511234028734,0.54));
#15595=CARTESIAN_POINT('',(-9.98556319068708,-1.928148989502,0.54));
#15596=CARTESIAN_POINT('',(-9.97692444723158,-1.94686626698892,0.54));
#15597=CARTESIAN_POINT('',(-9.96801179239823,-1.96617701912785,0.54));
#15598=CARTESIAN_POINT('',(-9.95388779801692,-1.98214113609886,0.54));
#15599=CARTESIAN_POINT('',(-9.9337307299541,-1.99293956541823,0.54));
#15600=CARTESIAN_POINT('',(-9.9095782073694,-2.00587841680289,0.54));
#15601=CARTESIAN_POINT('',(-9.88405795508499,-2.01453642405698,0.54));
#15602=CARTESIAN_POINT('',(-9.8545422482787,-2.01741600520881,0.54));
#15603=CARTESIAN_POINT('',(-9.82573964929744,-2.02022601486552,0.54));
#15604=CARTESIAN_POINT('',(-9.78543230063472,-2.02173537693656,0.54));
#15605=CARTESIAN_POINT('',(-9.7343197351897,-2.02173537693656,0.54));
#15606=CARTESIAN_POINT('',(-9.68728657637643,-2.02173537693656,0.54));
#15607=CARTESIAN_POINT('',(-9.64025341756317,-2.02173537693656,0.54));
#15608=CARTESIAN_POINT('',(-9.59322025874991,-2.02173537693656,0.54));
#15609=CARTESIAN_POINT('',(-9.98988256241483,-1.87847621463289,0.54));
#15610=CARTESIAN_POINT('',(-9.59322025874991,-1.7013819737952,0.54));
#15611=CARTESIAN_POINT('',(-9.64865219592268,-1.7013819737952,0.54));
#15612=CARTESIAN_POINT('',(-9.70408413309546,-1.7013819737952,0.54));
#15613=CARTESIAN_POINT('',(-9.75951607026823,-1.7013819737952,0.54));
#15614=CARTESIAN_POINT('',(-9.80558936869755,-1.7013819737952,0.54));
#15615=CARTESIAN_POINT('',(-9.83942444723158,-1.70354165965907,0.54));
#15616=CARTESIAN_POINT('',(-9.86174120115828,-1.70858092667478,0.54));
#15617=CARTESIAN_POINT('',(-9.88321831483824,-1.71343059750574,0.54));
#15618=CARTESIAN_POINT('',(-9.90565481372373,-1.72297883243394,0.54));
#15619=CARTESIAN_POINT('',(-9.92869146293839,-1.7373767381931,0.54));
#15620=CARTESIAN_POINT('',(-9.95121043464261,-1.75145109550824,0.54));
#15621=CARTESIAN_POINT('',(-9.96684591320017,-1.77049192143918,0.54));
#15622=CARTESIAN_POINT('',(-9.98556319068708,-1.8165652198685,0.54));
#15623=CARTESIAN_POINT('',(-9.98988256241483,-1.84464113609886,0.54));
#15624=CARTESIAN_POINT('',(-9.98988256241483,-1.87847621463289,0.54));
#15625=CARTESIAN_POINT('',(-9.98772287655095,-1.65962804709363,0.54));
#15626=CARTESIAN_POINT('',(-10.0532333477551,-1.64163066489467,0.54));
#15627=CARTESIAN_POINT('',(-10.1043459132002,-1.60923537693656,0.54));
#15628=CARTESIAN_POINT('',(-10.1403406775981,-1.56244218321928,0.54));
#15629=CARTESIAN_POINT('',(-10.176683346782,-1.5151967132802,0.54));
#15630=CARTESIAN_POINT('',(-10.1943328241949,-1.45661757588944,0.54));
#15631=CARTESIAN_POINT('',(-10.1943328241949,-1.38606783766954,0.54));
#15632=CARTESIAN_POINT('',(-9.98772287655095,-1.65962804709363,0.54));
#15633=CARTESIAN_POINT('',(-10.1943328241949,-1.38606783766954,0.54));
#15634=CARTESIAN_POINT('',(-9.98772287655095,-1.66538720939729,0.54));
#15635=CARTESIAN_POINT('',(-9.98772287655095,-1.6634674886294,0.54));
#15636=CARTESIAN_POINT('',(-9.98772287655095,-1.66154776786152,0.54));
#15637=CARTESIAN_POINT('',(-9.98772287655095,-1.65962804709363,0.54));
#15638=CARTESIAN_POINT('',(-9.98772287655095,-1.66538720939729,0.54));
#15639=CARTESIAN_POINT('',(-9.44780141058237,-2.14771705232923,0.54));
#15640=CARTESIAN_POINT('',(-9.54498727445671,-2.14771705232923,0.54));
#15641=CARTESIAN_POINT('',(-9.64217313833106,-2.14771705232923,0.54));
#15642=CARTESIAN_POINT('',(-9.7393590022054,-2.14771705232923,0.54));
#15643=CARTESIAN_POINT('',(-9.81782758859284,-2.14771705232923,0.54));
#15644=CARTESIAN_POINT('',(-9.8768590022054,-2.1448374711774,0.54));
#15645=CARTESIAN_POINT('',(-9.91573334775514,-2.13979820416169,0.54));
#15646=CARTESIAN_POINT('',(-9.95540746904806,-2.13465526251261,0.54));
#15647=CARTESIAN_POINT('',(-9.99276214356666,-2.1225207172507,0.54));
#15648=CARTESIAN_POINT('',(-10.0287569079646,-2.10308354447583,0.54));
#15649=CARTESIAN_POINT('',(-10.0681404640556,-2.08181642418669,0.54));
#15650=CARTESIAN_POINT('',(-10.0971469603206,-2.05413066489468,0.54));
#15651=CARTESIAN_POINT('',(-10.1151443425195,-2.02029558636064,0.54));
#15652=CARTESIAN_POINT('',(-10.1335989623749,-1.98560090103252,0.54));
#15653=CARTESIAN_POINT('',(-10.1425003634619,-1.94614637170096,0.54));
#15654=CARTESIAN_POINT('',(-10.1425003634619,-1.84824061253865,0.54));
#15655=CARTESIAN_POINT('',(-10.1288223529907,-1.80216731410933,0.54));
#15656=CARTESIAN_POINT('',(-10.0741103111059,-1.72009925128211,0.54));
#15657=CARTESIAN_POINT('',(-10.0366757561321,-1.68842385861195,0.54));
#15658=CARTESIAN_POINT('',(-9.98772287655095,-1.66538720939729,0.54));
#15659=CARTESIAN_POINT('',(-9.44780141058237,-2.14771705232923,0.54));
#15660=CARTESIAN_POINT('',(-9.44780141058237,-1.04771705232923,0.54));
#15661=CARTESIAN_POINT('',(-9.44780141058237,-1.4143837189959,0.54));
#15662=CARTESIAN_POINT('',(-9.44780141058237,-1.78105038566256,0.54));
#15663=CARTESIAN_POINT('',(-9.44780141058237,-2.14771705232923,0.54));
#15664=CARTESIAN_POINT('',(-9.44780141058237,-1.04771705232923,0.54));
#15665=CARTESIAN_POINT('',(-10.1943328241949,-1.38606783766954,0.54));
#15666=CARTESIAN_POINT('',(-10.1943328241949,-1.33135579578473,0.54));
#15667=CARTESIAN_POINT('',(-10.1842542901635,-1.28240291620358,0.54));
#15668=CARTESIAN_POINT('',(-10.1425003634619,-1.19889506280043,0.54));
#15669=CARTESIAN_POINT('',(-10.1144244472316,-1.16434008897844,0.54));
#15670=CARTESIAN_POINT('',(-10.0798694734096,-1.13698406803604,0.54));
#15671=CARTESIAN_POINT('',(-10.0384366952997,-1.10418311869901,0.54));
#15672=CARTESIAN_POINT('',(-9.99420193414258,-1.08155213086326,0.54));
#15673=CARTESIAN_POINT('',(-9.89917575613211,-1.05419610992085,0.54));
#15674=CARTESIAN_POINT('',(-9.83798465665567,-1.04771705232923,0.54));
#15675=CARTESIAN_POINT('',(-9.76311554670802,-1.04771705232923,0.54));
#15676=CARTESIAN_POINT('',(-9.65801083466614,-1.04771705232923,0.54));
#15677=CARTESIAN_POINT('',(-9.55290612262425,-1.04771705232923,0.54));
#15678=CARTESIAN_POINT('',(-9.44780141058237,-1.04771705232923,0.54));
#15679=CARTESIAN_POINT('',(-9.98772287655095,-1.65962804709363,0.54));
#15680=CARTESIAN_POINT('',(-9.98772287655095,-1.65962804709363,0.55));
#15681=CARTESIAN_POINT('',(-10.1200557926517,-1.62327285036265,0.54));
#15682=CARTESIAN_POINT('',(-10.1200557926517,-1.62327285036265,0.55));
#15683=CARTESIAN_POINT('',(-10.1943328241949,-1.5257821597545,0.54));
#15684=CARTESIAN_POINT('',(-10.1943328241949,-1.5257821597545,0.55));
#15685=CARTESIAN_POINT('',(-10.1943328241949,-1.38606783766954,0.54));
#15686=CARTESIAN_POINT('',(-10.1943328241949,-1.38606783766954,0.55));
#15687=CARTESIAN_POINT('',(-9.98772287655095,-1.65962804709363,0.54));
#15688=CARTESIAN_POINT('',(-10.1943328241949,-1.38606783766954,0.54));
#15689=CARTESIAN_POINT('',(-10.1943328241949,-1.38606783766954,0.54));
#15690=CARTESIAN_POINT('',(-10.1943328241949,-1.38606783766954,0.55));
#15691=CARTESIAN_POINT('',(-10.1943328241949,-1.29599868929699,0.54));
#15692=CARTESIAN_POINT('',(-10.1943328241949,-1.29599868929699,0.55));
#15693=CARTESIAN_POINT('',(-10.1265285008798,-1.14888956227946,0.54));
#15694=CARTESIAN_POINT('',(-10.1265285008798,-1.14888956227946,0.55));
#15695=CARTESIAN_POINT('',(-9.95011675229496,-1.04720391132168,0.54));
#15696=CARTESIAN_POINT('',(-9.95011675229496,-1.04720391132168,0.55));
#15697=CARTESIAN_POINT('',(-9.67189221498114,-1.04786366404567,0.54));
#15698=CARTESIAN_POINT('',(-9.67189221498114,-1.04786366404567,0.55));
#15699=CARTESIAN_POINT('',(-9.52577917767984,-1.04771705232923,0.54));
#15700=CARTESIAN_POINT('',(-9.52577917767984,-1.04771705232923,0.55));
#15701=CARTESIAN_POINT('',(-9.44780141058237,-1.04771705232923,0.54));
#15702=CARTESIAN_POINT('',(-9.44780141058237,-1.04771705232923,0.55));
#15703=CARTESIAN_POINT('',(-9.44780141058237,-1.04771705232923,0.54));
#15704=CARTESIAN_POINT('',(-9.44780141058237,-1.04771705232923,0.54));
#15705=CARTESIAN_POINT('',(-9.44780141058237,-2.14771705232923,0.54));
#15706=CARTESIAN_POINT('',(-9.44780141058237,-2.14771705232923,0.54));
#15707=CARTESIAN_POINT('',(-9.44780141058237,-2.14771705232923,0.55));
#15708=CARTESIAN_POINT('',(-9.54208229685487,-2.14771705232923,0.54));
#15709=CARTESIAN_POINT('',(-9.54208229685487,-2.14771705232923,0.55));
#15710=CARTESIAN_POINT('',(-9.67222089040581,-2.14857986026309,0.54));
#15711=CARTESIAN_POINT('',(-9.67222089040581,-2.14857986026309,0.55));
#15712=CARTESIAN_POINT('',(-9.89086995857166,-2.14627903910613,0.54));
#15713=CARTESIAN_POINT('',(-9.89086995857166,-2.14627903910613,0.55));
#15714=CARTESIAN_POINT('',(-10.0075580928925,-2.12576265421995,0.54));
#15715=CARTESIAN_POINT('',(-10.0075580928925,-2.12576265421995,0.55));
#15716=CARTESIAN_POINT('',(-10.1310551912055,-2.02924863274384,0.54));
#15717=CARTESIAN_POINT('',(-10.1310551912055,-2.02924863274384,0.55));
#15718=CARTESIAN_POINT('',(-10.1610660788213,-1.84260183554591,0.54));
#15719=CARTESIAN_POINT('',(-10.1610660788213,-1.84260183554591,0.55));
#15720=CARTESIAN_POINT('',(-10.082460099858,-1.70996943213003,0.54));
#15721=CARTESIAN_POINT('',(-10.082460099858,-1.70996943213003,0.55));
#15722=CARTESIAN_POINT('',(-9.98772287655095,-1.66538720939729,0.54));
#15723=CARTESIAN_POINT('',(-9.98772287655095,-1.66538720939729,0.55));
#15724=CARTESIAN_POINT('',(-9.98772287655095,-1.66538720939729,0.54));
#15725=CARTESIAN_POINT('',(-9.98772287655095,-1.66538720939729,0.54));
#15726=CARTESIAN_POINT('',(-9.59322025874991,-2.02173537693656,0.54));
#15727=CARTESIAN_POINT('',(-9.59322025874991,-2.02173537693656,0.55));
#15728=CARTESIAN_POINT('',(-9.59322025874991,-1.91495090922277,0.55));
#15729=CARTESIAN_POINT('',(-9.59322025874991,-1.80816644150899,0.55));
#15730=CARTESIAN_POINT('',(-9.59322025874991,-1.7013819737952,0.55));
#15731=CARTESIAN_POINT('',(-9.59322025874991,-2.02173537693656,0.55));
#15732=CARTESIAN_POINT('',(-9.59322025874991,-1.7013819737952,0.55));
#15733=CARTESIAN_POINT('',(-9.59322025874991,-2.02173537693656,0.54));
#15734=CARTESIAN_POINT('',(-9.59322025874991,-1.7013819737952,0.54));
#15735=CARTESIAN_POINT('',(-9.98988256241483,-1.87847621463289,0.54));
#15736=CARTESIAN_POINT('',(-9.98988256241483,-1.87847621463289,0.55));
#15737=CARTESIAN_POINT('',(-9.98988256241483,-1.96948642359593,0.54));
#15738=CARTESIAN_POINT('',(-9.98988256241483,-1.96948642359593,0.55));
#15739=CARTESIAN_POINT('',(-9.84407179152162,-2.0420134553285,0.54));
#15740=CARTESIAN_POINT('',(-9.84407179152162,-2.0420134553285,0.55));
#15741=CARTESIAN_POINT('',(-9.67311083906717,-2.02173537693656,0.54));
#15742=CARTESIAN_POINT('',(-9.67311083906717,-2.02173537693656,0.55));
#15743=CARTESIAN_POINT('',(-9.59322025874991,-2.02173537693656,0.54));
#15744=CARTESIAN_POINT('',(-9.59322025874991,-2.02173537693656,0.55));
#15745=CARTESIAN_POINT('',(-9.98988256241483,-1.87847621463289,0.55));
#15746=CARTESIAN_POINT('',(-9.98988256241483,-1.90511234028734,0.55));
#15747=CARTESIAN_POINT('',(-9.98556319068708,-1.928148989502,0.55));
#15748=CARTESIAN_POINT('',(-9.97692444723158,-1.94686626698892,0.55));
#15749=CARTESIAN_POINT('',(-9.96801179239823,-1.96617701912785,0.55));
#15750=CARTESIAN_POINT('',(-9.95388779801692,-1.98214113609886,0.55));
#15751=CARTESIAN_POINT('',(-9.9337307299541,-1.99293956541823,0.55));
#15752=CARTESIAN_POINT('',(-9.9095782073694,-2.00587841680289,0.55));
#15753=CARTESIAN_POINT('',(-9.88405795508499,-2.01453642405698,0.55));
#15754=CARTESIAN_POINT('',(-9.8545422482787,-2.01741600520881,0.55));
#15755=CARTESIAN_POINT('',(-9.82573964929744,-2.02022601486552,0.55));
#15756=CARTESIAN_POINT('',(-9.78543230063472,-2.02173537693656,0.55));
#15757=CARTESIAN_POINT('',(-9.7343197351897,-2.02173537693656,0.55));
#15758=CARTESIAN_POINT('',(-9.68728657637643,-2.02173537693656,0.55));
#15759=CARTESIAN_POINT('',(-9.64025341756317,-2.02173537693656,0.55));
#15760=CARTESIAN_POINT('',(-9.59322025874991,-2.02173537693656,0.55));
#15761=CARTESIAN_POINT('',(-9.98988256241483,-1.87847621463289,0.55));
#15762=CARTESIAN_POINT('',(-9.98988256241483,-1.87847621463289,0.54));
#15763=CARTESIAN_POINT('',(-9.59322025874991,-1.7013819737952,0.54));
#15764=CARTESIAN_POINT('',(-9.59322025874991,-1.7013819737952,0.55));
#15765=CARTESIAN_POINT('',(-9.7610743548775,-1.7013819737952,0.54));
#15766=CARTESIAN_POINT('',(-9.7610743548775,-1.7013819737952,0.55));
#15767=CARTESIAN_POINT('',(-9.98988256241483,-1.66733101893266,0.54));
#15768=CARTESIAN_POINT('',(-9.98988256241483,-1.66733101893266,0.55));
#15769=CARTESIAN_POINT('',(-9.98988256241483,-1.87847621463289,0.54));
#15770=CARTESIAN_POINT('',(-9.98988256241483,-1.87847621463289,0.55));
#15771=CARTESIAN_POINT('',(-9.59322025874991,-1.7013819737952,0.55));
#15772=CARTESIAN_POINT('',(-9.64865219592268,-1.7013819737952,0.55));
#15773=CARTESIAN_POINT('',(-9.70408413309546,-1.7013819737952,0.55));
#15774=CARTESIAN_POINT('',(-9.75951607026823,-1.7013819737952,0.55));
#15775=CARTESIAN_POINT('',(-9.80558936869755,-1.7013819737952,0.55));
#15776=CARTESIAN_POINT('',(-9.83942444723158,-1.70354165965907,0.55));
#15777=CARTESIAN_POINT('',(-9.86174120115828,-1.70858092667478,0.55));
#15778=CARTESIAN_POINT('',(-9.88321831483824,-1.71343059750574,0.55));
#15779=CARTESIAN_POINT('',(-9.90565481372373,-1.72297883243394,0.55));
#15780=CARTESIAN_POINT('',(-9.92869146293839,-1.7373767381931,0.55));
#15781=CARTESIAN_POINT('',(-9.95121043464261,-1.75145109550824,0.55));
#15782=CARTESIAN_POINT('',(-9.96684591320017,-1.77049192143918,0.55));
#15783=CARTESIAN_POINT('',(-9.98556319068708,-1.8165652198685,0.55));
#15784=CARTESIAN_POINT('',(-9.98988256241483,-1.84464113609886,0.55));
#15785=CARTESIAN_POINT('',(-9.98988256241483,-1.87847621463289,0.55));
#15786=CARTESIAN_POINT('',(-9.59322025874991,-1.58043956541823,0.54));
#15787=CARTESIAN_POINT('',(-9.59322025874991,-1.58043956541823,0.55));
#15788=CARTESIAN_POINT('',(-9.59322025874991,-1.44461932109014,0.55));
#15789=CARTESIAN_POINT('',(-9.59322025874991,-1.30879907676204,0.55));
#15790=CARTESIAN_POINT('',(-9.59322025874991,-1.17297883243394,0.55));
#15791=CARTESIAN_POINT('',(-9.59322025874991,-1.58043956541823,0.55));
#15792=CARTESIAN_POINT('',(-9.59322025874991,-1.17297883243394,0.55));
#15793=CARTESIAN_POINT('',(-9.59322025874991,-1.58043956541823,0.54));
#15794=CARTESIAN_POINT('',(-9.59322025874991,-1.17297883243394,0.54));
#15795=CARTESIAN_POINT('',(-10.0417150231478,-1.38030867536588,0.54));
#15796=CARTESIAN_POINT('',(-10.0417150231478,-1.38030867536588,0.55));
#15797=CARTESIAN_POINT('',(-10.0417150231478,-1.49322384511476,0.54));
#15798=CARTESIAN_POINT('',(-10.0417150231478,-1.49322384511476,0.55));
#15799=CARTESIAN_POINT('',(-9.96088566272352,-1.5844590163517,0.54));
#15800=CARTESIAN_POINT('',(-9.96088566272352,-1.5844590163517,0.55));
#15801=CARTESIAN_POINT('',(-9.72845203964372,-1.57963567523154,0.54));
#15802=CARTESIAN_POINT('',(-9.72845203964372,-1.57963567523154,0.55));
#15803=CARTESIAN_POINT('',(-9.64066681822458,-1.58043956541824,0.54));
#15804=CARTESIAN_POINT('',(-9.64066681822458,-1.58043956541824,0.55));
#15805=CARTESIAN_POINT('',(-9.59322025874991,-1.58043956541824,0.54));
#15806=CARTESIAN_POINT('',(-9.59322025874991,-1.58043956541824,0.55));
#15807=CARTESIAN_POINT('',(-10.0417150231478,-1.38030867536588,0.55));
#15808=CARTESIAN_POINT('',(-10.0417150231478,-1.42206260206745,0.55));
#15809=CARTESIAN_POINT('',(-10.0359558608441,-1.45589768060148,0.55));
#15810=CARTESIAN_POINT('',(-10.0237176409489,-1.48325370154389,0.55));
#15811=CARTESIAN_POINT('',(-10.0118678238777,-1.50974152793821,0.55));
#15812=CARTESIAN_POINT('',(-9.98844277183891,-1.532926476413,0.55));
#15813=CARTESIAN_POINT('',(-9.952448007441,-1.55164375389991,0.55));
#15814=CARTESIAN_POINT('',(-9.92873860973306,-1.56397264070804,0.55));
#15815=CARTESIAN_POINT('',(-9.90349512785986,-1.57180082196274,0.55));
#15816=CARTESIAN_POINT('',(-9.84878308597504,-1.57899977484232,0.55));
#15817=CARTESIAN_POINT('',(-9.8099087404253,-1.58043956541823,0.55));
#15818=CARTESIAN_POINT('',(-9.75951607026823,-1.58043956541823,0.55));
#15819=CARTESIAN_POINT('',(-9.70408413309546,-1.58043956541823,0.55));
#15820=CARTESIAN_POINT('',(-9.64865219592268,-1.58043956541823,0.55));
#15821=CARTESIAN_POINT('',(-9.59322025874991,-1.58043956541823,0.55));
#15822=CARTESIAN_POINT('',(-10.0417150231478,-1.38030867536588,0.55));
#15823=CARTESIAN_POINT('',(-10.0417150231478,-1.38030867536588,0.54));
#15824=CARTESIAN_POINT('',(-9.59322025874991,-1.17297883243394,0.54));
#15825=CARTESIAN_POINT('',(-9.59322025874991,-1.17297883243394,0.55));
#15826=CARTESIAN_POINT('',(-9.68738878473987,-1.17297883243394,0.54));
#15827=CARTESIAN_POINT('',(-9.68738878473987,-1.17297883243394,0.55));
#15828=CARTESIAN_POINT('',(-9.88719044011926,-1.14699865342313,0.54));
#15829=CARTESIAN_POINT('',(-9.88719044011926,-1.14699865342313,0.55));
#15830=CARTESIAN_POINT('',(-10.0417150231478,-1.26808780228181,0.54));
#15831=CARTESIAN_POINT('',(-10.0417150231478,-1.26808780228181,0.55));
#15832=CARTESIAN_POINT('',(-10.0417150231478,-1.38030867536588,0.54));
#15833=CARTESIAN_POINT('',(-10.0417150231478,-1.38030867536588,0.55));
#15834=CARTESIAN_POINT('',(-9.59322025874991,-1.17297883243394,0.55));
#15835=CARTESIAN_POINT('',(-9.63305446468359,-1.17297883243394,0.55));
#15836=CARTESIAN_POINT('',(-9.67288867061727,-1.17297883243394,0.55));
#15837=CARTESIAN_POINT('',(-9.71272287655095,-1.17297883243394,0.55));
#15838=CARTESIAN_POINT('',(-9.77679355717923,-1.17297883243394,0.55));
#15839=CARTESIAN_POINT('',(-9.82718622733629,-1.17585841358577,0.55));
#15840=CARTESIAN_POINT('',(-9.86390088702216,-1.18161757588944,0.55));
#15841=CARTESIAN_POINT('',(-9.90142836656598,-1.18750423934729,0.55));
#15842=CARTESIAN_POINT('',(-9.9337307299541,-1.20033485337635,0.55));
#15843=CARTESIAN_POINT('',(-9.96180664618446,-1.21977202615122,0.55));
#15844=CARTESIAN_POINT('',(-9.98939591320017,-1.23887228793132,0.55));
#15845=CARTESIAN_POINT('',(-10.0100396304777,-1.26080605756483,0.55));
#15846=CARTESIAN_POINT('',(-10.0222778503729,-1.28528249735541,0.55));
#15847=CARTESIAN_POINT('',(-10.0346600493258,-1.31004689526117,0.55));
#15848=CARTESIAN_POINT('',(-10.0417150231478,-1.34143432981614,0.55));
#15849=CARTESIAN_POINT('',(-10.0417150231478,-1.38030867536588,0.55));
#15850=CARTESIAN_POINT('',(-14.075,4.55000000000003,0.55));
#15851=CARTESIAN_POINT('',(-10.1414055872611,1.60895250113076,0.54));
#15852=CARTESIAN_POINT('',(-9.59322025874991,1.58956043458176,0.54));
#15853=CARTESIAN_POINT('',(-9.59322025874991,1.72538067890986,0.54));
#15854=CARTESIAN_POINT('',(-9.59322025874991,1.86120092323796,0.54));
#15855=CARTESIAN_POINT('',(-9.59322025874991,1.99702116756606,0.54));
#15856=CARTESIAN_POINT('',(-9.59322025874991,1.58956043458176,0.54));
#15857=CARTESIAN_POINT('',(-9.59322025874991,1.99702116756606,0.54));
#15858=CARTESIAN_POINT('',(-10.0417150231478,1.78969132463412,0.54));
#15859=CARTESIAN_POINT('',(-10.0417150231478,1.74793739793255,0.54));
#15860=CARTESIAN_POINT('',(-10.0359558608441,1.71410231939852,0.54));
#15861=CARTESIAN_POINT('',(-10.0237176409489,1.68674629845611,0.54));
#15862=CARTESIAN_POINT('',(-10.0118678238777,1.66025847206179,0.54));
#15863=CARTESIAN_POINT('',(-9.98844277183891,1.637073523587,0.54));
#15864=CARTESIAN_POINT('',(-9.952448007441,1.61835624610009,0.54));
#15865=CARTESIAN_POINT('',(-9.92873860973306,1.60602735929196,0.54));
#15866=CARTESIAN_POINT('',(-9.90349512785986,1.59819917803726,0.54));
#15867=CARTESIAN_POINT('',(-9.84878308597504,1.59100022515768,0.54));
#15868=CARTESIAN_POINT('',(-9.8099087404253,1.58956043458176,0.54));
#15869=CARTESIAN_POINT('',(-9.75951607026823,1.58956043458176,0.54));
#15870=CARTESIAN_POINT('',(-9.70408413309546,1.58956043458176,0.54));
#15871=CARTESIAN_POINT('',(-9.64865219592268,1.58956043458176,0.54));
#15872=CARTESIAN_POINT('',(-9.59322025874991,1.58956043458176,0.54));
#15873=CARTESIAN_POINT('',(-10.0417150231478,1.78969132463412,0.54));
#15874=CARTESIAN_POINT('',(-9.59322025874991,1.99702116756606,0.54));
#15875=CARTESIAN_POINT('',(-9.63305446468359,1.99702116756606,0.54));
#15876=CARTESIAN_POINT('',(-9.67288867061727,1.99702116756606,0.54));
#15877=CARTESIAN_POINT('',(-9.71272287655095,1.99702116756606,0.54));
#15878=CARTESIAN_POINT('',(-9.77679355717923,1.99702116756606,0.54));
#15879=CARTESIAN_POINT('',(-9.82718622733629,1.99414158641423,0.54));
#15880=CARTESIAN_POINT('',(-9.86390088702216,1.98838242411056,0.54));
#15881=CARTESIAN_POINT('',(-9.90142836656598,1.98249576065271,0.54));
#15882=CARTESIAN_POINT('',(-9.9337307299541,1.96966514662365,0.54));
#15883=CARTESIAN_POINT('',(-9.96180664618446,1.95022797384878,0.54));
#15884=CARTESIAN_POINT('',(-9.98939591320017,1.93112771206868,0.54));
#15885=CARTESIAN_POINT('',(-10.0100396304777,1.90919394243517,0.54));
#15886=CARTESIAN_POINT('',(-10.0222778503729,1.88471750264459,0.54));
#15887=CARTESIAN_POINT('',(-10.0346600493258,1.85995310473883,0.54));
#15888=CARTESIAN_POINT('',(-10.0417150231478,1.82856567018386,0.54));
#15889=CARTESIAN_POINT('',(-10.0417150231478,1.78969132463412,0.54));
#15890=CARTESIAN_POINT('',(-9.59322025874991,1.14826462306344,0.54));
#15891=CARTESIAN_POINT('',(-9.59322025874991,1.25504909077723,0.54));
#15892=CARTESIAN_POINT('',(-9.59322025874991,1.36183355849101,0.54));
#15893=CARTESIAN_POINT('',(-9.59322025874991,1.4686180262048,0.54));
#15894=CARTESIAN_POINT('',(-9.59322025874991,1.14826462306344,0.54));
#15895=CARTESIAN_POINT('',(-9.59322025874991,1.4686180262048,0.54));
#15896=CARTESIAN_POINT('',(-9.98988256241483,1.29152378536711,0.54));
#15897=CARTESIAN_POINT('',(-9.98988256241483,1.26488765971265,0.54));
#15898=CARTESIAN_POINT('',(-9.98556319068708,1.241851010498,0.54));
#15899=CARTESIAN_POINT('',(-9.97692444723158,1.22313373301108,0.54));
#15900=CARTESIAN_POINT('',(-9.96801179239823,1.20382298087215,0.54));
#15901=CARTESIAN_POINT('',(-9.95388779801692,1.18785886390114,0.54));
#15902=CARTESIAN_POINT('',(-9.9337307299541,1.17706043458176,0.54));
#15903=CARTESIAN_POINT('',(-9.9095782073694,1.16412158319711,0.54));
#15904=CARTESIAN_POINT('',(-9.88405795508499,1.15546357594302,0.54));
#15905=CARTESIAN_POINT('',(-9.8545422482787,1.15258399479119,0.54));
#15906=CARTESIAN_POINT('',(-9.82573964929744,1.14977398513448,0.54));
#15907=CARTESIAN_POINT('',(-9.78543230063472,1.14826462306344,0.54));
#15908=CARTESIAN_POINT('',(-9.7343197351897,1.14826462306344,0.54));
#15909=CARTESIAN_POINT('',(-9.68728657637643,1.14826462306344,0.54));
#15910=CARTESIAN_POINT('',(-9.64025341756317,1.14826462306344,0.54));
#15911=CARTESIAN_POINT('',(-9.59322025874991,1.14826462306344,0.54));
#15912=CARTESIAN_POINT('',(-9.98988256241483,1.29152378536711,0.54));
#15913=CARTESIAN_POINT('',(-9.59322025874991,1.4686180262048,0.54));
#15914=CARTESIAN_POINT('',(-9.64865219592268,1.4686180262048,0.54));
#15915=CARTESIAN_POINT('',(-9.70408413309546,1.4686180262048,0.54));
#15916=CARTESIAN_POINT('',(-9.75951607026823,1.4686180262048,0.54));
#15917=CARTESIAN_POINT('',(-9.80558936869755,1.4686180262048,0.54));
#15918=CARTESIAN_POINT('',(-9.83942444723158,1.46645834034093,0.54));
#15919=CARTESIAN_POINT('',(-9.86174120115828,1.46141907332522,0.54));
#15920=CARTESIAN_POINT('',(-9.88321831483824,1.45656940249426,0.54));
#15921=CARTESIAN_POINT('',(-9.90565481372373,1.44702116756606,0.54));
#15922=CARTESIAN_POINT('',(-9.92869146293839,1.4326232618069,0.54));
#15923=CARTESIAN_POINT('',(-9.95121043464261,1.41854890449176,0.54));
#15924=CARTESIAN_POINT('',(-9.96684591320017,1.39950807856082,0.54));
#15925=CARTESIAN_POINT('',(-9.98556319068708,1.3534347801315,0.54));
#15926=CARTESIAN_POINT('',(-9.98988256241483,1.32535886390114,0.54));
#15927=CARTESIAN_POINT('',(-9.98988256241483,1.29152378536711,0.54));
#15928=CARTESIAN_POINT('',(-9.98772287655095,1.51037195290637,0.54));
#15929=CARTESIAN_POINT('',(-10.0532333477551,1.52836933510533,0.54));
#15930=CARTESIAN_POINT('',(-10.1043459132002,1.56076462306344,0.54));
#15931=CARTESIAN_POINT('',(-10.1403406775981,1.60755781678072,0.54));
#15932=CARTESIAN_POINT('',(-10.176683346782,1.6548032867198,0.54));
#15933=CARTESIAN_POINT('',(-10.1943328241949,1.71338242411056,0.54));
#15934=CARTESIAN_POINT('',(-10.1943328241949,1.78393216233046,0.54));
#15935=CARTESIAN_POINT('',(-9.98772287655095,1.51037195290637,0.54));
#15936=CARTESIAN_POINT('',(-10.1943328241949,1.78393216233046,0.54));
#15937=CARTESIAN_POINT('',(-9.98772287655095,1.50461279060271,0.54));
#15938=CARTESIAN_POINT('',(-9.98772287655095,1.5065325113706,0.54));
#15939=CARTESIAN_POINT('',(-9.98772287655095,1.50845223213848,0.54));
#15940=CARTESIAN_POINT('',(-9.98772287655095,1.51037195290637,0.54));
#15941=CARTESIAN_POINT('',(-9.98772287655095,1.50461279060271,0.54));
#15942=CARTESIAN_POINT('',(-9.44780141058237,1.02228294767077,0.54));
#15943=CARTESIAN_POINT('',(-9.54498727445671,1.02228294767077,0.54));
#15944=CARTESIAN_POINT('',(-9.64217313833106,1.02228294767077,0.54));
#15945=CARTESIAN_POINT('',(-9.7393590022054,1.02228294767077,0.54));
#15946=CARTESIAN_POINT('',(-9.81782758859284,1.02228294767077,0.54));
#15947=CARTESIAN_POINT('',(-9.8768590022054,1.0251625288226,0.54));
#15948=CARTESIAN_POINT('',(-9.91573334775514,1.03020179583831,0.54));
#15949=CARTESIAN_POINT('',(-9.95540746904806,1.03534473748739,0.54));
#15950=CARTESIAN_POINT('',(-9.99276214356666,1.0474792827493,0.54));
#15951=CARTESIAN_POINT('',(-10.0287569079646,1.06691645552417,0.54));
#15952=CARTESIAN_POINT('',(-10.0681404640556,1.08818357581331,0.54));
#15953=CARTESIAN_POINT('',(-10.0971469603206,1.11586933510533,0.54));
#15954=CARTESIAN_POINT('',(-10.1151443425195,1.14970441363936,0.54));
#15955=CARTESIAN_POINT('',(-10.1335989623749,1.18439909896748,0.54));
#15956=CARTESIAN_POINT('',(-10.1425003634619,1.22385362829904,0.54));
#15957=CARTESIAN_POINT('',(-10.1425003634619,1.32175938746135,0.54));
#15958=CARTESIAN_POINT('',(-10.1288223529907,1.36783268589067,0.54));
#15959=CARTESIAN_POINT('',(-10.0741103111059,1.44990074871789,0.54));
#15960=CARTESIAN_POINT('',(-10.0366757561321,1.48157614138805,0.54));
#15961=CARTESIAN_POINT('',(-9.98772287655095,1.50461279060271,0.54));
#15962=CARTESIAN_POINT('',(-9.44780141058237,1.02228294767077,0.54));
#15963=CARTESIAN_POINT('',(-9.44780141058237,2.12228294767077,0.54));
#15964=CARTESIAN_POINT('',(-9.44780141058237,1.7556162810041,0.54));
#15965=CARTESIAN_POINT('',(-9.44780141058237,1.38894961433744,0.54));
#15966=CARTESIAN_POINT('',(-9.44780141058237,1.02228294767077,0.54));
#15967=CARTESIAN_POINT('',(-9.44780141058237,2.12228294767077,0.54));
#15968=CARTESIAN_POINT('',(-10.1943328241949,1.78393216233046,0.54));
#15969=CARTESIAN_POINT('',(-10.1943328241949,1.83864420421527,0.54));
#15970=CARTESIAN_POINT('',(-10.1842542901635,1.88759708379642,0.54));
#15971=CARTESIAN_POINT('',(-10.1425003634619,1.97110493719957,0.54));
#15972=CARTESIAN_POINT('',(-10.1144244472316,2.00565991102156,0.54));
#15973=CARTESIAN_POINT('',(-10.0798694734096,2.03301593196396,0.54));
#15974=CARTESIAN_POINT('',(-10.0384366952997,2.06581688130099,0.54));
#15975=CARTESIAN_POINT('',(-9.99420193414258,2.08844786913674,0.54));
#15976=CARTESIAN_POINT('',(-9.8991757561321,2.11580389007915,0.54));
#15977=CARTESIAN_POINT('',(-9.83798465665567,2.12228294767077,0.54));
#15978=CARTESIAN_POINT('',(-9.76311554670802,2.12228294767077,0.54));
#15979=CARTESIAN_POINT('',(-9.65801083466614,2.12228294767077,0.54));
#15980=CARTESIAN_POINT('',(-9.55290612262425,2.12228294767077,0.54));
#15981=CARTESIAN_POINT('',(-9.44780141058237,2.12228294767077,0.54));
#15982=CARTESIAN_POINT('',(-9.98772287655095,1.51037195290637,0.54));
#15983=CARTESIAN_POINT('',(-9.98772287655095,1.51037195290637,0.55));
#15984=CARTESIAN_POINT('',(-10.1200557926517,1.54672714963735,0.54));
#15985=CARTESIAN_POINT('',(-10.1200557926517,1.54672714963735,0.55));
#15986=CARTESIAN_POINT('',(-10.1943328241949,1.6442178402455,0.54));
#15987=CARTESIAN_POINT('',(-10.1943328241949,1.6442178402455,0.55));
#15988=CARTESIAN_POINT('',(-10.1943328241949,1.78393216233046,0.54));
#15989=CARTESIAN_POINT('',(-10.1943328241949,1.78393216233046,0.55));
#15990=CARTESIAN_POINT('',(-9.98772287655095,1.51037195290637,0.54));
#15991=CARTESIAN_POINT('',(-10.1943328241949,1.78393216233046,0.54));
#15992=CARTESIAN_POINT('',(-10.1943328241949,1.78393216233046,0.54));
#15993=CARTESIAN_POINT('',(-10.1943328241949,1.78393216233046,0.55));
#15994=CARTESIAN_POINT('',(-10.1943328241949,1.87400131070301,0.54));
#15995=CARTESIAN_POINT('',(-10.1943328241949,1.87400131070301,0.55));
#15996=CARTESIAN_POINT('',(-10.1265285008797,2.02111043772054,0.54));
#15997=CARTESIAN_POINT('',(-10.1265285008797,2.02111043772054,0.55));
#15998=CARTESIAN_POINT('',(-9.95011675229497,2.12279608867832,0.54));
#15999=CARTESIAN_POINT('',(-9.95011675229497,2.12279608867832,0.55));
#16000=CARTESIAN_POINT('',(-9.67189221498113,2.12213633595433,0.54));
#16001=CARTESIAN_POINT('',(-9.67189221498113,2.12213633595433,0.55));
#16002=CARTESIAN_POINT('',(-9.52577917767984,2.12228294767077,0.54));
#16003=CARTESIAN_POINT('',(-9.52577917767984,2.12228294767077,0.55));
#16004=CARTESIAN_POINT('',(-9.44780141058237,2.12228294767077,0.54));
#16005=CARTESIAN_POINT('',(-9.44780141058237,2.12228294767077,0.55));
#16006=CARTESIAN_POINT('',(-9.44780141058237,2.12228294767077,0.54));
#16007=CARTESIAN_POINT('',(-9.44780141058237,2.12228294767077,0.54));
#16008=CARTESIAN_POINT('',(-9.44780141058237,1.02228294767077,0.54));
#16009=CARTESIAN_POINT('',(-9.44780141058237,1.02228294767077,0.54));
#16010=CARTESIAN_POINT('',(-9.44780141058237,1.02228294767077,0.55));
#16011=CARTESIAN_POINT('',(-9.54208229685487,1.02228294767077,0.54));
#16012=CARTESIAN_POINT('',(-9.54208229685487,1.02228294767077,0.55));
#16013=CARTESIAN_POINT('',(-9.67222089040581,1.02142013973691,0.54));
#16014=CARTESIAN_POINT('',(-9.67222089040581,1.02142013973691,0.55));
#16015=CARTESIAN_POINT('',(-9.89086995857166,1.02372096089387,0.54));
#16016=CARTESIAN_POINT('',(-9.89086995857166,1.02372096089387,0.55));
#16017=CARTESIAN_POINT('',(-10.0075580928925,1.04423734578005,0.54));
#16018=CARTESIAN_POINT('',(-10.0075580928925,1.04423734578005,0.55));
#16019=CARTESIAN_POINT('',(-10.1310551912055,1.14075136725616,0.54));
#16020=CARTESIAN_POINT('',(-10.1310551912055,1.14075136725616,0.55));
#16021=CARTESIAN_POINT('',(-10.1610660788213,1.32739816445408,0.54));
#16022=CARTESIAN_POINT('',(-10.1610660788213,1.32739816445408,0.55));
#16023=CARTESIAN_POINT('',(-10.082460099858,1.46003056786997,0.54));
#16024=CARTESIAN_POINT('',(-10.082460099858,1.46003056786997,0.55));
#16025=CARTESIAN_POINT('',(-9.98772287655095,1.50461279060271,0.54));
#16026=CARTESIAN_POINT('',(-9.98772287655095,1.50461279060271,0.55));
#16027=CARTESIAN_POINT('',(-9.98772287655095,1.50461279060271,0.54));
#16028=CARTESIAN_POINT('',(-9.98772287655095,1.50461279060271,0.54));
#16029=CARTESIAN_POINT('',(-9.59322025874991,1.14826462306344,0.54));
#16030=CARTESIAN_POINT('',(-9.59322025874991,1.14826462306344,0.55));
#16031=CARTESIAN_POINT('',(-9.59322025874991,1.25504909077723,0.55));
#16032=CARTESIAN_POINT('',(-9.59322025874991,1.36183355849101,0.55));
#16033=CARTESIAN_POINT('',(-9.59322025874991,1.4686180262048,0.55));
#16034=CARTESIAN_POINT('',(-9.59322025874991,1.14826462306344,0.55));
#16035=CARTESIAN_POINT('',(-9.59322025874991,1.4686180262048,0.55));
#16036=CARTESIAN_POINT('',(-9.59322025874991,1.14826462306344,0.54));
#16037=CARTESIAN_POINT('',(-9.59322025874991,1.4686180262048,0.54));
#16038=CARTESIAN_POINT('',(-9.98988256241483,1.29152378536711,0.54));
#16039=CARTESIAN_POINT('',(-9.98988256241483,1.29152378536711,0.55));
#16040=CARTESIAN_POINT('',(-9.98988256241483,1.20051357640407,0.54));
#16041=CARTESIAN_POINT('',(-9.98988256241483,1.20051357640407,0.55));
#16042=CARTESIAN_POINT('',(-9.84407179152162,1.1279865446715,0.54));
#16043=CARTESIAN_POINT('',(-9.84407179152162,1.1279865446715,0.55));
#16044=CARTESIAN_POINT('',(-9.67311083906717,1.14826462306344,0.54));
#16045=CARTESIAN_POINT('',(-9.67311083906717,1.14826462306344,0.55));
#16046=CARTESIAN_POINT('',(-9.59322025874991,1.14826462306344,0.54));
#16047=CARTESIAN_POINT('',(-9.59322025874991,1.14826462306344,0.55));
#16048=CARTESIAN_POINT('',(-9.98988256241483,1.29152378536711,0.55));
#16049=CARTESIAN_POINT('',(-9.98988256241483,1.26488765971265,0.55));
#16050=CARTESIAN_POINT('',(-9.98556319068708,1.241851010498,0.55));
#16051=CARTESIAN_POINT('',(-9.97692444723158,1.22313373301108,0.55));
#16052=CARTESIAN_POINT('',(-9.96801179239823,1.20382298087215,0.55));
#16053=CARTESIAN_POINT('',(-9.95388779801692,1.18785886390114,0.55));
#16054=CARTESIAN_POINT('',(-9.9337307299541,1.17706043458176,0.55));
#16055=CARTESIAN_POINT('',(-9.9095782073694,1.16412158319711,0.55));
#16056=CARTESIAN_POINT('',(-9.88405795508499,1.15546357594302,0.55));
#16057=CARTESIAN_POINT('',(-9.8545422482787,1.15258399479119,0.55));
#16058=CARTESIAN_POINT('',(-9.82573964929744,1.14977398513448,0.55));
#16059=CARTESIAN_POINT('',(-9.78543230063472,1.14826462306344,0.55));
#16060=CARTESIAN_POINT('',(-9.7343197351897,1.14826462306344,0.55));
#16061=CARTESIAN_POINT('',(-9.68728657637643,1.14826462306344,0.55));
#16062=CARTESIAN_POINT('',(-9.64025341756317,1.14826462306344,0.55));
#16063=CARTESIAN_POINT('',(-9.59322025874991,1.14826462306344,0.55));
#16064=CARTESIAN_POINT('',(-9.98988256241483,1.29152378536711,0.55));
#16065=CARTESIAN_POINT('',(-9.98988256241483,1.29152378536711,0.54));
#16066=CARTESIAN_POINT('',(-9.59322025874991,1.4686180262048,0.54));
#16067=CARTESIAN_POINT('',(-9.59322025874991,1.4686180262048,0.55));
#16068=CARTESIAN_POINT('',(-9.7610743548775,1.4686180262048,0.54));
#16069=CARTESIAN_POINT('',(-9.7610743548775,1.4686180262048,0.55));
#16070=CARTESIAN_POINT('',(-9.98988256241483,1.50266898106734,0.54));
#16071=CARTESIAN_POINT('',(-9.98988256241483,1.50266898106734,0.55));
#16072=CARTESIAN_POINT('',(-9.98988256241483,1.29152378536711,0.54));
#16073=CARTESIAN_POINT('',(-9.98988256241483,1.29152378536711,0.55));
#16074=CARTESIAN_POINT('',(-9.59322025874991,1.4686180262048,0.55));
#16075=CARTESIAN_POINT('',(-9.64865219592268,1.4686180262048,0.55));
#16076=CARTESIAN_POINT('',(-9.70408413309546,1.4686180262048,0.55));
#16077=CARTESIAN_POINT('',(-9.75951607026823,1.4686180262048,0.55));
#16078=CARTESIAN_POINT('',(-9.80558936869755,1.4686180262048,0.55));
#16079=CARTESIAN_POINT('',(-9.83942444723158,1.46645834034093,0.55));
#16080=CARTESIAN_POINT('',(-9.86174120115828,1.46141907332522,0.55));
#16081=CARTESIAN_POINT('',(-9.88321831483824,1.45656940249426,0.55));
#16082=CARTESIAN_POINT('',(-9.90565481372373,1.44702116756606,0.55));
#16083=CARTESIAN_POINT('',(-9.92869146293839,1.4326232618069,0.55));
#16084=CARTESIAN_POINT('',(-9.95121043464261,1.41854890449176,0.55));
#16085=CARTESIAN_POINT('',(-9.96684591320017,1.39950807856082,0.55));
#16086=CARTESIAN_POINT('',(-9.98556319068708,1.3534347801315,0.55));
#16087=CARTESIAN_POINT('',(-9.98988256241483,1.32535886390114,0.55));
#16088=CARTESIAN_POINT('',(-9.98988256241483,1.29152378536711,0.55));
#16089=CARTESIAN_POINT('',(-9.59322025874991,1.58956043458176,0.54));
#16090=CARTESIAN_POINT('',(-9.59322025874991,1.58956043458176,0.55));
#16091=CARTESIAN_POINT('',(-9.59322025874991,1.72538067890986,0.55));
#16092=CARTESIAN_POINT('',(-9.59322025874991,1.86120092323796,0.55));
#16093=CARTESIAN_POINT('',(-9.59322025874991,1.99702116756606,0.55));
#16094=CARTESIAN_POINT('',(-9.59322025874991,1.58956043458176,0.55));
#16095=CARTESIAN_POINT('',(-9.59322025874991,1.99702116756606,0.55));
#16096=CARTESIAN_POINT('',(-9.59322025874991,1.58956043458176,0.54));
#16097=CARTESIAN_POINT('',(-9.59322025874991,1.99702116756606,0.54));
#16098=CARTESIAN_POINT('',(-10.0417150231478,1.78969132463412,0.54));
#16099=CARTESIAN_POINT('',(-10.0417150231478,1.78969132463412,0.55));
#16100=CARTESIAN_POINT('',(-10.0417150231478,1.67677615488524,0.54));
#16101=CARTESIAN_POINT('',(-10.0417150231478,1.67677615488524,0.55));
#16102=CARTESIAN_POINT('',(-9.96088566272351,1.5855409836483,0.54));
#16103=CARTESIAN_POINT('',(-9.96088566272351,1.5855409836483,0.55));
#16104=CARTESIAN_POINT('',(-9.72845203964372,1.59036432476846,0.54));
#16105=CARTESIAN_POINT('',(-9.72845203964372,1.59036432476846,0.55));
#16106=CARTESIAN_POINT('',(-9.64066681822458,1.58956043458177,0.54));
#16107=CARTESIAN_POINT('',(-9.64066681822458,1.58956043458177,0.55));
#16108=CARTESIAN_POINT('',(-9.59322025874991,1.58956043458177,0.54));
#16109=CARTESIAN_POINT('',(-9.59322025874991,1.58956043458177,0.55));
#16110=CARTESIAN_POINT('',(-10.0417150231478,1.78969132463412,0.55));
#16111=CARTESIAN_POINT('',(-10.0417150231478,1.74793739793255,0.55));
#16112=CARTESIAN_POINT('',(-10.0359558608441,1.71410231939852,0.55));
#16113=CARTESIAN_POINT('',(-10.0237176409489,1.68674629845611,0.55));
#16114=CARTESIAN_POINT('',(-10.0118678238777,1.66025847206179,0.55));
#16115=CARTESIAN_POINT('',(-9.98844277183891,1.637073523587,0.55));
#16116=CARTESIAN_POINT('',(-9.952448007441,1.61835624610009,0.55));
#16117=CARTESIAN_POINT('',(-9.92873860973306,1.60602735929196,0.55));
#16118=CARTESIAN_POINT('',(-9.90349512785986,1.59819917803726,0.55));
#16119=CARTESIAN_POINT('',(-9.84878308597504,1.59100022515768,0.55));
#16120=CARTESIAN_POINT('',(-9.8099087404253,1.58956043458176,0.55));
#16121=CARTESIAN_POINT('',(-9.75951607026823,1.58956043458176,0.55));
#16122=CARTESIAN_POINT('',(-9.70408413309546,1.58956043458176,0.55));
#16123=CARTESIAN_POINT('',(-9.64865219592268,1.58956043458176,0.55));
#16124=CARTESIAN_POINT('',(-9.59322025874991,1.58956043458176,0.55));
#16125=CARTESIAN_POINT('',(-10.0417150231478,1.78969132463412,0.55));
#16126=CARTESIAN_POINT('',(-10.0417150231478,1.78969132463412,0.54));
#16127=CARTESIAN_POINT('',(-9.59322025874991,1.99702116756606,0.54));
#16128=CARTESIAN_POINT('',(-9.59322025874991,1.99702116756606,0.55));
#16129=CARTESIAN_POINT('',(-9.68738878473987,1.99702116756606,0.54));
#16130=CARTESIAN_POINT('',(-9.68738878473987,1.99702116756606,0.55));
#16131=CARTESIAN_POINT('',(-9.88719044011925,2.02300134657687,0.54));
#16132=CARTESIAN_POINT('',(-9.88719044011925,2.02300134657687,0.55));
#16133=CARTESIAN_POINT('',(-10.0417150231478,1.90191219771819,0.54));
#16134=CARTESIAN_POINT('',(-10.0417150231478,1.90191219771819,0.55));
#16135=CARTESIAN_POINT('',(-10.0417150231478,1.78969132463412,0.54));
#16136=CARTESIAN_POINT('',(-10.0417150231478,1.78969132463412,0.55));
#16137=CARTESIAN_POINT('',(-9.59322025874991,1.99702116756606,0.55));
#16138=CARTESIAN_POINT('',(-9.63305446468359,1.99702116756606,0.55));
#16139=CARTESIAN_POINT('',(-9.67288867061727,1.99702116756606,0.55));
#16140=CARTESIAN_POINT('',(-9.71272287655095,1.99702116756606,0.55));
#16141=CARTESIAN_POINT('',(-9.77679355717923,1.99702116756606,0.55));
#16142=CARTESIAN_POINT('',(-9.82718622733629,1.99414158641423,0.55));
#16143=CARTESIAN_POINT('',(-9.86390088702216,1.98838242411056,0.55));
#16144=CARTESIAN_POINT('',(-9.90142836656598,1.98249576065271,0.55));
#16145=CARTESIAN_POINT('',(-9.9337307299541,1.96966514662365,0.55));
#16146=CARTESIAN_POINT('',(-9.96180664618446,1.95022797384878,0.55));
#16147=CARTESIAN_POINT('',(-9.98939591320017,1.93112771206868,0.55));
#16148=CARTESIAN_POINT('',(-10.0100396304777,1.90919394243517,0.55));
#16149=CARTESIAN_POINT('',(-10.0222778503729,1.88471750264459,0.55));
#16150=CARTESIAN_POINT('',(-10.0346600493258,1.85995310473883,0.55));
#16151=CARTESIAN_POINT('',(-10.0417150231478,1.82856567018386,0.55));
#16152=CARTESIAN_POINT('',(-10.0417150231478,1.78969132463412,0.55));
#16153=CARTESIAN_POINT('',(-14.075,4.55000000000003,0.55));
#16154=CARTESIAN_POINT('',(-11.0553275885928,1.64175284295873,0.54));
#16155=CARTESIAN_POINT('',(-11.0553275885928,1.58236148170218,0.54));
#16156=CARTESIAN_POINT('',(-11.0553275885928,1.70114420421527,0.54));
#16157=CARTESIAN_POINT('',(-11.0553275885928,1.58236148170218,0.54));
#16158=CARTESIAN_POINT('',(-11.0553275885928,1.70114420421527,0.54));
#16159=CARTESIAN_POINT('',(-10.2252883215771,1.58236148170218,0.54));
#16160=CARTESIAN_POINT('',(-11.0553275885928,1.58236148170218,0.54));
#16161=CARTESIAN_POINT('',(-10.2252883215771,1.58236148170218,0.54));
#16162=CARTESIAN_POINT('',(-10.2252883215771,1.70114420421527,0.54));
#16163=CARTESIAN_POINT('',(-10.2252883215771,1.58236148170218,0.54));
#16164=CARTESIAN_POINT('',(-10.2252883215771,1.70114420421527,0.54));
#16165=CARTESIAN_POINT('',(-11.0553275885928,1.70114420421527,0.54));
#16166=CARTESIAN_POINT('',(-10.2252883215771,1.70114420421527,0.54));
#16167=CARTESIAN_POINT('',(-11.0553275885928,1.58236148170218,0.54));
#16168=CARTESIAN_POINT('',(-11.0553275885928,1.58236148170218,0.54));
#16169=CARTESIAN_POINT('',(-11.0553275885928,1.70114420421527,0.54));
#16170=CARTESIAN_POINT('',(-11.0553275885928,1.70114420421527,0.54));
#16171=CARTESIAN_POINT('',(-10.2252883215771,1.70114420421527,0.54));
#16172=CARTESIAN_POINT('',(-10.2252883215771,1.70114420421527,0.54));
#16173=CARTESIAN_POINT('',(-10.2252883215771,1.58236148170218,0.54));
#16174=CARTESIAN_POINT('',(-10.2252883215771,1.58236148170218,0.54));
#16175=CARTESIAN_POINT('',(-7.09215066871492,7.5503834511052,0.54));
#16176=CARTESIAN_POINT('',(-7.09215066871492,6.89368804049955,0.54));
#16177=CARTESIAN_POINT('',(-7.09215066871492,7.1134574325331,0.54));
#16178=CARTESIAN_POINT('',(-7.09215066871492,7.33322682456664,0.54));
#16179=CARTESIAN_POINT('',(-7.09215066871492,7.55299621660017,0.54));
#16180=CARTESIAN_POINT('',(-7.09215066871492,7.62632954993351,0.54));
#16181=CARTESIAN_POINT('',(-7.08523242972121,7.68928552477627,0.54));
#16182=CARTESIAN_POINT('',(-7.07001230393505,7.74186414112847,0.54));
#16183=CARTESIAN_POINT('',(-7.05484566740884,7.79425797640084,0.54));
#16184=CARTESIAN_POINT('',(-7.02919469387216,7.83871948704042,0.54));
#16185=CARTESIAN_POINT('',(-6.99183620330612,7.87538615370709,0.54));
#16186=CARTESIAN_POINT('',(-6.95831470705499,7.90828688150912,0.54));
#16187=CARTESIAN_POINT('',(-6.91850286997279,7.93211571345551,0.54));
#16188=CARTESIAN_POINT('',(-6.87422614041304,7.94871948704042,0.54));
#16189=CARTESIAN_POINT('',(-6.82957032926459,7.96546541622109,0.54));
#16190=CARTESIAN_POINT('',(-6.7746034989036,7.97224149961904,0.54));
#16191=CARTESIAN_POINT('',(-6.70957205236272,7.97224149961904,0.54));
#16192=CARTESIAN_POINT('',(-7.09215066871492,6.89368804049955,0.54));
#16193=CARTESIAN_POINT('',(-6.70957205236272,7.97224149961904,0.54));
#16194=CARTESIAN_POINT('',(-6.95240224104197,6.89368804049955,0.54));
#16195=CARTESIAN_POINT('',(-6.99898505026629,6.89368804049955,0.54));
#16196=CARTESIAN_POINT('',(-7.04556785949061,6.89368804049955,0.54));
#16197=CARTESIAN_POINT('',(-7.09215066871492,6.89368804049955,0.54));
#16198=CARTESIAN_POINT('',(-6.95240224104197,6.89368804049955,0.54));
#16199=CARTESIAN_POINT('',(-6.46743368758285,6.89368804049955,0.54));
#16200=CARTESIAN_POINT('',(-6.46743368758285,7.11322682456664,0.54));
#16201=CARTESIAN_POINT('',(-6.46743368758285,7.33276560863372,0.54));
#16202=CARTESIAN_POINT('',(-6.46743368758285,7.5523043927008,0.54));
#16203=CARTESIAN_POINT('',(-6.46743368758285,7.60142388955615,0.54));
#16204=CARTESIAN_POINT('',(-6.4708928070797,7.64224149961904,0.54));
#16205=CARTESIAN_POINT('',(-6.47711922217404,7.67544904678885,0.54));
#16206=CARTESIAN_POINT('',(-6.48347094876714,7.70932492195201,0.54));
#16207=CARTESIAN_POINT('',(-6.49510664355769,7.73909684553099,0.54));
#16208=CARTESIAN_POINT('',(-6.51309406494134,7.76538615370709,0.54));
#16209=CARTESIAN_POINT('',(-6.53248993535786,7.79373396431585,0.54));
#16210=CARTESIAN_POINT('',(-6.55806261840046,7.81519747446181,0.54));
#16211=CARTESIAN_POINT('',(-6.5905783416709,7.8297257763486,0.54));
#16212=CARTESIAN_POINT('',(-6.62335173671065,7.84436920817487,0.54));
#16213=CARTESIAN_POINT('',(-6.66252802720549,7.85186414112847,0.54));
#16214=CARTESIAN_POINT('',(-6.75384878192247,7.85186414112847,0.54));
#16215=CARTESIAN_POINT('',(-6.79328274418662,7.84494590213476,0.54));
#16216=CARTESIAN_POINT('',(-6.82718211525581,7.8297257763486,0.54));
#16217=CARTESIAN_POINT('',(-6.86082298158893,7.81462171391332,0.54));
#16218=CARTESIAN_POINT('',(-6.88806261840046,7.7937509335813,0.54));
#16219=CARTESIAN_POINT('',(-6.90674186368348,7.76538615370709,0.54));
#16220=CARTESIAN_POINT('',(-6.92457628003046,7.73830426221723,0.54));
#16221=CARTESIAN_POINT('',(-6.93649029135643,7.70865659395866,0.54));
#16222=CARTESIAN_POINT('',(-6.94271670645077,7.67614087068822,0.54));
#16223=CARTESIAN_POINT('',(-6.94896759217212,7.64349735636563,0.54));
#16224=CARTESIAN_POINT('',(-6.95240224104197,7.60349936125426,0.54));
#16225=CARTESIAN_POINT('',(-6.95240224104197,7.55645533609703,0.54));
#16226=CARTESIAN_POINT('',(-6.95240224104197,7.33553290423121,0.54));
#16227=CARTESIAN_POINT('',(-6.95240224104197,7.11461047236538,0.54));
#16228=CARTESIAN_POINT('',(-6.95240224104197,6.89368804049955,0.54));
#16229=CARTESIAN_POINT('',(-6.46743368758285,6.89368804049955,0.54));
#16230=CARTESIAN_POINT('',(-6.32768525990989,6.89368804049955,0.54));
#16231=CARTESIAN_POINT('',(-6.37426806913421,6.89368804049955,0.54));
#16232=CARTESIAN_POINT('',(-6.42085087835853,6.89368804049955,0.54));
#16233=CARTESIAN_POINT('',(-6.46743368758285,6.89368804049955,0.54));
#16234=CARTESIAN_POINT('',(-6.32768525990989,6.89368804049955,0.54));
#16235=CARTESIAN_POINT('',(-6.70957205236272,7.97224149961904,0.54));
#16236=CARTESIAN_POINT('',(-6.6479997253187,7.97224149961904,0.54));
#16237=CARTESIAN_POINT('',(-6.59334563726838,7.96393961282658,0.54));
#16238=CARTESIAN_POINT('',(-6.54699343601052,7.94802766314105,0.54));
#16239=CARTESIAN_POINT('',(-6.50042877946591,7.93204278104364,0.54));
#16240=CARTESIAN_POINT('',(-6.46120727248851,7.90721005307815,0.54));
#16241=CARTESIAN_POINT('',(-6.42869154921807,7.87538615370709,0.54));
#16242=CARTESIAN_POINT('',(-6.39128155176288,7.83877211364456,0.54));
#16243=CARTESIAN_POINT('',(-6.3657355743753,7.79444275748067,0.54));
#16244=CARTESIAN_POINT('',(-6.33529532280297,7.69205282037376,0.54));
#16245=CARTESIAN_POINT('',(-6.32768525990989,7.62840502163162,0.54));
#16246=CARTESIAN_POINT('',(-6.32768525990989,7.55299621660017,0.54));
#16247=CARTESIAN_POINT('',(-6.32768525990989,7.33322682456664,0.54));
#16248=CARTESIAN_POINT('',(-6.32768525990989,7.1134574325331,0.54));
#16249=CARTESIAN_POINT('',(-6.32768525990989,6.89368804049955,0.54));
#16250=CARTESIAN_POINT('',(-7.09215066871492,6.89368804049955,0.54));
#16251=CARTESIAN_POINT('',(-7.09215066871492,6.89368804049955,0.55));
#16252=CARTESIAN_POINT('',(-7.09215066871492,7.0031372756005,0.54));
#16253=CARTESIAN_POINT('',(-7.09215066871492,7.0031372756005,0.55));
#16254=CARTESIAN_POINT('',(-7.09013816619389,7.22333871722603,0.54));
#16255=CARTESIAN_POINT('',(-7.09013816619389,7.22333871722603,0.55));
#16256=CARTESIAN_POINT('',(-7.09919442753855,7.54582305112244,0.54));
#16257=CARTESIAN_POINT('',(-7.09919442753855,7.54582305112244,0.55));
#16258=CARTESIAN_POINT('',(-7.0715225178743,7.83736199594994,0.54));
#16259=CARTESIAN_POINT('',(-7.0715225178743,7.83736199594994,0.55));
#16260=CARTESIAN_POINT('',(-6.87119576790453,7.96301938045455,0.54));
#16261=CARTESIAN_POINT('',(-6.87119576790453,7.96301938045455,0.55));
#16262=CARTESIAN_POINT('',(-6.77342811518607,7.97224149961904,0.54));
#16263=CARTESIAN_POINT('',(-6.77342811518607,7.97224149961904,0.55));
#16264=CARTESIAN_POINT('',(-6.70957205236272,7.97224149961904,0.54));
#16265=CARTESIAN_POINT('',(-6.70957205236272,7.97224149961904,0.55));
#16266=CARTESIAN_POINT('',(-7.09215066871492,6.89368804049955,0.54));
#16267=CARTESIAN_POINT('',(-6.70957205236272,7.97224149961904,0.54));
#16268=CARTESIAN_POINT('',(-6.70957205236272,7.97224149961904,0.54));
#16269=CARTESIAN_POINT('',(-6.70957205236272,7.97224149961904,0.55));
#16270=CARTESIAN_POINT('',(-6.58726629108137,7.97224149961904,0.54));
#16271=CARTESIAN_POINT('',(-6.58726629108137,7.97224149961904,0.55));
#16272=CARTESIAN_POINT('',(-6.42565565019671,7.907846264605,0.54));
#16273=CARTESIAN_POINT('',(-6.42565565019671,7.907846264605,0.55));
#16274=CARTESIAN_POINT('',(-6.33840919286937,7.74442240779877,0.54));
#16275=CARTESIAN_POINT('',(-6.33840919286937,7.74442240779877,0.55));
#16276=CARTESIAN_POINT('',(-6.32147666714388,7.47714130595974,0.540000000000001));
#16277=CARTESIAN_POINT('',(-6.32147666714388,7.47714130595974,0.550000000000001));
#16278=CARTESIAN_POINT('',(-6.32994293000662,7.2281459462155,0.54));
#16279=CARTESIAN_POINT('',(-6.32994293000662,7.2281459462155,0.55));
#16280=CARTESIAN_POINT('',(-6.32768525990989,7.00301258640348,0.54));
#16281=CARTESIAN_POINT('',(-6.32768525990989,7.00301258640348,0.55));
#16282=CARTESIAN_POINT('',(-6.32768525990989,6.89368804049955,0.54));
#16283=CARTESIAN_POINT('',(-6.32768525990989,6.89368804049955,0.55));
#16284=CARTESIAN_POINT('',(-6.32768525990989,6.89368804049955,0.54));
#16285=CARTESIAN_POINT('',(-6.32768525990989,6.89368804049955,0.54));
#16286=CARTESIAN_POINT('',(-6.46743368758285,6.89368804049955,0.54));
#16287=CARTESIAN_POINT('',(-6.46743368758285,6.89368804049955,0.54));
#16288=CARTESIAN_POINT('',(-6.46743368758285,6.89368804049955,0.55));
#16289=CARTESIAN_POINT('',(-6.46743368758285,6.98568997765573,0.54));
#16290=CARTESIAN_POINT('',(-6.46743368758285,6.98568997765573,0.55));
#16291=CARTESIAN_POINT('',(-6.46530779565029,7.17142519489041,0.54));
#16292=CARTESIAN_POINT('',(-6.46530779565029,7.17142519489041,0.55));
#16293=CARTESIAN_POINT('',(-6.47487430934681,7.43963996320838,0.54));
#16294=CARTESIAN_POINT('',(-6.47487430934681,7.43963996320838,0.55));
#16295=CARTESIAN_POINT('',(-6.43979709245958,7.74421293289557,0.54));
#16296=CARTESIAN_POINT('',(-6.43979709245958,7.74421293289557,0.55));
#16297=CARTESIAN_POINT('',(-6.70372911203302,7.9059877736402,0.54));
#16298=CARTESIAN_POINT('',(-6.70372911203302,7.9059877736402,0.55));
#16299=CARTESIAN_POINT('',(-6.98356216750326,7.74295127336567,0.54));
#16300=CARTESIAN_POINT('',(-6.98356216750326,7.74295127336567,0.55));
#16301=CARTESIAN_POINT('',(-6.94401303007162,7.44001522284338,0.54));
#16302=CARTESIAN_POINT('',(-6.94401303007162,7.44001522284338,0.55));
#16303=CARTESIAN_POINT('',(-6.95479915846207,7.17133789266948,0.54));
#16304=CARTESIAN_POINT('',(-6.95479915846207,7.17133789266948,0.55));
#16305=CARTESIAN_POINT('',(-6.95240224104197,6.98569420201098,0.54));
#16306=CARTESIAN_POINT('',(-6.95240224104197,6.98569420201098,0.55));
#16307=CARTESIAN_POINT('',(-6.95240224104197,6.89368804049955,0.54));
#16308=CARTESIAN_POINT('',(-6.95240224104197,6.89368804049955,0.55));
#16309=CARTESIAN_POINT('',(-6.95240224104197,6.89368804049955,0.54));
#16310=CARTESIAN_POINT('',(-6.95240224104197,6.89368804049955,0.54));
#16311=CARTESIAN_POINT('',(-8.83139595173379,7.48900250590835,0.54));
#16312=CARTESIAN_POINT('',(-8.83139595173379,7.43192703421024,0.54));
#16313=CARTESIAN_POINT('',(-8.83139595173379,7.54607797760646,0.54));
#16314=CARTESIAN_POINT('',(-8.83139595173379,7.43192703421024,0.54));
#16315=CARTESIAN_POINT('',(-8.83139595173379,7.54607797760646,0.54));
#16316=CARTESIAN_POINT('',(-8.03441481965832,7.43192703421024,0.54));
#16317=CARTESIAN_POINT('',(-8.83139595173379,7.43192703421024,0.54));
#16318=CARTESIAN_POINT('',(-8.03441481965832,7.43192703421024,0.54));
#16319=CARTESIAN_POINT('',(-8.03441481965832,7.54607797760646,0.54));
#16320=CARTESIAN_POINT('',(-8.03441481965832,7.43192703421024,0.54));
#16321=CARTESIAN_POINT('',(-8.03441481965832,7.54607797760646,0.54));
#16322=CARTESIAN_POINT('',(-8.83139595173379,7.54607797760646,0.54));
#16323=CARTESIAN_POINT('',(-8.03441481965832,7.54607797760646,0.54));
#16324=CARTESIAN_POINT('',(-8.83139595173379,7.43192703421024,0.54));
#16325=CARTESIAN_POINT('',(-8.83139595173379,7.43192703421024,0.54));
#16326=CARTESIAN_POINT('',(-8.83139595173379,7.54607797760646,0.54));
#16327=CARTESIAN_POINT('',(-8.83139595173379,7.54607797760646,0.54));
#16328=CARTESIAN_POINT('',(-8.03441481965832,7.54607797760646,0.54));
#16329=CARTESIAN_POINT('',(-8.03441481965832,7.54607797760646,0.54));
#16330=CARTESIAN_POINT('',(-8.03441481965832,7.43192703421024,0.54));
#16331=CARTESIAN_POINT('',(-8.03441481965832,7.43192703421024,0.54));
#16332=CARTESIAN_POINT('',(-7.61067268129354,7.95079495873853,0.54));
#16333=CARTESIAN_POINT('',(-7.6808928070797,7.95079495873853,0.54));
#16334=CARTESIAN_POINT('',(-7.54045255550738,7.95079495873853,0.54));
#16335=CARTESIAN_POINT('',(-7.6808928070797,7.95079495873853,0.54));
#16336=CARTESIAN_POINT('',(-7.54045255550738,7.95079495873853,0.54));
#16337=CARTESIAN_POINT('',(-7.6808928070797,7.01890816628572,0.54));
#16338=CARTESIAN_POINT('',(-7.6808928070797,7.95079495873853,0.54));
#16339=CARTESIAN_POINT('',(-7.6808928070797,7.01890816628572,0.54));
#16340=CARTESIAN_POINT('',(-8.03649029135643,7.01890816628572,0.54));
#16341=CARTESIAN_POINT('',(-7.6808928070797,7.01890816628572,0.54));
#16342=CARTESIAN_POINT('',(-8.03649029135643,7.01890816628572,0.54));
#16343=CARTESIAN_POINT('',(-8.03649029135643,6.89368804049955,0.54));
#16344=CARTESIAN_POINT('',(-8.03649029135643,7.01890816628572,0.54));
#16345=CARTESIAN_POINT('',(-8.03649029135643,6.89368804049955,0.54));
#16346=CARTESIAN_POINT('',(-7.18485507123065,6.89368804049955,0.54));
#16347=CARTESIAN_POINT('',(-8.03649029135643,6.89368804049955,0.54));
#16348=CARTESIAN_POINT('',(-7.18485507123065,6.89368804049955,0.54));
#16349=CARTESIAN_POINT('',(-7.18485507123065,7.01890816628572,0.54));
#16350=CARTESIAN_POINT('',(-7.18485507123065,6.89368804049955,0.54));
#16351=CARTESIAN_POINT('',(-7.18485507123065,7.01890816628572,0.54));
#16352=CARTESIAN_POINT('',(-7.54045255550738,7.01890816628572,0.54));
#16353=CARTESIAN_POINT('',(-7.18485507123065,7.01890816628572,0.54));
#16354=CARTESIAN_POINT('',(-7.54045255550738,7.01890816628572,0.54));
#16355=CARTESIAN_POINT('',(-7.54045255550738,7.95079495873853,0.54));
#16356=CARTESIAN_POINT('',(-7.54045255550738,7.01890816628572,0.54));
#16357=CARTESIAN_POINT('',(-7.6808928070797,7.95079495873853,0.54));
#16358=CARTESIAN_POINT('',(-7.6808928070797,7.95079495873853,0.54));
#16359=CARTESIAN_POINT('',(-7.54045255550738,7.95079495873853,0.54));
#16360=CARTESIAN_POINT('',(-7.54045255550738,7.95079495873853,0.54));
#16361=CARTESIAN_POINT('',(-7.54045255550738,7.01890816628572,0.54));
#16362=CARTESIAN_POINT('',(-7.54045255550738,7.01890816628572,0.54));
#16363=CARTESIAN_POINT('',(-7.18485507123065,7.01890816628572,0.54));
#16364=CARTESIAN_POINT('',(-7.18485507123065,7.01890816628572,0.54));
#16365=CARTESIAN_POINT('',(-7.18485507123065,6.89368804049955,0.54));
#16366=CARTESIAN_POINT('',(-7.18485507123065,6.89368804049955,0.54));
#16367=CARTESIAN_POINT('',(-8.03649029135643,6.89368804049955,0.54));
#16368=CARTESIAN_POINT('',(-8.03649029135643,6.89368804049955,0.54));
#16369=CARTESIAN_POINT('',(-8.03649029135643,7.01890816628572,0.54));
#16370=CARTESIAN_POINT('',(-8.03649029135643,7.01890816628572,0.54));
#16371=CARTESIAN_POINT('',(-7.6808928070797,7.01890816628572,0.54));
#16372=CARTESIAN_POINT('',(-7.6808928070797,7.01890816628572,0.54));
#16373=CARTESIAN_POINT('',(-11.2122647613677,-1.52824715704127,0.54));
#16374=CARTESIAN_POINT('',(-11.2122647613677,-1.58763851829782,0.54));
#16375=CARTESIAN_POINT('',(-11.2122647613677,-1.46885579578473,0.54));
#16376=CARTESIAN_POINT('',(-11.2122647613677,-1.58763851829782,0.54));
#16377=CARTESIAN_POINT('',(-11.2122647613677,-1.46885579578473,0.54));
#16378=CARTESIAN_POINT('',(-10.8400788974934,-1.58763851829782,0.54));
#16379=CARTESIAN_POINT('',(-11.2122647613677,-1.58763851829782,0.54));
#16380=CARTESIAN_POINT('',(-10.8400788974934,-1.58763851829782,0.54));
#16381=CARTESIAN_POINT('',(-10.8400788974934,-1.9591044868842,0.54));
#16382=CARTESIAN_POINT('',(-10.8400788974934,-1.58763851829782,0.54));
#16383=CARTESIAN_POINT('',(-10.8400788974934,-1.9591044868842,0.54));
#16384=CARTESIAN_POINT('',(-10.7169768032525,-1.9591044868842,0.54));
#16385=CARTESIAN_POINT('',(-10.8400788974934,-1.9591044868842,0.54));
#16386=CARTESIAN_POINT('',(-10.7169768032525,-1.9591044868842,0.54));
#16387=CARTESIAN_POINT('',(-10.7169768032525,-1.58763851829782,0.54));
#16388=CARTESIAN_POINT('',(-10.7169768032525,-1.9591044868842,0.54));
#16389=CARTESIAN_POINT('',(-10.7169768032525,-1.58763851829782,0.54));
#16390=CARTESIAN_POINT('',(-10.3447909393782,-1.58763851829782,0.54));
#16391=CARTESIAN_POINT('',(-10.7169768032525,-1.58763851829782,0.54));
#16392=CARTESIAN_POINT('',(-10.3447909393782,-1.58763851829782,0.54));
#16393=CARTESIAN_POINT('',(-10.3447909393782,-1.46885579578473,0.54));
#16394=CARTESIAN_POINT('',(-10.3447909393782,-1.58763851829782,0.54));
#16395=CARTESIAN_POINT('',(-10.3447909393782,-1.46885579578473,0.54));
#16396=CARTESIAN_POINT('',(-10.7169768032525,-1.46885579578473,0.54));
#16397=CARTESIAN_POINT('',(-10.3447909393782,-1.46885579578473,0.54));
#16398=CARTESIAN_POINT('',(-10.7169768032525,-1.46885579578473,0.54));
#16399=CARTESIAN_POINT('',(-10.7169768032525,-1.09666993191038,0.54));
#16400=CARTESIAN_POINT('',(-10.7169768032525,-1.46885579578473,0.54));
#16401=CARTESIAN_POINT('',(-10.7169768032525,-1.09666993191038,0.54));
#16402=CARTESIAN_POINT('',(-10.8400788974934,-1.09666993191038,0.54));
#16403=CARTESIAN_POINT('',(-10.7169768032525,-1.09666993191038,0.54));
#16404=CARTESIAN_POINT('',(-10.8400788974934,-1.09666993191038,0.54));
#16405=CARTESIAN_POINT('',(-10.8400788974934,-1.46885579578473,0.54));
#16406=CARTESIAN_POINT('',(-10.8400788974934,-1.09666993191038,0.54));
#16407=CARTESIAN_POINT('',(-10.8400788974934,-1.46885579578473,0.54));
#16408=CARTESIAN_POINT('',(-11.2122647613677,-1.46885579578473,0.54));
#16409=CARTESIAN_POINT('',(-10.8400788974934,-1.46885579578473,0.54));
#16410=CARTESIAN_POINT('',(-11.2122647613677,-1.58763851829782,0.54));
#16411=CARTESIAN_POINT('',(-11.2122647613677,-1.58763851829782,0.54));
#16412=CARTESIAN_POINT('',(-11.2122647613677,-1.46885579578473,0.54));
#16413=CARTESIAN_POINT('',(-11.2122647613677,-1.46885579578473,0.54));
#16414=CARTESIAN_POINT('',(-10.8400788974934,-1.46885579578473,0.54));
#16415=CARTESIAN_POINT('',(-10.8400788974934,-1.46885579578473,0.54));
#16416=CARTESIAN_POINT('',(-10.8400788974934,-1.09666993191038,0.54));
#16417=CARTESIAN_POINT('',(-10.8400788974934,-1.09666993191038,0.54));
#16418=CARTESIAN_POINT('',(-10.7169768032525,-1.09666993191038,0.54));
#16419=CARTESIAN_POINT('',(-10.7169768032525,-1.09666993191038,0.54));
#16420=CARTESIAN_POINT('',(-10.7169768032525,-1.46885579578473,0.54));
#16421=CARTESIAN_POINT('',(-10.7169768032525,-1.46885579578473,0.54));
#16422=CARTESIAN_POINT('',(-10.3447909393782,-1.46885579578473,0.54));
#16423=CARTESIAN_POINT('',(-10.3447909393782,-1.46885579578473,0.54));
#16424=CARTESIAN_POINT('',(-10.3447909393782,-1.58763851829782,0.54));
#16425=CARTESIAN_POINT('',(-10.3447909393782,-1.58763851829782,0.54));
#16426=CARTESIAN_POINT('',(-10.7169768032525,-1.58763851829782,0.54));
#16427=CARTESIAN_POINT('',(-10.7169768032525,-1.58763851829782,0.54));
#16428=CARTESIAN_POINT('',(-10.7169768032525,-1.9591044868842,0.54));
#16429=CARTESIAN_POINT('',(-10.7169768032525,-1.9591044868842,0.54));
#16430=CARTESIAN_POINT('',(-10.8400788974934,-1.9591044868842,0.54));
#16431=CARTESIAN_POINT('',(-10.8400788974934,-1.9591044868842,0.54));
#16432=CARTESIAN_POINT('',(-10.8400788974934,-1.58763851829782,0.54));
#16433=CARTESIAN_POINT('',(-10.8400788974934,-1.58763851829782,0.54));
#16434=CARTESIAN_POINT('',(-8.98221356179668,-7.15217769451763,0.54));
#16435=CARTESIAN_POINT('',(-8.98221356179668,-7.20925316621575,0.54));
#16436=CARTESIAN_POINT('',(-8.98221356179668,-7.09510222281952,0.54));
#16437=CARTESIAN_POINT('',(-8.98221356179668,-7.20925316621575,0.54));
#16438=CARTESIAN_POINT('',(-8.98221356179668,-7.09510222281952,0.54));
#16439=CARTESIAN_POINT('',(-8.62454060582184,-7.20925316621575,0.54));
#16440=CARTESIAN_POINT('',(-8.98221356179668,-7.20925316621575,0.54));
#16441=CARTESIAN_POINT('',(-8.62454060582184,-7.20925316621575,0.54));
#16442=CARTESIAN_POINT('',(-8.62454060582184,-7.56623429829122,0.54));
#16443=CARTESIAN_POINT('',(-8.62454060582184,-7.20925316621575,0.54));
#16444=CARTESIAN_POINT('',(-8.62454060582184,-7.56623429829122,0.54));
#16445=CARTESIAN_POINT('',(-8.50623871902939,-7.56623429829122,0.54));
#16446=CARTESIAN_POINT('',(-8.62454060582184,-7.56623429829122,0.54));
#16447=CARTESIAN_POINT('',(-8.50623871902939,-7.56623429829122,0.54));
#16448=CARTESIAN_POINT('',(-8.50623871902939,-7.20925316621575,0.54));
#16449=CARTESIAN_POINT('',(-8.50623871902939,-7.56623429829122,0.54));
#16450=CARTESIAN_POINT('',(-8.50623871902939,-7.20925316621575,0.54));
#16451=CARTESIAN_POINT('',(-8.14856576305455,-7.20925316621575,0.54));
#16452=CARTESIAN_POINT('',(-8.50623871902939,-7.20925316621575,0.54));
#16453=CARTESIAN_POINT('',(-8.14856576305455,-7.20925316621575,0.54));
#16454=CARTESIAN_POINT('',(-8.14856576305455,-7.09510222281952,0.54));
#16455=CARTESIAN_POINT('',(-8.14856576305455,-7.20925316621575,0.54));
#16456=CARTESIAN_POINT('',(-8.14856576305455,-7.09510222281952,0.54));
#16457=CARTESIAN_POINT('',(-8.50623871902939,-7.09510222281952,0.54));
#16458=CARTESIAN_POINT('',(-8.14856576305455,-7.09510222281952,0.54));
#16459=CARTESIAN_POINT('',(-8.50623871902939,-7.09510222281952,0.54));
#16460=CARTESIAN_POINT('',(-8.50623871902939,-6.73742926684468,0.54));
#16461=CARTESIAN_POINT('',(-8.50623871902939,-7.09510222281952,0.54));
#16462=CARTESIAN_POINT('',(-8.50623871902939,-6.73742926684468,0.54));
#16463=CARTESIAN_POINT('',(-8.62454060582184,-6.73742926684468,0.54));
#16464=CARTESIAN_POINT('',(-8.50623871902939,-6.73742926684468,0.54));
#16465=CARTESIAN_POINT('',(-8.62454060582184,-6.73742926684468,0.54));
#16466=CARTESIAN_POINT('',(-8.62454060582184,-7.09510222281952,0.54));
#16467=CARTESIAN_POINT('',(-8.62454060582184,-6.73742926684468,0.54));
#16468=CARTESIAN_POINT('',(-8.62454060582184,-7.09510222281952,0.54));
#16469=CARTESIAN_POINT('',(-8.98221356179668,-7.09510222281952,0.54));
#16470=CARTESIAN_POINT('',(-8.62454060582184,-7.09510222281952,0.54));
#16471=CARTESIAN_POINT('',(-8.98221356179668,-7.20925316621575,0.54));
#16472=CARTESIAN_POINT('',(-8.98221356179668,-7.20925316621575,0.54));
#16473=CARTESIAN_POINT('',(-8.98221356179668,-7.09510222281952,0.54));
#16474=CARTESIAN_POINT('',(-8.98221356179668,-7.09510222281952,0.54));
#16475=CARTESIAN_POINT('',(-8.62454060582184,-7.09510222281952,0.54));
#16476=CARTESIAN_POINT('',(-8.62454060582184,-7.09510222281952,0.54));
#16477=CARTESIAN_POINT('',(-8.62454060582184,-6.73742926684468,0.54));
#16478=CARTESIAN_POINT('',(-8.62454060582184,-6.73742926684468,0.54));
#16479=CARTESIAN_POINT('',(-8.50623871902939,-6.73742926684468,0.54));
#16480=CARTESIAN_POINT('',(-8.50623871902939,-6.73742926684468,0.54));
#16481=CARTESIAN_POINT('',(-8.50623871902939,-7.09510222281952,0.54));
#16482=CARTESIAN_POINT('',(-8.50623871902939,-7.09510222281952,0.54));
#16483=CARTESIAN_POINT('',(-8.14856576305455,-7.09510222281952,0.54));
#16484=CARTESIAN_POINT('',(-8.14856576305455,-7.09510222281952,0.54));
#16485=CARTESIAN_POINT('',(-8.14856576305455,-7.20925316621575,0.54));
#16486=CARTESIAN_POINT('',(-8.14856576305455,-7.20925316621575,0.54));
#16487=CARTESIAN_POINT('',(-8.50623871902939,-7.20925316621575,0.54));
#16488=CARTESIAN_POINT('',(-8.50623871902939,-7.20925316621575,0.54));
#16489=CARTESIAN_POINT('',(-8.50623871902939,-7.56623429829122,0.54));
#16490=CARTESIAN_POINT('',(-8.50623871902939,-7.56623429829122,0.54));
#16491=CARTESIAN_POINT('',(-8.62454060582184,-7.56623429829122,0.54));
#16492=CARTESIAN_POINT('',(-8.62454060582184,-7.56623429829122,0.54));
#16493=CARTESIAN_POINT('',(-8.62454060582184,-7.20925316621575,0.54));
#16494=CARTESIAN_POINT('',(-8.62454060582184,-7.20925316621575,0.54));
#16495=CARTESIAN_POINT('',(-7.09215066871492,-7.09079674932078,0.54));
#16496=CARTESIAN_POINT('',(-7.09215066871492,-7.74749215992646,0.54));
#16497=CARTESIAN_POINT('',(-7.09215066871492,-7.52772276789289,0.54));
#16498=CARTESIAN_POINT('',(-7.09215066871492,-7.30795337585935,0.54));
#16499=CARTESIAN_POINT('',(-7.09215066871492,-7.08818398382581,0.54));
#16500=CARTESIAN_POINT('',(-7.09215066871492,-7.01485065049248,0.54));
#16501=CARTESIAN_POINT('',(-7.08523242972121,-6.95189467564971,0.54));
#16502=CARTESIAN_POINT('',(-7.07001230393505,-6.89931605929751,0.54));
#16503=CARTESIAN_POINT('',(-7.05484566740884,-6.84692222402514,0.54));
#16504=CARTESIAN_POINT('',(-7.02919469387216,-6.80246071338556,0.54));
#16505=CARTESIAN_POINT('',(-6.99183620330612,-6.76579404671889,0.54));
#16506=CARTESIAN_POINT('',(-6.95831470705499,-6.73289331891685,0.54));
#16507=CARTESIAN_POINT('',(-6.91850286997279,-6.70906448697046,0.54));
#16508=CARTESIAN_POINT('',(-6.87422614041304,-6.69246071338556,0.54));
#16509=CARTESIAN_POINT('',(-6.82957032926459,-6.67571478420489,0.54));
#16510=CARTESIAN_POINT('',(-6.7746034989036,-6.66893870080694,0.54));
#16511=CARTESIAN_POINT('',(-6.70957205236272,-6.66893870080694,0.54));
#16512=CARTESIAN_POINT('',(-7.09215066871492,-7.74749215992646,0.54));
#16513=CARTESIAN_POINT('',(-6.70957205236272,-6.66893870080694,0.54));
#16514=CARTESIAN_POINT('',(-6.95240224104197,-7.74749215992646,0.54));
#16515=CARTESIAN_POINT('',(-6.99898505026629,-7.74749215992646,0.54));
#16516=CARTESIAN_POINT('',(-7.04556785949061,-7.74749215992646,0.54));
#16517=CARTESIAN_POINT('',(-7.09215066871492,-7.74749215992646,0.54));
#16518=CARTESIAN_POINT('',(-6.95240224104197,-7.74749215992646,0.54));
#16519=CARTESIAN_POINT('',(-6.46743368758285,-7.74749215992646,0.54));
#16520=CARTESIAN_POINT('',(-6.46743368758285,-7.52795337585935,0.54));
#16521=CARTESIAN_POINT('',(-6.46743368758285,-7.30841459179226,0.54));
#16522=CARTESIAN_POINT('',(-6.46743368758285,-7.08887580772518,0.54));
#16523=CARTESIAN_POINT('',(-6.46743368758285,-7.03975631086983,0.54));
#16524=CARTESIAN_POINT('',(-6.4708928070797,-6.99893870080694,0.54));
#16525=CARTESIAN_POINT('',(-6.47711922217404,-6.96573115363713,0.54));
#16526=CARTESIAN_POINT('',(-6.48347094876714,-6.93185527847396,0.54));
#16527=CARTESIAN_POINT('',(-6.49510664355769,-6.90208335489499,0.54));
#16528=CARTESIAN_POINT('',(-6.51309406494134,-6.87579404671889,0.54));
#16529=CARTESIAN_POINT('',(-6.53248993535786,-6.84744623611013,0.54));
#16530=CARTESIAN_POINT('',(-6.55806261840046,-6.82598272596417,0.54));
#16531=CARTESIAN_POINT('',(-6.5905783416709,-6.81145442407738,0.54));
#16532=CARTESIAN_POINT('',(-6.62335173671065,-6.79681099225111,0.54));
#16533=CARTESIAN_POINT('',(-6.66252802720549,-6.78931605929751,0.54));
#16534=CARTESIAN_POINT('',(-6.75384878192247,-6.78931605929751,0.54));
#16535=CARTESIAN_POINT('',(-6.79328274418662,-6.79623429829122,0.54));
#16536=CARTESIAN_POINT('',(-6.8271821152558,-6.81145442407738,0.54));
#16537=CARTESIAN_POINT('',(-6.86082298158893,-6.82655848651266,0.54));
#16538=CARTESIAN_POINT('',(-6.88806261840046,-6.84742926684468,0.54));
#16539=CARTESIAN_POINT('',(-6.90674186368348,-6.87579404671889,0.54));
#16540=CARTESIAN_POINT('',(-6.92457628003046,-6.90287593820875,0.54));
#16541=CARTESIAN_POINT('',(-6.93649029135643,-6.93252360646732,0.54));
#16542=CARTESIAN_POINT('',(-6.94271670645077,-6.96503932973776,0.54));
#16543=CARTESIAN_POINT('',(-6.94896759217212,-6.99768284406035,0.54));
#16544=CARTESIAN_POINT('',(-6.95240224104197,-7.03768083917172,0.54));
#16545=CARTESIAN_POINT('',(-6.95240224104197,-7.08472486432895,0.54));
#16546=CARTESIAN_POINT('',(-6.95240224104197,-7.30564729619478,0.54));
#16547=CARTESIAN_POINT('',(-6.95240224104197,-7.52656972806061,0.54));
#16548=CARTESIAN_POINT('',(-6.95240224104197,-7.74749215992646,0.54));
#16549=CARTESIAN_POINT('',(-6.46743368758285,-7.74749215992646,0.54));
#16550=CARTESIAN_POINT('',(-6.32768525990989,-7.74749215992646,0.54));
#16551=CARTESIAN_POINT('',(-6.37426806913421,-7.74749215992646,0.54));
#16552=CARTESIAN_POINT('',(-6.42085087835853,-7.74749215992646,0.54));
#16553=CARTESIAN_POINT('',(-6.46743368758285,-7.74749215992646,0.54));
#16554=CARTESIAN_POINT('',(-6.32768525990989,-7.74749215992646,0.54));
#16555=CARTESIAN_POINT('',(-6.70957205236272,-6.66893870080694,0.54));
#16556=CARTESIAN_POINT('',(-6.6479997253187,-6.66893870080694,0.54));
#16557=CARTESIAN_POINT('',(-6.59334563726838,-6.67724058759939,0.54));
#16558=CARTESIAN_POINT('',(-6.54699343601052,-6.69315253728493,0.54));
#16559=CARTESIAN_POINT('',(-6.50042877946591,-6.70913741938233,0.54));
#16560=CARTESIAN_POINT('',(-6.46120727248851,-6.73397014734782,0.54));
#16561=CARTESIAN_POINT('',(-6.42869154921807,-6.76579404671889,0.54));
#16562=CARTESIAN_POINT('',(-6.39128155176288,-6.80240808678142,0.54));
#16563=CARTESIAN_POINT('',(-6.3657355743753,-6.8467374429453,0.54));
#16564=CARTESIAN_POINT('',(-6.33529532280297,-6.94912738005222,0.54));
#16565=CARTESIAN_POINT('',(-6.32768525990989,-7.01277517879436,0.54));
#16566=CARTESIAN_POINT('',(-6.32768525990989,-7.08818398382581,0.54));
#16567=CARTESIAN_POINT('',(-6.32768525990989,-7.30795337585935,0.54));
#16568=CARTESIAN_POINT('',(-6.32768525990989,-7.52772276789289,0.54));
#16569=CARTESIAN_POINT('',(-6.32768525990989,-7.74749215992646,0.54));
#16570=CARTESIAN_POINT('',(-6.70957205236272,-6.66893870080694,0.54));
#16571=CARTESIAN_POINT('',(-6.70957205236272,-6.66893870080694,0.55));
#16572=CARTESIAN_POINT('',(-6.58726629108137,-6.66893870080694,0.54));
#16573=CARTESIAN_POINT('',(-6.58726629108137,-6.66893870080694,0.55));
#16574=CARTESIAN_POINT('',(-6.42565565019671,-6.73333393582098,0.54));
#16575=CARTESIAN_POINT('',(-6.42565565019671,-6.73333393582098,0.55));
#16576=CARTESIAN_POINT('',(-6.33840919286937,-6.89675779262721,0.54));
#16577=CARTESIAN_POINT('',(-6.33840919286937,-6.89675779262721,0.55));
#16578=CARTESIAN_POINT('',(-6.32147666714388,-7.16403889446624,0.54));
#16579=CARTESIAN_POINT('',(-6.32147666714388,-7.16403889446624,0.55));
#16580=CARTESIAN_POINT('',(-6.32994293000662,-7.41303425421048,0.54));
#16581=CARTESIAN_POINT('',(-6.32994293000662,-7.41303425421048,0.55));
#16582=CARTESIAN_POINT('',(-6.32768525990989,-7.63816761402251,0.54));
#16583=CARTESIAN_POINT('',(-6.32768525990989,-7.63816761402251,0.55));
#16584=CARTESIAN_POINT('',(-6.32768525990989,-7.74749215992646,0.54));
#16585=CARTESIAN_POINT('',(-6.32768525990989,-7.74749215992646,0.55));
#16586=CARTESIAN_POINT('',(-6.70957205236272,-6.66893870080694,0.54));
#16587=CARTESIAN_POINT('',(-6.32768525990989,-7.74749215992646,0.54));
#16588=CARTESIAN_POINT('',(-6.32768525990989,-7.74749215992646,0.54));
#16589=CARTESIAN_POINT('',(-6.46743368758285,-7.74749215992646,0.54));
#16590=CARTESIAN_POINT('',(-6.46743368758285,-7.74749215992646,0.54));
#16591=CARTESIAN_POINT('',(-6.46743368758285,-7.74749215992646,0.55));
#16592=CARTESIAN_POINT('',(-6.46743368758285,-7.65549022277028,0.54));
#16593=CARTESIAN_POINT('',(-6.46743368758285,-7.65549022277028,0.55));
#16594=CARTESIAN_POINT('',(-6.46530779565029,-7.46975500553558,0.54));
#16595=CARTESIAN_POINT('',(-6.46530779565029,-7.46975500553558,0.55));
#16596=CARTESIAN_POINT('',(-6.4748743093468,-7.20154023721761,0.54));
#16597=CARTESIAN_POINT('',(-6.4748743093468,-7.20154023721761,0.55));
#16598=CARTESIAN_POINT('',(-6.43979709245958,-6.8969672675304,0.54));
#16599=CARTESIAN_POINT('',(-6.43979709245958,-6.8969672675304,0.55));
#16600=CARTESIAN_POINT('',(-6.70372911203301,-6.73519242678579,0.54));
#16601=CARTESIAN_POINT('',(-6.70372911203301,-6.73519242678579,0.55));
#16602=CARTESIAN_POINT('',(-6.98356216750326,-6.89822892706031,0.54));
#16603=CARTESIAN_POINT('',(-6.98356216750326,-6.89822892706031,0.55));
#16604=CARTESIAN_POINT('',(-6.94401303007162,-7.2011649775826,0.54));
#16605=CARTESIAN_POINT('',(-6.94401303007162,-7.2011649775826,0.55));
#16606=CARTESIAN_POINT('',(-6.95479915846207,-7.46984230775651,0.54));
#16607=CARTESIAN_POINT('',(-6.95479915846207,-7.46984230775651,0.55));
#16608=CARTESIAN_POINT('',(-6.95240224104197,-7.65548599841502,0.54));
#16609=CARTESIAN_POINT('',(-6.95240224104197,-7.65548599841502,0.55));
#16610=CARTESIAN_POINT('',(-6.95240224104197,-7.74749215992646,0.54));
#16611=CARTESIAN_POINT('',(-6.95240224104197,-7.74749215992646,0.55));
#16612=CARTESIAN_POINT('',(-6.95240224104197,-7.74749215992646,0.54));
#16613=CARTESIAN_POINT('',(-6.95240224104197,-7.74749215992646,0.54));
#16614=CARTESIAN_POINT('',(-7.09215066871492,-7.74749215992646,0.54));
#16615=CARTESIAN_POINT('',(-7.09215066871492,-7.74749215992646,0.54));
#16616=CARTESIAN_POINT('',(-7.09215066871492,-7.74749215992646,0.55));
#16617=CARTESIAN_POINT('',(-7.09215066871492,-7.6380429248255,0.54));
#16618=CARTESIAN_POINT('',(-7.09215066871492,-7.6380429248255,0.55));
#16619=CARTESIAN_POINT('',(-7.09013816619389,-7.41784148319996,0.54));
#16620=CARTESIAN_POINT('',(-7.09013816619389,-7.41784148319996,0.55));
#16621=CARTESIAN_POINT('',(-7.09919442753855,-7.09535714930355,0.54));
#16622=CARTESIAN_POINT('',(-7.09919442753855,-7.09535714930355,0.55));
#16623=CARTESIAN_POINT('',(-7.0715225178743,-6.80381820447604,0.54));
#16624=CARTESIAN_POINT('',(-7.0715225178743,-6.80381820447604,0.55));
#16625=CARTESIAN_POINT('',(-6.87119576790453,-6.67816081997142,0.54));
#16626=CARTESIAN_POINT('',(-6.87119576790453,-6.67816081997142,0.55));
#16627=CARTESIAN_POINT('',(-6.77342811518607,-6.66893870080694,0.54));
#16628=CARTESIAN_POINT('',(-6.77342811518607,-6.66893870080694,0.55));
#16629=CARTESIAN_POINT('',(-6.70957205236272,-6.66893870080694,0.54));
#16630=CARTESIAN_POINT('',(-6.70957205236272,-6.66893870080694,0.55));
#16631=CARTESIAN_POINT('',(-5.3774166759313,-6.81170427535904,0.54));
#16632=CARTESIAN_POINT('',(-6.03850286997279,-7.21824687690757,0.54));
#16633=CARTESIAN_POINT('',(-6.03850286997279,-7.28812109074405,0.54));
#16634=CARTESIAN_POINT('',(-6.03158463097907,-7.35038524168744,0.54));
#16635=CARTESIAN_POINT('',(-6.00114437940675,-7.45830976998933,0.54));
#16636=CARTESIAN_POINT('',(-5.97969783852624,-7.50327832344845,0.54));
#16637=CARTESIAN_POINT('',(-5.9520248825514,-7.53856134231637,0.54));
#16638=CARTESIAN_POINT('',(-5.92368002904992,-7.57470103053077,0.54));
#16639=CARTESIAN_POINT('',(-5.89045255550738,-7.60220914105851,0.54));
#16640=CARTESIAN_POINT('',(-5.85101859324323,-7.62088838634153,0.54));
#16641=CARTESIAN_POINT('',(-5.81185228230666,-7.63944084941675,0.54));
#16642=CARTESIAN_POINT('',(-5.76730790141933,-7.647869518417,0.54));
#16643=CARTESIAN_POINT('',(-5.66699343601052,-7.647869518417,0.54));
#16644=CARTESIAN_POINT('',(-5.62271670645077,-7.63887580772518,0.54));
#16645=CARTESIAN_POINT('',(-5.58397456808599,-7.6215802102409,0.54));
#16646=CARTESIAN_POINT('',(-5.54612861851083,-7.6046846970377,0.54));
#16647=CARTESIAN_POINT('',(-5.51271670645077,-7.57591983288241,0.54));
#16648=CARTESIAN_POINT('',(-5.48296827877782,-7.53856134231637,0.54));
#16649=CARTESIAN_POINT('',(-5.45469946859877,-7.50306097604501,0.54));
#16650=CARTESIAN_POINT('',(-5.43384878192247,-7.45761794608996,0.54));
#16651=CARTESIAN_POINT('',(-5.41932048003568,-7.40296385803965,0.54));
#16652=CARTESIAN_POINT('',(-5.40474651901395,-7.3481380046722,0.54));
#16653=CARTESIAN_POINT('',(-5.39649029135643,-7.2867374429453,0.54));
#16654=CARTESIAN_POINT('',(-5.39649029135643,-7.07988209703336,0.54));
#16655=CARTESIAN_POINT('',(-5.42554689513002,-6.97334121653021,0.54));
#16656=CARTESIAN_POINT('',(-5.48366010267719,-6.90000788319688,0.54));
#16657=CARTESIAN_POINT('',(-5.54237693527542,-6.82591283253721,0.54));
#16658=CARTESIAN_POINT('',(-5.61994941085329,-6.78931605929751,0.54));
#16659=CARTESIAN_POINT('',(-5.8157355743753,-6.78931605929751,0.54));
#16660=CARTESIAN_POINT('',(-5.89391167500423,-6.82598272596417,0.54));
#16661=CARTESIAN_POINT('',(-5.9520248825514,-6.90000788319688,0.54));
#16662=CARTESIAN_POINT('',(-6.00980206668827,-6.97360501060932,0.54));
#16663=CARTESIAN_POINT('',(-6.03850286997279,-7.07988209703336,0.54));
#16664=CARTESIAN_POINT('',(-6.03850286997279,-7.21824687690757,0.54));
#16665=CARTESIAN_POINT('',(-6.03850286997279,-7.21824687690757,0.54));
#16666=CARTESIAN_POINT('',(-6.05787393915518,-7.62573115363713,0.54));
#16667=CARTESIAN_POINT('',(-6.09893823247895,-7.57890345072405,0.54));
#16668=CARTESIAN_POINT('',(-6.12982362468977,-7.5212657448321,0.54));
#16669=CARTESIAN_POINT('',(-6.17410035424952,-7.38428461275663,0.54));
#16670=CARTESIAN_POINT('',(-6.18516953663945,-7.3061085121277,0.54));
#16671=CARTESIAN_POINT('',(-6.18516953663945,-7.13246071338556,0.54));
#16672=CARTESIAN_POINT('',(-6.17479217814889,-7.05566826055537,0.54));
#16673=CARTESIAN_POINT('',(-6.15265381336901,-6.98648587061826,0.54));
#16674=CARTESIAN_POINT('',(-6.13057971089619,-6.9175043003907,0.54));
#16675=CARTESIAN_POINT('',(-6.09938337311744,-6.85919027313398,0.54));
#16676=CARTESIAN_POINT('',(-6.05787393915518,-6.81283807187612,0.54));
#16677=CARTESIAN_POINT('',(-6.01437344815529,-6.76426252359291,0.54));
#16678=CARTESIAN_POINT('',(-5.96516953663945,-6.72705190835411,0.54));
#16679=CARTESIAN_POINT('',(-5.90705632909228,-6.70352989577549,0.54));
#16680=CARTESIAN_POINT('',(-5.84977816276413,-6.68034587607124,0.54));
#16681=CARTESIAN_POINT('',(-5.78667897060172,-6.66893870080694,0.54));
#16682=CARTESIAN_POINT('',(-5.64623871902939,-6.66893870080694,0.54));
#16683=CARTESIAN_POINT('',(-5.58189909638788,-6.68069970709625,0.54));
#16684=CARTESIAN_POINT('',(-5.46705632909228,-6.72912738005222,0.54));
#16685=CARTESIAN_POINT('',(-5.41793683223694,-6.76510222281952,0.54));
#16686=CARTESIAN_POINT('',(-5.37642739827467,-6.81283807187612,0.54));
#16687=CARTESIAN_POINT('',(-5.3359009649014,-6.85944347025539,0.54));
#16688=CARTESIAN_POINT('',(-5.30447771274008,-6.91730348068115,0.54));
#16689=CARTESIAN_POINT('',(-5.28303117185958,-6.98579404671889,0.54));
#16690=CARTESIAN_POINT('',(-5.26152285410049,-7.05448190020758,0.54));
#16691=CARTESIAN_POINT('',(-5.25051544858914,-7.13176888948619,0.54));
#16692=CARTESIAN_POINT('',(-5.25051544858914,-7.30749215992644,0.54));
#16693=CARTESIAN_POINT('',(-5.2608928070797,-7.384976436656,0.54));
#16694=CARTESIAN_POINT('',(-5.30516953663945,-7.51919027313398,0.54));
#16695=CARTESIAN_POINT('',(-5.33630161211115,-7.57730348068115,0.54));
#16696=CARTESIAN_POINT('',(-5.37711922217404,-7.62573115363713,0.54));
#16697=CARTESIAN_POINT('',(-5.41691407861407,-7.67294539009141,0.54));
#16698=CARTESIAN_POINT('',(-5.46705632909228,-7.70736637376293,0.54));
#16699=CARTESIAN_POINT('',(-5.52447771274008,-7.7322720341403,0.54));
#16700=CARTESIAN_POINT('',(-5.581646540516,-7.75706815221178,0.54));
#16701=CARTESIAN_POINT('',(-5.64623871902939,-7.76824687690759,0.54));
#16702=CARTESIAN_POINT('',(-5.71749658066461,-7.76893870080696,0.54));
#16703=CARTESIAN_POINT('',(-5.78943276878665,-7.76963711040038,0.54));
#16704=CARTESIAN_POINT('',(-5.85447771274008,-7.75579404671891,0.54));
#16705=CARTESIAN_POINT('',(-5.91189909638788,-7.73088838634155,0.54));
#16706=CARTESIAN_POINT('',(-5.96990276162918,-7.70573017009231,0.54));
#16707=CARTESIAN_POINT('',(-6.01843997689102,-7.67069970709625,0.54));
#16708=CARTESIAN_POINT('',(-6.05787393915518,-7.62573115363713,0.54));
#16709=CARTESIAN_POINT('',(-6.05787393915518,-7.62573115363713,0.54));
#16710=CARTESIAN_POINT('',(-5.90578586061101,-7.75150621032926,0.54));
#16711=CARTESIAN_POINT('',(-5.90578586061101,-7.75150621032926,0.55));
#16712=CARTESIAN_POINT('',(-6.1070616043384,-7.60307989450458,0.54));
#16713=CARTESIAN_POINT('',(-6.1070616043384,-7.60307989450458,0.55));
#16714=CARTESIAN_POINT('',(-6.18992992635001,-7.3853142962955,0.54));
#16715=CARTESIAN_POINT('',(-6.18992992635001,-7.3853142962955,0.55));
#16716=CARTESIAN_POINT('',(-6.18859050753522,-7.03844160076231,0.54));
#16717=CARTESIAN_POINT('',(-6.18859050753522,-7.03844160076231,0.55));
#16718=CARTESIAN_POINT('',(-6.08480017517023,-6.81979753731753,0.54));
#16719=CARTESIAN_POINT('',(-6.08480017517023,-6.81979753731753,0.55));
#16720=CARTESIAN_POINT('',(-5.823133119199,-6.61718581876884,0.54));
#16721=CARTESIAN_POINT('',(-5.823133119199,-6.61718581876884,0.55));
#16722=CARTESIAN_POINT('',(-5.43809439532763,-6.68122793031275,0.54));
#16723=CARTESIAN_POINT('',(-5.43809439532763,-6.68122793031275,0.55));
#16724=CARTESIAN_POINT('',(-5.2564613259476,-6.99497931912739,0.54));
#16725=CARTESIAN_POINT('',(-5.2564613259476,-6.99497931912739,0.55));
#16726=CARTESIAN_POINT('',(-5.23777214398734,-7.3435490058429,0.54));
#16727=CARTESIAN_POINT('',(-5.23777214398734,-7.3435490058429,0.55));
#16728=CARTESIAN_POINT('',(-5.31529205690941,-7.58189583344769,0.54));
#16729=CARTESIAN_POINT('',(-5.31529205690941,-7.58189583344769,0.55));
#16730=CARTESIAN_POINT('',(-5.504177695098,-7.74270573360843,0.540000000000001));
#16731=CARTESIAN_POINT('',(-5.504177695098,-7.74270573360843,0.550000000000001));
#16732=CARTESIAN_POINT('',(-5.70630793440789,-7.77953423277814,0.54));
#16733=CARTESIAN_POINT('',(-5.70630793440789,-7.77953423277814,0.55));
#16734=CARTESIAN_POINT('',(-5.90578586061101,-7.75150621032926,0.54));
#16735=CARTESIAN_POINT('',(-5.90578586061101,-7.75150621032926,0.55));
#16736=CARTESIAN_POINT('',(-6.1070616043384,-7.60307989450458,0.54));
#16737=CARTESIAN_POINT('',(-6.1070616043384,-7.60307989450458,0.55));
#16738=CARTESIAN_POINT('',(-6.18992992635001,-7.3853142962955,0.54));
#16739=CARTESIAN_POINT('',(-6.18992992635001,-7.3853142962955,0.55));
#16740=CARTESIAN_POINT('',(-5.99987836112335,-6.86857423708679,0.54));
#16741=CARTESIAN_POINT('',(-5.99987836112335,-6.86857423708679,0.55));
#16742=CARTESIAN_POINT('',(-6.05220340239142,-7.13305917774012,0.54));
#16743=CARTESIAN_POINT('',(-6.05220340239142,-7.13305917774012,0.55));
#16744=CARTESIAN_POINT('',(-6.02385078446729,-7.40835327716175,0.54));
#16745=CARTESIAN_POINT('',(-6.02385078446729,-7.40835327716175,0.55));
#16746=CARTESIAN_POINT('',(-5.974418040721,-7.52396092241263,0.54));
#16747=CARTESIAN_POINT('',(-5.974418040721,-7.52396092241263,0.55));
#16748=CARTESIAN_POINT('',(-5.83221843403473,-7.65879568552255,0.54));
#16749=CARTESIAN_POINT('',(-5.83221843403473,-7.65879568552255,0.55));
#16750=CARTESIAN_POINT('',(-5.62491404844937,-7.66331850416784,0.54));
#16751=CARTESIAN_POINT('',(-5.62491404844937,-7.66331850416784,0.55));
#16752=CARTESIAN_POINT('',(-5.47648182954809,-7.54846243227542,0.54));
#16753=CARTESIAN_POINT('',(-5.47648182954809,-7.54846243227542,0.55));
#16754=CARTESIAN_POINT('',(-5.4004751207621,-7.38697759354787,0.54));
#16755=CARTESIAN_POINT('',(-5.4004751207621,-7.38697759354787,0.55));
#16756=CARTESIAN_POINT('',(-5.38880095710756,-7.12311586008677,0.54));
#16757=CARTESIAN_POINT('',(-5.38880095710756,-7.12311586008677,0.55));
#16758=CARTESIAN_POINT('',(-5.44419748802085,-6.90193793852936,0.54));
#16759=CARTESIAN_POINT('',(-5.44419748802085,-6.90193793852936,0.55));
#16760=CARTESIAN_POINT('',(-5.68059241568403,-6.74565068118336,0.54));
#16761=CARTESIAN_POINT('',(-5.68059241568403,-6.74565068118336,0.55));
#16762=CARTESIAN_POINT('',(-5.99987836112335,-6.86857423708679,0.54));
#16763=CARTESIAN_POINT('',(-5.99987836112335,-6.86857423708679,0.55));
#16764=CARTESIAN_POINT('',(-6.05220340239142,-7.13305917774012,0.54));
#16765=CARTESIAN_POINT('',(-6.05220340239142,-7.13305917774012,0.55));
#16766=CARTESIAN_POINT('',(-6.02385078446729,-7.40835327716175,0.54));
#16767=CARTESIAN_POINT('',(-6.02385078446729,-7.40835327716175,0.55));
#16768=CARTESIAN_POINT('',(-6.03850286997279,-7.21824687690757,0.55));
#16769=CARTESIAN_POINT('',(-6.03850286997279,-7.28812109074405,0.55));
#16770=CARTESIAN_POINT('',(-6.03158463097907,-7.35038524168744,0.55));
#16771=CARTESIAN_POINT('',(-6.00114437940675,-7.45830976998933,0.55));
#16772=CARTESIAN_POINT('',(-5.97969783852624,-7.50327832344845,0.55));
#16773=CARTESIAN_POINT('',(-5.9520248825514,-7.53856134231637,0.55));
#16774=CARTESIAN_POINT('',(-5.92368002904992,-7.57470103053077,0.55));
#16775=CARTESIAN_POINT('',(-5.89045255550738,-7.60220914105851,0.55));
#16776=CARTESIAN_POINT('',(-5.85101859324323,-7.62088838634153,0.55));
#16777=CARTESIAN_POINT('',(-5.81185228230666,-7.63944084941675,0.55));
#16778=CARTESIAN_POINT('',(-5.76730790141933,-7.647869518417,0.55));
#16779=CARTESIAN_POINT('',(-5.66699343601052,-7.647869518417,0.55));
#16780=CARTESIAN_POINT('',(-5.62271670645077,-7.63887580772518,0.55));
#16781=CARTESIAN_POINT('',(-5.58397456808599,-7.6215802102409,0.55));
#16782=CARTESIAN_POINT('',(-5.54612861851083,-7.6046846970377,0.55));
#16783=CARTESIAN_POINT('',(-5.51271670645077,-7.57591983288241,0.55));
#16784=CARTESIAN_POINT('',(-5.48296827877782,-7.53856134231637,0.55));
#16785=CARTESIAN_POINT('',(-5.45469946859877,-7.50306097604501,0.55));
#16786=CARTESIAN_POINT('',(-5.43384878192247,-7.45761794608996,0.55));
#16787=CARTESIAN_POINT('',(-5.41932048003568,-7.40296385803965,0.55));
#16788=CARTESIAN_POINT('',(-5.40474651901395,-7.3481380046722,0.55));
#16789=CARTESIAN_POINT('',(-5.39649029135643,-7.2867374429453,0.55));
#16790=CARTESIAN_POINT('',(-5.39649029135643,-7.07988209703336,0.55));
#16791=CARTESIAN_POINT('',(-5.42554689513002,-6.97334121653021,0.55));
#16792=CARTESIAN_POINT('',(-5.48366010267719,-6.90000788319688,0.55));
#16793=CARTESIAN_POINT('',(-5.54237693527542,-6.82591283253721,0.55));
#16794=CARTESIAN_POINT('',(-5.61994941085329,-6.78931605929751,0.55));
#16795=CARTESIAN_POINT('',(-5.8157355743753,-6.78931605929751,0.55));
#16796=CARTESIAN_POINT('',(-5.89391167500423,-6.82598272596417,0.55));
#16797=CARTESIAN_POINT('',(-5.9520248825514,-6.90000788319688,0.55));
#16798=CARTESIAN_POINT('',(-6.00980206668827,-6.97360501060932,0.55));
#16799=CARTESIAN_POINT('',(-6.03850286997279,-7.07988209703336,0.55));
#16800=CARTESIAN_POINT('',(-6.03850286997279,-7.21824687690757,0.55));
#16801=CARTESIAN_POINT('',(-6.03850286997279,-7.21824687690757,0.55));
#16802=CARTESIAN_POINT('',(-14.075,4.55000000000003,0.55));
#16803=CARTESIAN_POINT('',(-5.3774166759313,7.82947592506694,0.54));
#16804=CARTESIAN_POINT('',(-6.03850286997279,7.42293332351842,0.54));
#16805=CARTESIAN_POINT('',(-6.03850286997279,7.35305910968194,0.54));
#16806=CARTESIAN_POINT('',(-6.03158463097907,7.29079495873855,0.54));
#16807=CARTESIAN_POINT('',(-6.00114437940675,7.18287043043666,0.54));
#16808=CARTESIAN_POINT('',(-5.97969783852624,7.13790187697754,0.54));
#16809=CARTESIAN_POINT('',(-5.9520248825514,7.10261885810962,0.54));
#16810=CARTESIAN_POINT('',(-5.92368002904992,7.06647916989522,0.54));
#16811=CARTESIAN_POINT('',(-5.89045255550738,7.03897105936748,0.54));
#16812=CARTESIAN_POINT('',(-5.85101859324323,7.02029181408446,0.54));
#16813=CARTESIAN_POINT('',(-5.81185228230666,7.00173935100924,0.54));
#16814=CARTESIAN_POINT('',(-5.76730790141933,6.99331068200899,0.54));
#16815=CARTESIAN_POINT('',(-5.66699343601052,6.99331068200899,0.54));
#16816=CARTESIAN_POINT('',(-5.62271670645077,7.00230439270081,0.54));
#16817=CARTESIAN_POINT('',(-5.58397456808599,7.01959999018509,0.54));
#16818=CARTESIAN_POINT('',(-5.54612861851083,7.03649550338829,0.54));
#16819=CARTESIAN_POINT('',(-5.51271670645077,7.06526036754358,0.54));
#16820=CARTESIAN_POINT('',(-5.48296827877782,7.10261885810962,0.54));
#16821=CARTESIAN_POINT('',(-5.45469946859877,7.13811922438097,0.54));
#16822=CARTESIAN_POINT('',(-5.43384878192247,7.18356225433603,0.54));
#16823=CARTESIAN_POINT('',(-5.41932048003568,7.23821634238635,0.54));
#16824=CARTESIAN_POINT('',(-5.40474651901395,7.29304219575379,0.54));
#16825=CARTESIAN_POINT('',(-5.39649029135643,7.35444275748068,0.54));
#16826=CARTESIAN_POINT('',(-5.39649029135643,7.56129810339263,0.54));
#16827=CARTESIAN_POINT('',(-5.42554689513002,7.66783898389577,0.54));
#16828=CARTESIAN_POINT('',(-5.48366010267719,7.7411723172291,0.54));
#16829=CARTESIAN_POINT('',(-5.54237693527542,7.81526736788877,0.54));
#16830=CARTESIAN_POINT('',(-5.61994941085329,7.85186414112847,0.54));
#16831=CARTESIAN_POINT('',(-5.8157355743753,7.85186414112847,0.54));
#16832=CARTESIAN_POINT('',(-5.89391167500423,7.81519747446181,0.54));
#16833=CARTESIAN_POINT('',(-5.9520248825514,7.7411723172291,0.54));
#16834=CARTESIAN_POINT('',(-6.00980206668827,7.66757518981666,0.54));
#16835=CARTESIAN_POINT('',(-6.03850286997279,7.56129810339263,0.54));
#16836=CARTESIAN_POINT('',(-6.03850286997279,7.42293332351842,0.54));
#16837=CARTESIAN_POINT('',(-6.03850286997279,7.42293332351842,0.54));
#16838=CARTESIAN_POINT('',(-6.05787393915518,7.01544904678886,0.54));
#16839=CARTESIAN_POINT('',(-6.09893823247895,7.06227674970194,0.54));
#16840=CARTESIAN_POINT('',(-6.12982362468977,7.11991445559389,0.54));
#16841=CARTESIAN_POINT('',(-6.17410035424952,7.25689558766936,0.54));
#16842=CARTESIAN_POINT('',(-6.18516953663945,7.33507168829829,0.54));
#16843=CARTESIAN_POINT('',(-6.18516953663945,7.50871948704043,0.54));
#16844=CARTESIAN_POINT('',(-6.17479217814889,7.58551193987061,0.54));
#16845=CARTESIAN_POINT('',(-6.15265381336901,7.65469432980772,0.54));
#16846=CARTESIAN_POINT('',(-6.13057971089619,7.72367590003528,0.54));
#16847=CARTESIAN_POINT('',(-6.09938337311744,7.78198992729199,0.54));
#16848=CARTESIAN_POINT('',(-6.05787393915518,7.82834212854986,0.54));
#16849=CARTESIAN_POINT('',(-6.01437344815529,7.87691767683307,0.54));
#16850=CARTESIAN_POINT('',(-5.96516953663945,7.91412829207187,0.54));
#16851=CARTESIAN_POINT('',(-5.90705632909228,7.93765030465048,0.54));
#16852=CARTESIAN_POINT('',(-5.84977816276413,7.96083432435473,0.54));
#16853=CARTESIAN_POINT('',(-5.78667897060172,7.97224149961904,0.54));
#16854=CARTESIAN_POINT('',(-5.64623871902939,7.97224149961904,0.54));
#16855=CARTESIAN_POINT('',(-5.58189909638788,7.96048049332973,0.54));
#16856=CARTESIAN_POINT('',(-5.46705632909228,7.91205282037375,0.54));
#16857=CARTESIAN_POINT('',(-5.41793683223694,7.87607797760646,0.54));
#16858=CARTESIAN_POINT('',(-5.37642739827467,7.82834212854986,0.54));
#16859=CARTESIAN_POINT('',(-5.3359009649014,7.78173673017059,0.54));
#16860=CARTESIAN_POINT('',(-5.30447771274008,7.72387671974482,0.54));
#16861=CARTESIAN_POINT('',(-5.28303117185958,7.65538615370709,0.54));
#16862=CARTESIAN_POINT('',(-5.26152285410049,7.5866983002184,0.54));
#16863=CARTESIAN_POINT('',(-5.25051544858914,7.5094113109398,0.54));
#16864=CARTESIAN_POINT('',(-5.25051544858914,7.33368804049955,0.54));
#16865=CARTESIAN_POINT('',(-5.2608928070797,7.25620376376999,0.54));
#16866=CARTESIAN_POINT('',(-5.30516953663945,7.12198992729201,0.54));
#16867=CARTESIAN_POINT('',(-5.33630161211115,7.06387671974484,0.54));
#16868=CARTESIAN_POINT('',(-5.37711922217404,7.01544904678886,0.54));
#16869=CARTESIAN_POINT('',(-5.41691407861407,6.96823481033459,0.54));
#16870=CARTESIAN_POINT('',(-5.46705632909228,6.93381382666307,0.54));
#16871=CARTESIAN_POINT('',(-5.52447771274008,6.90890816628572,0.54));
#16872=CARTESIAN_POINT('',(-5.581646540516,6.88411204821423,0.54));
#16873=CARTESIAN_POINT('',(-5.64623871902939,6.87293332351842,0.54));
#16874=CARTESIAN_POINT('',(-5.71749658066461,6.87224149961905,0.54));
#16875=CARTESIAN_POINT('',(-5.78943276878665,6.87154309002563,0.54));
#16876=CARTESIAN_POINT('',(-5.85447771274008,6.8853861537071,0.54));
#16877=CARTESIAN_POINT('',(-5.91189909638788,6.91029181408446,0.54));
#16878=CARTESIAN_POINT('',(-5.96990276162918,6.9354500303337,0.54));
#16879=CARTESIAN_POINT('',(-6.01843997689102,6.97048049332974,0.54));
#16880=CARTESIAN_POINT('',(-6.05787393915518,7.01544904678886,0.54));
#16881=CARTESIAN_POINT('',(-6.05787393915518,7.01544904678886,0.54));
#16882=CARTESIAN_POINT('',(-5.905785860611,6.88967399009676,0.54));
#16883=CARTESIAN_POINT('',(-5.905785860611,6.88967399009676,0.55));
#16884=CARTESIAN_POINT('',(-6.1070616043384,7.03810030592139,0.54));
#16885=CARTESIAN_POINT('',(-6.1070616043384,7.03810030592139,0.55));
#16886=CARTESIAN_POINT('',(-6.18992992635,7.2558659041305,0.54));
#16887=CARTESIAN_POINT('',(-6.18992992635,7.2558659041305,0.55));
#16888=CARTESIAN_POINT('',(-6.18859050753522,7.60273859966366,0.54));
#16889=CARTESIAN_POINT('',(-6.18859050753522,7.60273859966366,0.55));
#16890=CARTESIAN_POINT('',(-6.08480017517023,7.82138266310845,0.54));
#16891=CARTESIAN_POINT('',(-6.08480017517023,7.82138266310845,0.55));
#16892=CARTESIAN_POINT('',(-5.823133119199,8.02399438165714,0.54));
#16893=CARTESIAN_POINT('',(-5.823133119199,8.02399438165714,0.55));
#16894=CARTESIAN_POINT('',(-5.43809439532763,7.95995227011323,0.54));
#16895=CARTESIAN_POINT('',(-5.43809439532763,7.95995227011323,0.55));
#16896=CARTESIAN_POINT('',(-5.2564613259476,7.64620088129858,0.54));
#16897=CARTESIAN_POINT('',(-5.2564613259476,7.64620088129858,0.55));
#16898=CARTESIAN_POINT('',(-5.23777214398734,7.2976311945831,0.54));
#16899=CARTESIAN_POINT('',(-5.23777214398734,7.2976311945831,0.55));
#16900=CARTESIAN_POINT('',(-5.31529205690942,7.05928436697829,0.54));
#16901=CARTESIAN_POINT('',(-5.31529205690942,7.05928436697829,0.55));
#16902=CARTESIAN_POINT('',(-5.504177695098,6.89847446681759,0.54));
#16903=CARTESIAN_POINT('',(-5.504177695098,6.89847446681759,0.55));
#16904=CARTESIAN_POINT('',(-5.7063079344079,6.86164596764788,0.54));
#16905=CARTESIAN_POINT('',(-5.7063079344079,6.86164596764788,0.55));
#16906=CARTESIAN_POINT('',(-5.905785860611,6.88967399009676,0.54));
#16907=CARTESIAN_POINT('',(-5.905785860611,6.88967399009676,0.55));
#16908=CARTESIAN_POINT('',(-6.1070616043384,7.03810030592139,0.54));
#16909=CARTESIAN_POINT('',(-6.1070616043384,7.03810030592139,0.55));
#16910=CARTESIAN_POINT('',(-6.18992992635,7.2558659041305,0.54));
#16911=CARTESIAN_POINT('',(-6.18992992635,7.2558659041305,0.55));
#16912=CARTESIAN_POINT('',(-5.99987836112335,7.77260596333919,0.54));
#16913=CARTESIAN_POINT('',(-5.99987836112335,7.77260596333919,0.55));
#16914=CARTESIAN_POINT('',(-6.05220340239142,7.50812102268587,0.54));
#16915=CARTESIAN_POINT('',(-6.05220340239142,7.50812102268587,0.55));
#16916=CARTESIAN_POINT('',(-6.02385078446729,7.23282692326424,0.54));
#16917=CARTESIAN_POINT('',(-6.02385078446729,7.23282692326424,0.55));
#16918=CARTESIAN_POINT('',(-5.974418040721,7.11721927801336,0.54));
#16919=CARTESIAN_POINT('',(-5.974418040721,7.11721927801336,0.55));
#16920=CARTESIAN_POINT('',(-5.83221843403474,6.98238451490344,0.54));
#16921=CARTESIAN_POINT('',(-5.83221843403474,6.98238451490344,0.55));
#16922=CARTESIAN_POINT('',(-5.62491404844937,6.97786169625815,0.54));
#16923=CARTESIAN_POINT('',(-5.62491404844937,6.97786169625815,0.55));
#16924=CARTESIAN_POINT('',(-5.47648182954809,7.09271776815057,0.54));
#16925=CARTESIAN_POINT('',(-5.47648182954809,7.09271776815057,0.55));
#16926=CARTESIAN_POINT('',(-5.40047512076209,7.25420260687812,0.54));
#16927=CARTESIAN_POINT('',(-5.40047512076209,7.25420260687812,0.55));
#16928=CARTESIAN_POINT('',(-5.38880095710756,7.51806434033922,0.54));
#16929=CARTESIAN_POINT('',(-5.38880095710756,7.51806434033922,0.55));
#16930=CARTESIAN_POINT('',(-5.44419748802085,7.73924226189662,0.54));
#16931=CARTESIAN_POINT('',(-5.44419748802085,7.73924226189662,0.55));
#16932=CARTESIAN_POINT('',(-5.68059241568403,7.89552951924263,0.54));
#16933=CARTESIAN_POINT('',(-5.68059241568403,7.89552951924263,0.55));
#16934=CARTESIAN_POINT('',(-5.99987836112335,7.77260596333919,0.54));
#16935=CARTESIAN_POINT('',(-5.99987836112335,7.77260596333919,0.55));
#16936=CARTESIAN_POINT('',(-6.05220340239142,7.50812102268587,0.54));
#16937=CARTESIAN_POINT('',(-6.05220340239142,7.50812102268587,0.55));
#16938=CARTESIAN_POINT('',(-6.02385078446729,7.23282692326424,0.54));
#16939=CARTESIAN_POINT('',(-6.02385078446729,7.23282692326424,0.55));
#16940=CARTESIAN_POINT('',(-6.03850286997279,7.42293332351842,0.55));
#16941=CARTESIAN_POINT('',(-6.03850286997279,7.35305910968194,0.55));
#16942=CARTESIAN_POINT('',(-6.03158463097907,7.29079495873855,0.55));
#16943=CARTESIAN_POINT('',(-6.00114437940675,7.18287043043666,0.55));
#16944=CARTESIAN_POINT('',(-5.97969783852624,7.13790187697754,0.55));
#16945=CARTESIAN_POINT('',(-5.9520248825514,7.10261885810962,0.55));
#16946=CARTESIAN_POINT('',(-5.92368002904992,7.06647916989522,0.55));
#16947=CARTESIAN_POINT('',(-5.89045255550738,7.03897105936748,0.55));
#16948=CARTESIAN_POINT('',(-5.85101859324323,7.02029181408446,0.55));
#16949=CARTESIAN_POINT('',(-5.81185228230666,7.00173935100924,0.55));
#16950=CARTESIAN_POINT('',(-5.76730790141933,6.99331068200899,0.55));
#16951=CARTESIAN_POINT('',(-5.66699343601052,6.99331068200899,0.55));
#16952=CARTESIAN_POINT('',(-5.62271670645077,7.00230439270081,0.55));
#16953=CARTESIAN_POINT('',(-5.58397456808599,7.01959999018509,0.55));
#16954=CARTESIAN_POINT('',(-5.54612861851083,7.03649550338829,0.55));
#16955=CARTESIAN_POINT('',(-5.51271670645077,7.06526036754358,0.55));
#16956=CARTESIAN_POINT('',(-5.48296827877782,7.10261885810962,0.55));
#16957=CARTESIAN_POINT('',(-5.45469946859877,7.13811922438097,0.55));
#16958=CARTESIAN_POINT('',(-5.43384878192247,7.18356225433603,0.55));
#16959=CARTESIAN_POINT('',(-5.41932048003568,7.23821634238635,0.55));
#16960=CARTESIAN_POINT('',(-5.40474651901395,7.29304219575379,0.55));
#16961=CARTESIAN_POINT('',(-5.39649029135643,7.35444275748068,0.55));
#16962=CARTESIAN_POINT('',(-5.39649029135643,7.56129810339263,0.55));
#16963=CARTESIAN_POINT('',(-5.42554689513002,7.66783898389577,0.55));
#16964=CARTESIAN_POINT('',(-5.48366010267719,7.7411723172291,0.55));
#16965=CARTESIAN_POINT('',(-5.54237693527542,7.81526736788877,0.55));
#16966=CARTESIAN_POINT('',(-5.61994941085329,7.85186414112847,0.55));
#16967=CARTESIAN_POINT('',(-5.8157355743753,7.85186414112847,0.55));
#16968=CARTESIAN_POINT('',(-5.89391167500423,7.81519747446181,0.55));
#16969=CARTESIAN_POINT('',(-5.9520248825514,7.7411723172291,0.55));
#16970=CARTESIAN_POINT('',(-6.00980206668827,7.66757518981666,0.55));
#16971=CARTESIAN_POINT('',(-6.03850286997279,7.56129810339263,0.55));
#16972=CARTESIAN_POINT('',(-6.03850286997279,7.42293332351842,0.55));
#16973=CARTESIAN_POINT('',(-6.03850286997279,7.42293332351842,0.55));
#16974=CARTESIAN_POINT('',(-14.075,4.55000000000003,0.55));
#16975=CARTESIAN_POINT('',(-14.075,4.55000000000003,0.55));
#16976=CARTESIAN_POINT('',(-14.075,4.55000000000003,0.55));
#16977=CARTESIAN_POINT('',(0.,0.,1.45));
#16978=CARTESIAN_POINT('',(2.07500000000001,-7.8,1.45));
#16979=CARTESIAN_POINT('',(2.07500000000001,-7.8,1.45));
#16980=CARTESIAN_POINT('',(2.07500000000001,-6.69999999999999,1.45));
#16981=CARTESIAN_POINT('',(2.07500000000001,-6.69999999999999,1.45));
#16982=CARTESIAN_POINT('',(-0.124999999999995,-6.69999999999999,1.45));
#16983=CARTESIAN_POINT('',(-0.124999999999995,-6.69999999999999,1.45));
#16984=CARTESIAN_POINT('',(-0.124999999999995,-7.8,1.45));
#16985=CARTESIAN_POINT('',(-0.124999999999995,-7.8,1.45));
#16986=CARTESIAN_POINT('',(2.07500000000001,-7.8,1.45));
#16987=CARTESIAN_POINT('',(2.07500000000001,-6.69999999999999,1.45));
#16988=CARTESIAN_POINT('',(2.07500000000001,-7.8,1.45));
#16989=CARTESIAN_POINT('',(2.07500000000001,-6.69999999999999,1.45));
#16990=CARTESIAN_POINT('',(-0.124999999999995,-6.69999999999999,1.45));
#16991=CARTESIAN_POINT('',(-0.124999999999995,-6.69999999999999,1.45));
#16992=CARTESIAN_POINT('',(-0.124999999999995,-7.8,1.45));
#16993=CARTESIAN_POINT('',(-0.124999999999995,-7.8,1.45));
#16994=CARTESIAN_POINT('',(0.,0.,1.45));
#16995=CARTESIAN_POINT('',(7.075,-7.8,1.45));
#16996=CARTESIAN_POINT('',(7.075,-7.8,1.45));
#16997=CARTESIAN_POINT('',(7.075,-6.69999999999999,1.45));
#16998=CARTESIAN_POINT('',(7.075,-6.69999999999999,1.45));
#16999=CARTESIAN_POINT('',(4.87500000000001,-6.69999999999999,1.45));
#17000=CARTESIAN_POINT('',(4.87500000000001,-6.69999999999999,1.45));
#17001=CARTESIAN_POINT('',(4.87500000000001,-7.8,1.45));
#17002=CARTESIAN_POINT('',(4.87500000000001,-7.8,1.45));
#17003=CARTESIAN_POINT('',(7.075,-6.69999999999999,1.45));
#17004=CARTESIAN_POINT('',(4.87500000000001,-6.69999999999999,1.45));
#17005=CARTESIAN_POINT('',(7.075,-6.69999999999999,1.45));
#17006=CARTESIAN_POINT('',(4.87500000000001,-6.69999999999999,1.45));
#17007=CARTESIAN_POINT('',(4.87500000000001,-7.8,1.45));
#17008=CARTESIAN_POINT('',(4.87500000000001,-7.8,1.45));
#17009=CARTESIAN_POINT('',(7.075,-7.8,1.45));
#17010=CARTESIAN_POINT('',(7.075,-7.8,1.45));
#17011=MECHANICAL_DESIGN_GEOMETRIC_PRESENTATION_REPRESENTATION('',(#7411,
#7412,#7413,#7414,#7415,#7416,#7417,#7418,#7419,#7420,#7421,#7422,#7423,
#7424,#7425,#7426,#7427,#7428,#7429,#7430,#7431,#7432,#7433,#7434,#7435,
#7436,#7437,#7438,#7439,#7440,#7441,#7442,#7443,#7444,#7445,#7446,#7447,
#7448,#7449,#7450,#7451,#7452,#7453,#7454,#7455,#7456,#7457,#7458,#7459,
#7460,#7461,#7462,#7463,#7464,#7465,#7466,#7467,#7468,#7469,#7470,#7471,
#7472,#7473,#7474,#7475,#7476,#7477,#7478,#7479,#7480,#7481,#7482,#7483,
#7484,#7485,#7486,#7487,#7488,#7489,#7490,#7491,#7492,#7493,#7494,#7495,
#7496,#7497,#7498,#7499,#7500,#7501,#7502,#7503,#7504,#7505,#7506,#7507,
#7508,#7509,#7510,#7511,#7512,#7513,#7514,#7515,#7516,#7517,#7518,#7519,
#7520,#7521,#7522,#7523,#7524,#7525,#7526,#7527,#7528,#7529,#7530,#7531,
#7532,#7533,#7534,#7535,#7536,#7537,#7538,#7539,#7540,#7541,#7542,#7543,
#7544,#7545,#7546,#7547,#7548,#7549,#7550,#7551,#7552,#7553,#7554,#7555,
#7556,#7557,#7558,#7559,#7560,#7561,#7562,#7563,#7564,#7565,#7566,#7567,
#7568,#7569,#7570,#7571,#7572,#7573,#7574,#7575,#7576,#7577,#7578,#7579,
#7580,#7581,#7582,#7583,#7584,#7585,#7586,#7587,#7588,#7589,#7590,#7591,
#7592,#7593,#7594,#7595,#7596,#7597,#7598,#7599,#7600,#7601,#7602,#7603,
#7604,#7605,#7606,#7607,#7608,#7609,#7610,#7611,#7612,#7613,#7614,#7615,
#7616,#7617,#7618,#7619,#7620,#7621,#7622,#7623,#7624,#7625,#7626,#7627,
#7628,#7629,#7630,#7631,#7632,#7633,#7634,#7635,#7636,#7637,#7638,#7639,
#7640,#7641,#7642,#7643,#7644,#7645,#7646,#7647,#7648,#7649,#7650,#7651,
#7652,#7653,#7654,#7655,#7656,#7657,#7658,#7659,#7660,#7661,#7662,#7663,
#7664,#7665,#7666,#7667,#7668,#7669,#7670,#7671,#7672,#7673,#7674,#7675,
#7676,#7677,#7678,#7679,#7680,#7681,#7682,#7683,#7684,#7685,#7686,#7687,
#7688,#7689,#7690,#7691,#7692,#7693,#7694,#7695,#7696,#7697,#7698,#7699,
#7700,#7701,#7702,#7703,#7704,#7705,#7706,#7707,#7708,#7709,#7710,#7711,
#7712,#7713,#7714,#7715,#7716,#7717,#7718,#7719,#7720,#7721,#7722,#7723,
#7724,#7725,#7726,#7727,#7728,#7729,#7730,#7731,#7732,#7733,#7734,#7735,
#7736,#7737,#7738,#7739,#7740,#7741,#7742,#7743,#7744,#7745,#7746,#7747,
#7748,#7749,#7750,#7751,#7752,#7753,#7754,#7755,#7756,#7757,#7758,#7759,
#7760,#7761,#7762,#7763,#7764,#7765,#7766,#7767,#7768,#7769,#7770,#7771,
#7772,#7773,#7774,#7775,#7776,#7777,#7778,#7779,#7780,#7781,#7782,#7783,
#7784,#7785,#7786,#7787,#7788,#7789,#7790,#7791,#7792,#7793,#7794,#7795,
#7796,#7797,#7798,#7799,#7800,#7801,#7802,#7803,#7804,#7805,#7806,#7807,
#7808,#7809,#7810,#7811,#7812,#7813,#7814,#7815,#7816,#7817,#7818,#7819,
#7820,#7821,#7822,#7823,#7824),#17012);
#17012=(
GEOMETRIC_REPRESENTATION_CONTEXT(3)
GLOBAL_UNCERTAINTY_ASSIGNED_CONTEXT((#17013))
GLOBAL_UNIT_ASSIGNED_CONTEXT((#17016,#17015,#17014))
REPRESENTATION_CONTEXT('PCB TP_4056','TOP_LEVEL_ASSEMBLY_PART')
);
#17013=UNCERTAINTY_MEASURE_WITH_UNIT(LENGTH_MEASURE(0.005),#17016,
'DISTANCE_ACCURACY_VALUE','Maximum Tolerance applied to model');
#17014=(
NAMED_UNIT(*)
SI_UNIT($,.STERADIAN.)
SOLID_ANGLE_UNIT()
);
#17015=(
NAMED_UNIT(*)
PLANE_ANGLE_UNIT()
SI_UNIT($,.RADIAN.)
);
#17016=(
LENGTH_UNIT()
NAMED_UNIT(*)
SI_UNIT(.MILLI.,.METRE.)
);
#17017=PRODUCT_DEFINITION_SHAPE('','',#17018);
#17018=PRODUCT_DEFINITION('','',#17020,#17019);
#17019=PRODUCT_DEFINITION_CONTEXT('',#17026,'design');
#17020=PRODUCT_DEFINITION_FORMATION_WITH_SPECIFIED_SOURCE('','',#17022,
 .NOT_KNOWN.);
#17021=PRODUCT_RELATED_PRODUCT_CATEGORY('','',(#17022));
#17022=PRODUCT('PCB TP_4056','PCB TP_4056','PCB TP_4056',(#17024));
#17023=PRODUCT_CATEGORY('','');
#17024=PRODUCT_CONTEXT('',#17026,'mechanical');
#17025=APPLICATION_PROTOCOL_DEFINITION('international standard',
'automotive_design',2010,#17026);
#17026=APPLICATION_CONTEXT(
'core data for automotive mechanical design processes');
ENDSEC;
END-ISO-10303-21;
